tourney_id,tourney_name,surface,winner_name,loser_name,score,round,minutes,draw_size,tourney_level,tourney_date,match_num,winner_id,winner_seed,winner_entry,winner_hand,winner_ht,winner_ioc,winner_age,loser_id,loser_seed,loser_entry,loser_hand,loser_ht,loser_ioc,loser_age,best_of,winner_rank,winner_rank_points,loser_rank,loser_rank_points
2026-perth-sydney-0,perth-sydney,Hard,Belinda Bencic,Iga Swiatek,3-6 6-0 6-3,Final ,100,0,0,0,,0,0,0,R,185.0,UNK,25.5,0,0,0,R,185.0,UNK,25.5,,150.0,0.0,150.0,0.0
2026-perth-sydney-0,perth-sydney,Hard,Hubert Hurkacz,Stan Wawrinka,6-3 3-6 6-3,Final ,100,0,0,0,,0,0,0,R,196.0,POL,32.7,0,0,0,R,183.0,SUI,44.6,,53.0,930.0,125.0,518.0
2026-perth-sydney-0,perth-sydney,Hard,Coco Gauff,Iga Swiatek,6-4 6-2,Semifinals ,100,0,0,0,,0,0,0,R,185.0,UNK,25.5,0,0,0,R,185.0,UNK,25.5,,150.0,0.0,150.0,0.0
2026-perth-sydney-0,perth-sydney,Hard,Hubert Hurkacz,Taylor Fritz,7-6 7-1,Semifinals ,100,0,0,0,,0,0,0,R,196.0,POL,32.7,0,0,0,R,196.0,USA,32.0,,53.0,930.0,7.0,3770.0
2026-perth-sydney-0,perth-sydney,Hard,Belinda Bencic,Elise Mertens,6-3 4-6 7-6,Semifinals ,100,0,0,0,,0,0,0,R,185.0,UNK,25.5,0,0,0,R,185.0,UNK,25.5,,150.0,0.0,150.0,0.0
2026-perth-sydney-0,perth-sydney,Hard,Zizou Bergs,Stan Wawrinka,6-3 6-7 4-3,Semifinals ,100,0,0,0,,0,0,0,R,185.0,BEL,30.4,0,0,0,R,183.0,SUI,44.6,,39.0,1140.0,125.0,518.0
2026-perth-sydney-0,perth-sydney,Hard,Alex de Minaur,Hubert Hurkacz,6-4 4-6 6-4,Quarterfinals ,100,0,0,0,,0,0,0,R,185.0,UNK,25.5,0,0,0,R,196.0,POL,32.7,,150.0,0.0,53.0,930.0
2026-perth-sydney-0,perth-sydney,Hard,Iga Swiatek,Maya Joint,6-1 6-1,Quarterfinals ,100,0,0,0,,0,0,0,R,185.0,UNK,25.5,0,0,0,R,185.0,UNK,25.5,,150.0,0.0,150.0,0.0
2026-perth-sydney-0,perth-sydney,Hard,Zizou Bergs,Jakub Mensik,6-2 7-6,Quarterfinals ,100,0,0,0,,0,0,0,R,185.0,BEL,30.4,0,0,0,R,193.0,CZE,24.2,,39.0,1140.0,28.0,1600.0
2026-perth-sydney-0,perth-sydney,Hard,Elise Mertens,Barbora Krejcikova,5-7 6-1 7-5,Quarterfinals ,100,0,0,0,,0,0,0,R,185.0,UNK,25.5,0,0,0,R,185.0,UNK,25.5,,150.0,0.0,150.0,0.0
2026-perth-sydney-0,perth-sydney,Hard,Coco Gauff,Maria Sakkari,6-3 6-2,Quarterfinals ,100,0,0,0,,0,0,0,R,185.0,UNK,25.5,0,0,0,R,185.0,UNK,25.5,,150.0,0.0,150.0,0.0
2026-perth-sydney-0,perth-sydney,Hard,Stefanos Tsitsipas,Taylor Fritz,6-4 7-5,Quarterfinals ,100,0,0,0,,0,0,0,R,193.0,GRE,31.2,0,0,0,R,196.0,USA,32.0,,75.0,765.0,7.0,3770.0
2026-perth-sydney-0,perth-sydney,Hard,Sebastian Baez,Stan Wawrinka,7-5 6-4,Quarterfinals ,100,0,0,0,,0,0,0,R,170.0,ARG,28.8,0,0,0,R,183.0,SUI,44.6,,65.0,840.0,125.0,518.0
2026-perth-sydney-0,perth-sydney,Hard,Belinda Bencic,Solana Sierra,6-2 6-2,Quarterfinals ,100,0,0,0,,0,0,0,R,185.0,UNK,25.5,0,0,0,R,185.0,UNK,25.5,,150.0,0.0,150.0,0.0
2026-perth-sydney-0,perth-sydney,Hard,Hubert Hurkacz,Tallon Griekspoor,6-3 7-6,Round Robin Day 6 ,100,0,0,0,,0,0,0,R,196.0,POL,32.7,0,0,0,R,188.0,NED,33.3,,53.0,930.0,31.0,1360.0
2026-perth-sydney-0,perth-sydney,Hard,Iga Swiatek,Suzan Lamens,6-3 6-2,Round Robin Day 6 ,100,0,0,0,,0,0,0,R,185.0,UNK,25.5,0,0,0,R,185.0,UNK,25.5,,150.0,0.0,150.0,0.0
2026-perth-sydney-0,perth-sydney,Hard,Zizou Bergs,Felix Auger-Aliassime,6-4 6-2,Round Robin Day 5 ,100,0,0,0,,0,0,0,R,185.0,BEL,30.4,0,0,0,R,185.0,UNK,25.5,,39.0,1140.0,150.0,0.0
2026-perth-sydney-0,perth-sydney,Hard,Elise Mertens,Victoria Mboko,6-3 3-6 6-3,Round Robin Day 5 ,100,0,0,0,,0,0,0,R,185.0,UNK,25.5,0,0,0,R,185.0,UNK,25.5,,150.0,0.0,150.0,0.0
2026-perth-sydney-0,perth-sydney,Hard,Jasmine Paolini,Leolia Jeanjean,6-2 6-3,Round Robin Day 5 ,100,0,0,0,,0,0,0,R,185.0,UNK,25.5,0,0,0,R,185.0,UNK,25.5,,150.0,0.0,150.0,0.0
2026-perth-sydney-0,perth-sydney,Hard,Arthur Rinderknech,Flavio Cobolli,6-7 4-6 7-5 7-5,Round Robin Day 5 ,100,0,0,0,,0,0,0,R,196.0,FRA,34.2,0,0,0,R,183.0,ITA,27.4,,24.0,1736.0,12.0,2750.0
2026-perth-sydney-0,perth-sydney,Hard,Alex de Minaur,Jakub Mensik,6-4 6-1,Round Robin Day 5 ,100,0,0,0,,0,0,0,R,185.0,UNK,25.5,0,0,0,R,193.0,CZE,24.2,,150.0,0.0,28.0,1600.0
2026-perth-sydney-0,perth-sydney,Hard,Barbora Krejcikova,Maya Joint,6-4 6-1,Round Robin Day 5 ,100,0,0,0,,0,0,0,R,185.0,UNK,25.5,0,0,0,R,185.0,UNK,25.5,,150.0,0.0,150.0,0.0
2026-perth-sydney-0,perth-sydney,Hard,Jessica Bouzas Maneiro,Coco Gauff,6-1 6-7 3-0,Round Robin Day 4 ,100,0,0,0,,0,0,0,R,185.0,UNK,25.5,0,0,0,R,185.0,UNK,25.5,,150.0,0.0,150.0,0.0
2026-perth-sydney-0,perth-sydney,Hard,Taylor Fritz,Jaume Munar,7-6 3-4 7-6,Round Robin Day 4 ,100,0,0,0,,0,0,0,R,196.0,USA,32.0,0,0,0,R,183.0,ESP,32.4,,7.0,3770.0,38.0,1155.0
2026-perth-sydney-0,perth-sydney,Hard,Maria Sakkari,Emma Raducanu,6-3 3-6 6-1,Round Robin Day 4 ,100,0,0,0,,0,0,0,R,185.0,UNK,25.5,0,0,0,R,185.0,UNK,25.5,,150.0,0.0,150.0,0.0
2026-perth-sydney-0,perth-sydney,Hard,Stefanos Tsitsipas,Billy Harris,4-6 6-1 7-6,Round Robin Day 4 ,100,0,0,0,,0,0,0,R,193.0,GRE,31.2,0,0,0,R,193.0,GBR,34.6,,75.0,765.0,148.0,421.0
2026-perth-sydney-0,perth-sydney,Hard,Hubert Hurkacz,Alexander Zverev,6-3 6-4,Round Robin Day 4 ,100,0,0,0,,0,0,0,R,196.0,POL,32.7,0,0,0,R,198.0,GER,32.5,,53.0,930.0,3.0,5805.0
2026-perth-sydney-0,perth-sydney,Hard,Iga Swiatek,Eva Lys,3-6 6-3 6-4,Round Robin Day 4 ,100,0,0,0,,0,0,0,R,185.0,UNK,25.5,0,0,0,R,185.0,UNK,25.5,,150.0,0.0,150.0,0.0
2026-perth-sydney-0,perth-sydney,Hard,Barbora Krejcikova,Malene Helgo,6-4 6-3,Round Robin Day 4 ,100,0,0,0,,0,0,0,R,185.0,UNK,25.5,0,0,0,R,185.0,UNK,25.5,,150.0,0.0,150.0,0.0
2026-perth-sydney-0,perth-sydney,Hard,Jakub Mensik,Casper Ruud,7-5 7-6,Round Robin Day 4 ,100,0,0,0,,0,0,0,R,193.0,CZE,24.2,0,0,0,R,183.0,NOR,30.8,,28.0,1600.0,25.0,1735.0
2026-perth-sydney-0,perth-sydney,Hard,Felix Auger-Aliassime,Zhizhen Zhang,6-4 6-4,Round Robin Day 3 ,100,0,0,0,,0,0,0,R,185.0,UNK,25.5,0,0,0,R,193.0,CHN,33.0,,150.0,0.0,239.0,240.0
2026-perth-sydney-0,perth-sydney,Hard,Victoria Mboko,Lin Zhu,2-6 6-2 6-0,Round Robin Day 3 ,100,0,0,0,,0,0,0,R,185.0,UNK,25.5,0,0,0,R,185.0,UNK,25.5,,150.0,0.0,150.0,0.0
2026-perth-sydney-0,perth-sydney,Hard,Belinda Bencic,Jasmine Paolini,6-4 6-3,Round Robin Day 3 ,100,0,0,0,,0,0,0,R,185.0,UNK,25.5,0,0,0,R,185.0,UNK,25.5,,150.0,0.0,150.0,0.0
2026-perth-sydney-0,perth-sydney,Hard,Flavio Cobolli,Stan Wawrinka,6-4 6-7 2-6 7-4,Round Robin Day 3 ,100,0,0,0,,0,0,0,R,183.0,ITA,27.4,0,0,0,R,183.0,SUI,44.6,,12.0,2750.0,125.0,518.0
2026-perth-sydney-0,perth-sydney,Hard,Billy Harris,Shintaro Mochizuki,7-6 6-4,Round Robin Day 3 ,100,0,0,0,,0,0,0,R,193.0,GBR,34.6,0,0,0,R,175.0,JPN,26.3,,148.0,421.0,130.0,480.0
2026-perth-sydney-0,perth-sydney,Hard,Naomi Osaka,Katie Swan,7-6 6-4,Round Robin Day 3 ,100,0,0,0,,0,0,0,R,185.0,UNK,25.5,0,0,0,R,185.0,UNK,25.5,,150.0,0.0,150.0,0.0
2026-perth-sydney-0,perth-sydney,Hard,Eva Lys,Suzan Lamens,6-2 6-2,Round Robin Day 3 ,100,0,0,0,,0,0,0,R,185.0,UNK,25.5,0,0,0,R,185.0,UNK,25.5,,150.0,0.0,150.0,0.0
2026-perth-sydney-0,perth-sydney,Hard,Alexander Zverev,Tallon Griekspoor,7-5 6-0,Round Robin Day 3 ,100,0,0,0,,0,0,0,R,198.0,GER,32.5,0,0,0,R,188.0,NED,33.3,,3.0,5805.0,31.0,1360.0
2026-perth-sydney-0,perth-sydney,Hard,Sebastian Baez,Taylor Fritz,4-6 7-5 6-4,Round Robin Day 2 ,100,0,0,0,,0,0,0,R,170.0,ARG,28.8,0,0,0,R,196.0,USA,32.0,,65.0,840.0,7.0,3770.0
2026-perth-sydney-0,perth-sydney,Hard,Coco Gauff,Solana Sierra,6-1 6-1,Round Robin Day 2 ,100,0,0,0,,0,0,0,R,185.0,UNK,25.5,0,0,0,R,185.0,UNK,25.5,,150.0,0.0,150.0,0.0
2026-perth-sydney-0,perth-sydney,Hard,Storm Hunter,Malene Helgo,6-2 7-6,Round Robin Day 2 ,100,0,0,0,,0,0,0,R,185.0,UNK,25.5,0,0,0,R,185.0,UNK,25.5,,150.0,0.0,150.0,0.0
2026-perth-sydney-0,perth-sydney,Hard,Casper Ruud,Alex de Minaur,6-3 6-3,Round Robin Day 2 ,100,0,0,0,,0,0,0,R,183.0,NOR,30.8,0,0,0,R,185.0,UNK,25.5,,25.0,1735.0,150.0,0.0
2026-perth-sydney-0,perth-sydney,Hard,Elise Mertens,Lin Zhu,6-2 6-2,Round Robin Day 2 ,100,0,0,0,,0,0,0,R,185.0,UNK,25.5,0,0,0,R,185.0,UNK,25.5,,150.0,0.0,150.0,0.0
2026-perth-sydney-0,perth-sydney,Hard,Zhizhen Zhang,Zizou Bergs,6-7 2-6 7-3 7-5,Round Robin Day 2 ,100,0,0,0,,0,0,0,R,193.0,CHN,33.0,0,0,0,R,185.0,BEL,30.4,,239.0,240.0,39.0,1140.0
2026-perth-sydney-0,perth-sydney,Hard,Belinda Bencic,Leolia Jeanjean,6-2 6-4,Round Robin Day 2 ,100,0,0,0,,0,0,0,R,185.0,UNK,25.5,0,0,0,R,185.0,UNK,25.5,,150.0,0.0,150.0,0.0
2026-perth-sydney-0,perth-sydney,Hard,Stan Wawrinka,Arthur Rinderknech,5-7 7-6 7-5,Round Robin Day 2 ,100,0,0,0,,0,0,0,R,183.0,SUI,44.6,0,0,0,R,196.0,FRA,34.2,,125.0,518.0,24.0,1736.0
2026-perth-sydney-0,perth-sydney,Hard,Sebastian Baez,Jaume Munar,6-4 6-4,Round Robin ,100,0,0,0,,0,0,0,R,170.0,ARG,28.8,0,0,0,R,183.0,ESP,32.4,,65.0,840.0,38.0,1155.0
2026-perth-sydney-0,perth-sydney,Hard,Solana Sierra,Jessica Bouzas Maneiro,6-4 5-7 6-0,Round Robin ,100,0,0,0,,0,0,0,R,185.0,UNK,25.5,0,0,0,R,185.0,UNK,25.5,,150.0,0.0,150.0,0.0
2026-perth-sydney-0,perth-sydney,Hard,Maria Sakkari,Naomi Osaka,6-4 6-2,Round Robin ,100,0,0,0,,0,0,0,R,185.0,UNK,25.5,0,0,0,R,185.0,UNK,25.5,,150.0,0.0,150.0,0.0
2026-perth-sydney-0,perth-sydney,Hard,Stefanos Tsitsipas,Shintaro Mochizuki,6-3 6-4,Round Robin ,100,0,0,0,,0,0,0,R,193.0,GRE,31.2,0,0,0,R,175.0,JPN,26.3,,75.0,765.0,130.0,480.0
2026-brisbane-1,brisbane,Hard,Daniil Medvedev,Brandon Nakashima,6-2 7-6,Final ,100,0,0,0,,0,0,0,R,198.0,RUS,33.7,0,0,0,R,188.0,USA,28.2,,9.0,3460.0,32.0,1295.0
2026-brisbane-1,brisbane,Hard,Daniil Medvedev,Alex Michelsen,6-4 6-2,Semifinals ,100,0,0,0,,0,0,0,R,198.0,RUS,33.7,0,0,0,R,193.0,USA,25.3,,9.0,3460.0,42.0,1090.0
2026-brisbane-1,brisbane,Hard,Brandon Nakashima,Aleksandar Kovacevic,7-6 6-4,Semifinals ,100,0,0,0,,0,0,0,R,188.0,USA,28.2,0,0,0,R,183.0,USA,31.1,,32.0,1295.0,95.0,639.0
2026-brisbane-1,brisbane,Hard,Daniil Medvedev,Kamil Majchrzak,6-7 4-3 6-2,Quarterfinals ,100,0,0,0,,0,0,0,R,198.0,RUS,33.7,0,0,0,R,180.0,POL,33.6,,9.0,3460.0,76.0,747.0
2026-brisbane-1,brisbane,Hard,Aleksandar Kovacevic,Giovanni Mpetshi Perricard,7-6 4-3 6-6,Quarterfinals ,100,0,0,0,,0,0,0,R,183.0,USA,31.1,0,0,0,R,203.0,FRA,26.3,,95.0,639.0,58.0,880.0
2026-brisbane-1,brisbane,Hard,Alex Michelsen,Sebastian Korda,6-3 7-6,Quarterfinals ,100,0,0,0,,0,0,0,R,193.0,USA,25.3,0,0,0,R,196.0,USA,29.1,,42.0,1090.0,43.0,1050.0
2026-brisbane-1,brisbane,Hard,Brandon Nakashima,Raphael Collignon,6-3 6-3,Quarterfinals ,100,0,0,0,,0,0,0,R,188.0,USA,28.2,0,0,0,R,191.0,BEL,27.7,,32.0,1295.0,68.0,802.0
2026-brisbane-1,brisbane,Hard,Aleksandar Kovacevic,Cameron Norrie,7-6 4-4 6-6,Round of 16 ,100,0,0,0,,0,0,0,R,183.0,USA,31.1,0,0,0,R,188.0,GBR,34.2,,95.0,639.0,19.0,1918.0
2026-brisbane-1,brisbane,Hard,Raphael Collignon,Grigor Dimitrov,7-6 6-1,Round of 16 ,100,0,0,0,,0,0,0,R,191.0,BEL,27.7,0,0,0,R,191.0,BUL,38.4,,68.0,802.0,170.0,365.0
2026-brisbane-1,brisbane,Hard,Giovanni Mpetshi Perricard,Rinky Hijikata,4-6 7-6 7-5,Round of 16 ,100,0,0,0,,0,0,0,R,203.0,FRA,26.3,0,0,0,R,178.0,AUS,28.6,,58.0,880.0,96.0,637.0
2026-brisbane-1,brisbane,Hard,Brandon Nakashima,Quentin Halys,6-2 6-4,Round of 16 ,100,0,0,0,,0,0,0,R,188.0,USA,28.2,0,0,0,R,191.0,FRA,33.0,,32.0,1295.0,93.0,653.0
2026-brisbane-1,brisbane,Hard,Daniil Medvedev,Frances Tiafoe,6-3 6-2,Round of 16 ,100,0,0,0,,0,0,0,R,198.0,RUS,33.7,0,0,0,R,188.0,USA,31.7,,9.0,3460.0,22.0,1865.0
2026-brisbane-1,brisbane,Hard,Sebastian Korda,Jiri Lehecka,6-3 1-2,Round of 16 ,100,0,0,0,,0,0,0,R,196.0,USA,29.1,0,0,0,R,185.0,CZE,27.9,,43.0,1050.0,13.0,2715.0
2026-brisbane-1,brisbane,Hard,Alex Michelsen,Learner Tien,6-4 6-2,Round of 16 ,100,0,0,0,,0,0,0,R,193.0,USA,25.3,0,0,0,R,180.0,USA,24.0,,42.0,1090.0,21.0,1870.0
2026-brisbane-1,brisbane,Hard,Kamil Majchrzak,Reilly Opelka,6-7 2-6 7-7 7-6,Round of 16 ,100,0,0,0,,0,0,0,R,180.0,POL,33.6,0,0,0,R,211.0,USA,32.0,,76.0,747.0,74.0,768.0
2026-brisbane-1,brisbane,Hard,Brandon Nakashima,Alejandro Davidovich Fokina,7-6 6-4,Round of 32 ,100,0,0,0,,0,0,0,R,188.0,USA,28.2,0,0,0,R,183.0,ESP,30.3,,32.0,1295.0,23.0,1820.0
2026-brisbane-1,brisbane,Hard,Giovanni Mpetshi Perricard,Tommy Paul,7-6 3-2 7-6,Round of 32 ,100,0,0,0,,0,0,0,R,203.0,FRA,26.3,0,0,0,R,185.0,USA,32.4,,58.0,880.0,18.0,1975.0
2026-brisbane-1,brisbane,Hard,Raphael Collignon,Denis Shapovalov,6-4 6-2,Round of 32 ,100,0,0,0,,0,0,0,R,191.0,BEL,27.7,0,0,0,R,185.0,CAN,30.5,,68.0,802.0,37.0,1170.0
2026-brisbane-1,brisbane,Hard,Cameron Norrie,Ugo Humbert,1-6 7-6 7-6,Round of 32 ,100,0,0,0,,0,0,0,R,188.0,GBR,34.2,0,0,0,R,188.0,FRA,31.3,,19.0,1918.0,33.0,1280.0
2026-brisbane-1,brisbane,Hard,Grigor Dimitrov,Pablo Carreno Busta,6-3 6-2,Round of 32 ,100,0,0,0,,0,0,0,R,191.0,BUL,38.4,0,0,0,R,188.0,ESP,38.2,,170.0,365.0,91.0,663.0
2026-brisbane-1,brisbane,Hard,Rinky Hijikata,Adam Walton,6-3 6-2,Round of 32 ,100,0,0,0,,0,0,0,R,178.0,AUS,28.6,0,0,0,R,183.0,AUS,30.4,,96.0,637.0,103.0,608.0
2026-brisbane-1,brisbane,Hard,Aleksandar Kovacevic,Nick Kyrgios,6-3 6-4,Round of 32 ,100,0,0,0,,0,0,0,R,183.0,USA,31.1,0,0,0,R,193.0,AUS,33.1,,95.0,639.0,25.0,0.0
2026-brisbane-1,brisbane,Hard,Daniil Medvedev,Marton Fucsovics,6-2 6-3,Round of 32 ,100,0,0,0,,0,0,0,R,198.0,RUS,33.7,0,0,0,R,188.0,HUN,37.7,,9.0,3460.0,57.0,884.0
2026-brisbane-1,brisbane,Hard,Jiri Lehecka,Tomas Machac,6-4 6-7 5-2,Round of 32 ,100,0,0,0,,0,0,0,R,185.0,CZE,27.9,0,0,0,R,183.0,CZE,29.0,,13.0,2715.0,41.0,1100.0
2026-brisbane-1,brisbane,Hard,Quentin Halys,Alexei Popyrin,5-7 6-3 6-4,Round of 32 ,100,0,0,0,,0,0,0,R,191.0,FRA,33.0,0,0,0,R,196.0,AUS,30.2,,93.0,653.0,60.0,870.0
2026-brisbane-1,brisbane,Hard,Sebastian Korda,Valentin Vacherot,7-6 6-1,Round of 32 ,100,0,0,0,,0,0,0,R,196.0,USA,29.1,0,0,0,R,193.0,MON,30.5,,43.0,1050.0,16.0,2147.0
2026-brisbane-1,brisbane,Hard,Kamil Majchrzak,Daniel Altmaier,7-6 6-4,Round of 32 ,100,0,0,0,,0,0,0,R,180.0,POL,33.6,0,0,0,R,188.0,GER,31.1,,76.0,747.0,64.0,860.0
2026-brisbane-1,brisbane,Hard,Alex Michelsen,James Duckworth,6-7 4-6 7-2 6-3,Round of 32 ,100,0,0,0,,0,0,0,R,193.0,USA,25.3,0,0,0,R,183.0,AUS,37.7,,42.0,1090.0,81.0,722.0
2026-brisbane-1,brisbane,Hard,Reilly Opelka,Dane Sweeny,6-3 7-5,Round of 32 ,100,0,0,0,,0,0,0,R,211.0,USA,32.0,0,0,0,R,170.0,AUS,27.9,,74.0,768.0,135.0,462.0
2026-brisbane-1,brisbane,Hard,Learner Tien,Camilo Ugo Carabelli,7-6 6-4,Round of 32 ,100,0,0,0,,0,0,0,R,180.0,USA,24.0,0,0,0,R,185.0,ARG,30.1,,21.0,1870.0,61.0,865.0
2026-brisbane-1,brisbane,Hard,Frances Tiafoe,Aleksandar Vukic,6-2 6-2,Round of 32 ,100,0,0,0,,0,0,0,R,188.0,USA,31.7,0,0,0,R,188.0,AUS,33.5,,22.0,1865.0,99.0,626.0
2026-brisbane-1,brisbane,Hard,Rinky Hijikata,Matteo Arnaldi,,2nd Round Qualifying ,100,0,0,0,,0,0,0,R,178.0,AUS,28.6,0,0,0,R,185.0,ITA,28.6,,96.0,637.0,106.0,596.0
2026-brisbane-1,brisbane,Hard,Quentin Halys,Kamil Majchrzak,1-6 7-6 6-5,2nd Round Qualifying ,100,0,0,0,,0,0,0,R,191.0,FRA,33.0,0,0,0,R,180.0,POL,33.6,,93.0,653.0,76.0,747.0
2026-brisbane-1,brisbane,Hard,James Duckworth,Terence Atmane,7-6 6-4,2nd Round Qualifying ,100,0,0,0,,0,0,0,R,183.0,AUS,37.7,0,0,0,R,193.0,FRA,27.7,,81.0,722.0,51.0,958.0
2026-brisbane-1,brisbane,Hard,Pablo Carreno Busta,Arthur Cazaux,5-3,2nd Round Qualifying ,100,0,0,0,,0,0,0,R,188.0,ESP,38.2,0,0,0,R,183.0,FRA,27.1,,91.0,663.0,73.0,770.0
2026-brisbane-1,brisbane,Hard,Raphael Collignon,Ethan Quinn,7-5 6-3,2nd Round Qualifying ,100,0,0,0,,0,0,0,R,191.0,BEL,27.7,0,0,0,R,191.0,USA,25.3,,68.0,802.0,48.0,977.0
2026-brisbane-1,brisbane,Hard,Dane Sweeny,Christopher O'Connell,6-7 4-3 6-4,2nd Round Qualifying ,100,0,0,0,,0,0,0,R,170.0,AUS,27.9,0,0,0,R,185.0,UNK,25.5,,135.0,462.0,150.0,413.0
2026-brisbane-1,brisbane,Hard,Matteo Arnaldi,Hugo Gaston,6-1 5-7 7-6,1st Round Qualifying ,100,0,0,0,,0,0,0,R,185.0,ITA,28.6,0,0,0,R,173.0,FRA,29.1,,106.0,596.0,118.0,535.0
2026-brisbane-1,brisbane,Hard,Kamil Majchrzak,Cruz Hewitt,6-4 7-5,1st Round Qualifying ,100,0,0,0,,0,0,0,R,180.0,POL,33.6,0,0,0,R,185.0,UNK,25.5,,76.0,747.0,150.0,0.0
2026-brisbane-1,brisbane,Hard,Terence Atmane,Yannick Hanfmann,6-4 7-6,1st Round Qualifying ,100,0,0,0,,0,0,0,R,193.0,FRA,27.7,0,0,0,R,193.0,GER,37.8,,51.0,958.0,59.0,879.0
2026-brisbane-1,brisbane,Hard,Arthur Cazaux,Martin Landaluce,6-3 6-2,1st Round Qualifying ,100,0,0,0,,0,0,0,R,183.0,FRA,27.1,0,0,0,R,191.0,ESP,23.2,,73.0,770.0,94.0,639.0
2026-brisbane-1,brisbane,Hard,Ethan Quinn,Benjamin Bonzi,4-6 6-3 6-3,1st Round Qualifying ,100,0,0,0,,0,0,0,R,191.0,USA,25.3,0,0,0,R,183.0,FRA,33.4,,48.0,977.0,101.0,616.0
2026-brisbane-1,brisbane,Hard,Dane Sweeny,Jacob Fearnley,6-1 7-6,1st Round Qualifying ,100,0,0,0,,0,0,0,R,170.0,AUS,27.9,0,0,0,R,183.0,GBR,28.2,,135.0,462.0,123.0,523.0
2026-brisbane-1,brisbane,Hard,Pablo Carreno Busta,Mattia Bellucci,6-4 2-6 7-6,1st Round Qualifying ,100,0,0,0,,0,0,0,R,188.0,ESP,38.2,0,0,0,R,175.0,ITA,28.3,,91.0,663.0,80.0,737.0
2026-brisbane-1,brisbane,Hard,Rinky Hijikata,Filip Misolic,6-3 6-3,1st Round Qualifying ,100,0,0,0,,0,0,0,R,178.0,AUS,28.6,0,0,0,R,180.0,AUT,27.9,,96.0,637.0,111.0,576.0
2026-brisbane-1,brisbane,Hard,Raphael Collignon,Alexander Shevchenko,7-5 6-4,1st Round Qualifying ,100,0,0,0,,0,0,0,R,191.0,BEL,27.7,0,0,0,R,185.0,KAZ,28.9,,68.0,802.0,92.0,0.0
2026-brisbane-1,brisbane,Hard,James Duckworth,Tristan Schoolkate,6-3 6-2,1st Round Qualifying ,100,0,0,0,,0,0,0,R,183.0,AUS,37.7,0,0,0,R,183.0,AUS,28.4,,81.0,722.0,126.0,512.0
2026-brisbane-1,brisbane,Hard,Quentin Halys,Eliot Spizzirri,6-4 6-3,1st Round Qualifying ,100,0,0,0,,0,0,0,R,191.0,FRA,33.0,0,0,0,R,183.0,USA,27.6,,93.0,653.0,92.0,660.0
2026-brisbane-1,brisbane,Hard,Christopher O'Connell,Nikoloz Basilashvili,6-2 6-3,1st Round Qualifying ,100,0,0,0,,0,0,0,R,185.0,UNK,25.5,0,0,0,R,185.0,GEO,36.0,,150.0,413.0,117.0,539.0
2026-hong-kong-2,hong-kong,Hard,Alexander Bublik,Lorenzo Musetti,7-6 6-2,Final ,100,0,0,0,,0,0,0,R,196.0,KAZ,32.3,0,0,0,R,185.0,ITA,27.7,,11.0,3355.0,10.0,3415.0
2026-hong-kong-2,hong-kong,Hard,Lorenzo Musetti,Andrey Rublev,6-7 3-5 7-4,Semifinals ,100,0,0,0,,0,0,0,R,185.0,ITA,27.7,0,0,0,R,188.0,RUS,32.0,,10.0,3415.0,14.0,2590.0
2026-hong-kong-2,hong-kong,Hard,Alexander Bublik,Marcos Giron,3-6 6-4 6-2,Semifinals ,100,0,0,0,,0,0,0,R,196.0,KAZ,32.3,0,0,0,R,180.0,USA,36.2,,11.0,3355.0,77.0,745.0
2026-hong-kong-2,hong-kong,Hard,Lorenzo Musetti,Coleman Wong,6-4 6-4,Quarterfinals ,100,0,0,0,,0,0,0,R,185.0,ITA,27.7,0,0,0,R,191.0,HKG,25.3,,10.0,3415.0,110.0,583.0
2026-hong-kong-2,hong-kong,Hard,Alexander Bublik,Juncheng Shang,6-1 7-6,Quarterfinals ,100,0,0,0,,0,0,0,R,196.0,KAZ,32.3,0,0,0,R,180.0,CHN,24.8,,11.0,3355.0,261.0,205.0
2026-hong-kong-2,hong-kong,Hard,Andrey Rublev,Nuno Borges,6-3 6-4,Quarterfinals ,100,0,0,0,,0,0,0,R,188.0,RUS,32.0,0,0,0,R,185.0,POR,32.7,,14.0,2590.0,52.0,950.0
2026-hong-kong-2,hong-kong,Hard,Marcos Giron,Michael Mmoh,6-3 1-0,Quarterfinals ,100,0,0,0,,0,0,0,R,180.0,USA,36.2,0,0,0,R,188.0,USA,31.2,,77.0,745.0,218.0,265.0
2026-hong-kong-2,hong-kong,Hard,Alexander Bublik,Botic van de Zandschulp,6-3 6-3,Round of 16 ,100,0,0,0,,0,0,0,R,196.0,KAZ,32.3,0,0,0,R,185.0,UNK,25.5,,11.0,3355.0,150.0,0.0
2026-hong-kong-2,hong-kong,Hard,Michael Mmoh,Karen Khachanov,7-6 7-2,Round of 16 ,100,0,0,0,,0,0,0,R,188.0,USA,31.2,0,0,0,R,198.0,RUS,33.4,,218.0,265.0,15.0,2220.0
2026-hong-kong-2,hong-kong,Hard,Juncheng Shang,Lorenzo Sonego,6-3 6-4,Round of 16 ,100,0,0,0,,0,0,0,R,180.0,CHN,24.8,0,0,0,R,191.0,ITA,34.4,,261.0,205.0,66.0,830.0
2026-hong-kong-2,hong-kong,Hard,Marcos Giron,Alexandre Muller,6-4 7-6,Round of 16 ,100,0,0,0,,0,0,0,R,180.0,USA,36.2,0,0,0,R,183.0,FRA,32.7,,77.0,745.0,105.0,601.0
2026-hong-kong-2,hong-kong,Hard,Lorenzo Musetti,Tomas Martin Etcheverry,6-7 3-2 6-4,Round of 16 ,100,0,0,0,,0,0,0,R,185.0,ITA,27.7,0,0,0,R,196.0,ARG,30.3,,10.0,3415.0,26.0,1660.0
2026-hong-kong-2,hong-kong,Hard,Andrey Rublev,Yibing Wu,3-6 6-2 6-1,Round of 16 ,100,0,0,0,,0,0,0,R,188.0,RUS,32.0,0,0,0,R,183.0,CHN,29.9,,14.0,2590.0,88.0,669.0
2026-hong-kong-2,hong-kong,Hard,Coleman Wong,Gabriel Diallo,1-6 7-5 7-5,Round of 16 ,100,0,0,0,,0,0,0,R,191.0,HKG,25.3,0,0,0,R,203.0,CAN,28.1,,110.0,583.0,46.0,1000.0
2026-hong-kong-2,hong-kong,Hard,Nuno Borges,Marin Cilic,7-5 6-3,Round of 16 ,100,0,0,0,,0,0,0,R,185.0,POR,32.7,0,0,0,R,198.0,CRO,41.1,,52.0,950.0,47.0,980.0
2026-hong-kong-2,hong-kong,Hard,Lorenzo Sonego,Rei Sakamoto,6-2 7-6,Round of 32 ,100,0,0,0,,0,0,0,R,191.0,ITA,34.4,0,0,0,R,185.0,UNK,25.5,,66.0,830.0,156.0,392.0
2026-hong-kong-2,hong-kong,Hard,Gabriel Diallo,Jesper de Jong,6-4 7-6,Round of 32 ,100,0,0,0,,0,0,0,R,203.0,CAN,28.1,0,0,0,R,185.0,UNK,25.5,,46.0,1000.0,150.0,0.0
2026-hong-kong-2,hong-kong,Hard,Alexandre Muller,Miomir Kecmanovic,7-5 6-4,Round of 32 ,100,0,0,0,,0,0,0,R,183.0,FRA,32.7,0,0,0,R,183.0,SRB,30.1,,105.0,601.0,70.0,795.0
2026-hong-kong-2,hong-kong,Hard,Tomas Martin Etcheverry,Valentin Royer,6-4 7-5,Round of 32 ,100,0,0,0,,0,0,0,R,196.0,ARG,30.3,0,0,0,R,185.0,UNK,25.5,,26.0,1660.0,71.0,788.0
2026-hong-kong-2,hong-kong,Hard,Marcos Giron,Laslo Djere,6-2 6-0,Round of 32 ,100,0,0,0,,0,0,0,R,180.0,USA,36.2,0,0,0,R,188.0,SRB,34.4,,77.0,745.0,279.0,187.0
2026-hong-kong-2,hong-kong,Hard,Michael Mmoh,Alejandro Tabilo,7-5 6-4,Round of 32 ,100,0,0,0,,0,0,0,R,188.0,USA,31.2,0,0,0,R,188.0,CHI,32.4,,218.0,265.0,35.0,1248.0
2026-hong-kong-2,hong-kong,Hard,Juncheng Shang,Francisco Comesana,6-4 6-4,Round of 32 ,100,0,0,0,,0,0,0,R,180.0,CHN,24.8,0,0,0,R,178.0,ARG,28.8,,261.0,205.0,114.0,570.0
2026-hong-kong-2,hong-kong,Hard,Botic van de Zandschulp,Jan-Lennard Struff,6-3 1-6 6-1,Round of 32 ,100,0,0,0,,0,0,0,R,185.0,UNK,25.5,0,0,0,R,185.0,UNK,25.5,,150.0,0.0,150.0,0.0
2026-hong-kong-2,hong-kong,Hard,Coleman Wong,Mariano Navone,6-3 7-5,Round of 32 ,100,0,0,0,,0,0,0,R,191.0,HKG,25.3,0,0,0,R,178.0,ARG,28.6,,110.0,583.0,44.0,1046.0
2026-hong-kong-2,hong-kong,Hard,Nuno Borges,Damir Dzumhur,6-4 6-3,Round of 32 ,100,0,0,0,,0,0,0,R,185.0,POR,32.7,0,0,0,R,175.0,BIH,37.4,,52.0,950.0,87.0,674.0
2026-hong-kong-2,hong-kong,Hard,Marin Cilic,Adrian Mannarino,6-3 6-2,Round of 32 ,100,0,0,0,,0,0,0,R,198.0,CRO,41.1,0,0,0,R,180.0,FRA,41.3,,47.0,980.0,45.0,1035.0
2026-hong-kong-2,hong-kong,Hard,Yibing Wu,Fabian Marozsan,6-4 6-2,Round of 32 ,100,0,0,0,,0,0,0,R,183.0,CHN,29.9,0,0,0,R,193.0,HUN,30.0,,88.0,669.0,49.0,975.0
2026-hong-kong-2,hong-kong,Hard,Alejandro Tabilo,Yi Zhou,4-6 6-4 6-3,2nd Round Qualifying ,100,0,0,0,,0,0,0,R,188.0,CHI,32.4,0,0,0,R,193.0,CHN,24.5,,35.0,1248.0,220.0,263.0
2026-hong-kong-2,hong-kong,Hard,Jan-Lennard Struff,Nishesh Basavareddy,7-6 6-5,2nd Round Qualifying ,100,0,0,0,,0,0,0,R,185.0,UNK,25.5,0,0,0,R,180.0,USA,24.6,,150.0,0.0,154.0,393.0
2026-hong-kong-2,hong-kong,Hard,Laslo Djere,Emilio Nava,7-5 7-6,2nd Round Qualifying ,100,0,0,0,,0,0,0,R,188.0,SRB,34.4,0,0,0,R,185.0,USA,27.6,,279.0,187.0,108.0,594.0
2026-hong-kong-2,hong-kong,Hard,Michael Mmoh,Patrick Kypson,6-2 3-6 6-4,2nd Round Qualifying ,100,0,0,0,,0,0,0,R,188.0,USA,31.2,0,0,0,R,188.0,USA,29.4,,218.0,265.0,89.0,669.0
2026-hong-kong-2,hong-kong,Hard,Michael Mmoh,Cristian Garin,3-6 6-3 7-5,1st Round Qualifying ,100,0,0,0,,0,0,0,R,188.0,USA,31.2,0,0,0,R,185.0,CHI,33.2,,218.0,265.0,104.0,602.0
2026-hong-kong-2,hong-kong,Hard,Alejandro Tabilo,Luca Van Assche,7-6 3-3 6-6,1st Round Qualifying ,100,0,0,0,,0,0,0,R,188.0,CHI,32.4,0,0,0,R,178.0,FRA,25.5,,35.0,1248.0,97.0,636.0
2026-hong-kong-2,hong-kong,Hard,Jan-Lennard Struff,Zsombor Piros,7-5 7-6,1st Round Qualifying ,100,0,0,0,,0,0,0,R,185.0,UNK,25.5,0,0,0,R,180.0,HUN,29.9,,150.0,0.0,163.0,373.0
2026-hong-kong-2,hong-kong,Hard,Emilio Nava,Kai Thompson,6-3 6-2,1st Round Qualifying ,100,0,0,0,,0,0,0,R,185.0,USA,27.6,0,0,0,R,185.0,UNK,25.5,,108.0,594.0,150.0,0.0
2026-hong-kong-2,hong-kong,Hard,Laslo Djere,Elias Ymer,6-4 7-6,1st Round Qualifying ,100,0,0,0,,0,0,0,R,188.0,SRB,34.4,0,0,0,R,185.0,SWE,33.5,,279.0,187.0,176.0,349.0
2026-hong-kong-2,hong-kong,Hard,Patrick Kypson,Vitaliy Sachko,6-2 6-3,1st Round Qualifying ,100,0,0,0,,0,0,0,R,188.0,USA,29.4,0,0,0,R,188.0,UKR,32.1,,89.0,669.0,193.0,305.0
2026-hong-kong-2,hong-kong,Hard,Nishesh Basavareddy,Yunchaokete Bu,7-6 6-9,1st Round Qualifying ,100,0,0,0,,0,0,0,R,180.0,USA,24.6,0,0,0,R,185.0,UNK,25.5,,154.0,393.0,152.0,408.0
2026-hong-kong-2,hong-kong,Hard,Yi Zhou,Francesco Maestrelli,6-0 6-3,1st Round Qualifying ,100,0,0,0,,0,0,0,R,193.0,CHN,24.5,0,0,0,R,196.0,ITA,24.8,,220.0,263.0,112.0,575.0
2026-adelaide-3,adelaide,Hard,Tomas Machac,Ugo Humbert,6-4 6-7 2-2,Final ,100,0,0,0,,0,0,0,R,183.0,CZE,29.0,0,0,0,R,188.0,FRA,31.3,,41.0,1100.0,33.0,1280.0
2026-adelaide-3,adelaide,Hard,Ugo Humbert,Alejandro Davidovich Fokina,6-3 5-7 7-6,Semifinals ,100,0,0,0,,0,0,0,R,188.0,FRA,31.3,0,0,0,R,183.0,ESP,30.3,,33.0,1280.0,23.0,1820.0
2026-adelaide-3,adelaide,Hard,Tomas Machac,Tommy Paul,2-6 6-3 6-3,Semifinals ,100,0,0,0,,0,0,0,R,183.0,CZE,29.0,0,0,0,R,185.0,USA,32.4,,41.0,1100.0,18.0,1975.0
2026-adelaide-3,adelaide,Hard,Alejandro Davidovich Fokina,Valentin Vacherot,7-6 6-4,Quarterfinals ,100,0,0,0,,0,0,0,R,183.0,ESP,30.3,0,0,0,R,193.0,MON,30.5,,23.0,1820.0,16.0,2147.0
2026-adelaide-3,adelaide,Hard,Tommy Paul,Aleksandar Vukic,6-3 6-2,Quarterfinals ,100,0,0,0,,0,0,0,R,185.0,USA,32.4,0,0,0,R,188.0,AUS,33.5,,18.0,1975.0,99.0,626.0
2026-adelaide-3,adelaide,Hard,Tomas Machac,Jaume Munar,6-4 6-4,Quarterfinals ,100,0,0,0,,0,0,0,R,183.0,CZE,29.0,0,0,0,R,183.0,ESP,32.4,,41.0,1100.0,38.0,1155.0
2026-adelaide-3,adelaide,Hard,Ugo Humbert,Alexander Shevchenko,6-0 6-3,Quarterfinals ,100,0,0,0,,0,0,0,R,188.0,FRA,31.3,0,0,0,R,185.0,KAZ,28.9,,33.0,1280.0,92.0,0.0
2026-adelaide-3,adelaide,Hard,Alejandro Davidovich Fokina,Rinky Hijikata,6-3 6-2,Round of 16 ,100,0,0,0,,0,0,0,R,183.0,ESP,30.3,0,0,0,R,178.0,AUS,28.6,,23.0,1820.0,96.0,637.0
2026-adelaide-3,adelaide,Hard,Tommy Paul,Reilly Opelka,6-4 6-4,Round of 16 ,100,0,0,0,,0,0,0,R,185.0,USA,32.4,0,0,0,R,211.0,USA,32.0,,18.0,1975.0,74.0,768.0
2026-adelaide-3,adelaide,Hard,Jaume Munar,Francisco Cerundolo,3-6 7-5 6-4,Round of 16 ,100,0,0,0,,0,0,0,R,183.0,ESP,32.4,0,0,0,R,185.0,ARG,31.2,,38.0,1155.0,27.0,1620.0
2026-adelaide-3,adelaide,Hard,Ugo Humbert,Tallon Griekspoor,6-4 6-1,Round of 16 ,100,0,0,0,,0,0,0,R,188.0,FRA,31.3,0,0,0,R,188.0,NED,33.3,,33.0,1280.0,31.0,1360.0
2026-adelaide-3,adelaide,Hard,Valentin Vacherot,Thanasi Kokkinakis,,Round of 16 ,100,0,0,0,,0,0,0,R,193.0,MON,30.5,0,0,0,R,193.0,AUS,33.6,,16.0,2147.0,77.0,0.0
2026-adelaide-3,adelaide,Hard,Tomas Machac,Quentin Halys,6-4 6-2,Round of 16 ,100,0,0,0,,0,0,0,R,183.0,CZE,29.0,0,0,0,R,191.0,FRA,33.0,,41.0,1100.0,93.0,653.0
2026-adelaide-3,adelaide,Hard,Alexander Shevchenko,Marton Fucsovics,6-3 7-6,Round of 16 ,100,0,0,0,,0,0,0,R,185.0,KAZ,28.9,0,0,0,R,188.0,HUN,37.7,,92.0,0.0,57.0,884.0
2026-adelaide-3,adelaide,Hard,Aleksandar Vukic,Andrea Vavassori,6-2 7-6,Round of 16 ,100,0,0,0,,0,0,0,R,188.0,AUS,33.5,0,0,0,R,193.0,ITA,34.2,,99.0,626.0,206.0,0.0
2026-adelaide-3,adelaide,Hard,Aleksandar Vukic,Stefanos Tsitsipas,7-6 7-3,Round of 32 ,100,0,0,0,,0,0,0,R,188.0,AUS,33.5,0,0,0,R,193.0,GRE,31.2,,99.0,626.0,75.0,765.0
2026-adelaide-3,adelaide,Hard,Tomas Machac,James Duckworth,6-3 6-3,Round of 32 ,100,0,0,0,,0,0,0,R,183.0,CZE,29.0,0,0,0,R,183.0,AUS,37.7,,41.0,1100.0,81.0,722.0
2026-adelaide-3,adelaide,Hard,Marton Fucsovics,Ethan Quinn,6-4 6-4,Round of 32 ,100,0,0,0,,0,0,0,R,188.0,HUN,37.7,0,0,0,R,191.0,USA,25.3,,57.0,884.0,48.0,977.0
2026-adelaide-3,adelaide,Hard,Quentin Halys,Jacob Fearnley,6-3 6-4,Round of 32 ,100,0,0,0,,0,0,0,R,191.0,FRA,33.0,0,0,0,R,183.0,GBR,28.2,,93.0,653.0,123.0,523.0
2026-adelaide-3,adelaide,Hard,Rinky Hijikata,Tristan Schoolkate,6-4 6-4,Round of 32 ,100,0,0,0,,0,0,0,R,178.0,AUS,28.6,0,0,0,R,183.0,AUS,28.4,,96.0,637.0,126.0,512.0
2026-adelaide-3,adelaide,Hard,Alexander Shevchenko,Damir Dzumhur,4-6 6-4 7-5,Round of 32 ,100,0,0,0,,0,0,0,R,185.0,KAZ,28.9,0,0,0,R,175.0,BIH,37.4,,92.0,0.0,87.0,674.0
2026-adelaide-3,adelaide,Hard,Andrea Vavassori,Gabriel Diallo,6-3 7-6,Round of 32 ,100,0,0,0,,0,0,0,R,193.0,ITA,34.2,0,0,0,R,203.0,CAN,28.1,,206.0,0.0,46.0,1000.0
2026-adelaide-3,adelaide,Hard,Valentin Vacherot,Miomir Kecmanovic,7-6 6-5,Round of 32 ,100,0,0,0,,0,0,0,R,193.0,MON,30.5,0,0,0,R,183.0,SRB,30.1,,16.0,2147.0,70.0,795.0
2026-adelaide-3,adelaide,Hard,Ugo Humbert,Terence Atmane,6-3 7-6,Round of 32 ,100,0,0,0,,0,0,0,R,188.0,FRA,31.3,0,0,0,R,193.0,FRA,27.7,,33.0,1280.0,51.0,958.0
2026-adelaide-3,adelaide,Hard,Thanasi Kokkinakis,Sebastian Korda,3-6 6-3 7-6,Round of 32 ,100,0,0,0,,0,0,0,R,193.0,AUS,33.6,0,0,0,R,196.0,USA,29.1,,77.0,0.0,43.0,1050.0
2026-adelaide-3,adelaide,Hard,Jaume Munar,Daniel Altmaier,6-3 6-0,Round of 32 ,100,0,0,0,,0,0,0,R,183.0,ESP,32.4,0,0,0,R,188.0,GER,31.1,,38.0,1155.0,64.0,860.0
2026-adelaide-3,adelaide,Hard,Reilly Opelka,Alexei Popyrin,6-3 7-6,Round of 32 ,100,0,0,0,,0,0,0,R,211.0,USA,32.0,0,0,0,R,196.0,AUS,30.2,,74.0,768.0,60.0,870.0
2026-adelaide-3,adelaide,Hard,Aleksandar Vukic,Jacob Fearnley,6-4 6-7 7-3,2nd Round Qualifying ,100,0,0,0,,0,0,0,R,188.0,AUS,33.5,0,0,0,R,183.0,GBR,28.2,,99.0,626.0,123.0,523.0
2026-adelaide-3,adelaide,Hard,Quentin Halys,Adam Walton,6-2 7-6,2nd Round Qualifying ,100,0,0,0,,0,0,0,R,191.0,FRA,33.0,0,0,0,R,183.0,AUS,30.4,,93.0,653.0,103.0,608.0
2026-adelaide-3,adelaide,Hard,Alexander Shevchenko,Filip Misolic,7-5 6-3,2nd Round Qualifying ,100,0,0,0,,0,0,0,R,185.0,KAZ,28.9,0,0,0,R,180.0,AUT,27.9,,92.0,0.0,111.0,576.0
2026-adelaide-3,adelaide,Hard,Andrea Vavassori,Thiago Agustin Tirante,6-2 6-3,2nd Round Qualifying ,100,0,0,0,,0,0,0,R,193.0,ITA,34.2,0,0,0,R,185.0,ARG,28.5,,206.0,0.0,69.0,801.0
2026-adelaide-3,adelaide,Hard,Thiago Agustin Tirante,Jesper de Jong,3-6 6-1 6-3,1st Round Qualifying ,100,0,0,0,,0,0,0,R,185.0,ARG,28.5,0,0,0,R,185.0,UNK,25.5,,69.0,801.0,150.0,0.0
2026-adelaide-3,adelaide,Hard,Jacob Fearnley,Christopher O'Connell,7-6 7-4,1st Round Qualifying ,100,0,0,0,,0,0,0,R,183.0,GBR,28.2,0,0,0,R,185.0,UNK,25.5,,123.0,523.0,150.0,413.0
2026-adelaide-3,adelaide,Hard,Adam Walton,Jake Delaney,6-2 3-6 7-6,1st Round Qualifying ,100,0,0,0,,0,0,0,R,183.0,AUS,30.4,0,0,0,R,185.0,UNK,25.5,,103.0,608.0,150.0,0.0
2026-adelaide-3,adelaide,Hard,Filip Misolic,Daniel Jovanovski,7-5 6-4,1st Round Qualifying ,100,0,0,0,,0,0,0,R,180.0,AUT,27.9,0,0,0,R,185.0,UNK,25.5,,111.0,576.0,150.0,0.0
2026-adelaide-3,adelaide,Hard,Andrea Vavassori,Raphael Collignon,6-3 7-6,1st Round Qualifying ,100,0,0,0,,0,0,0,R,193.0,ITA,34.2,0,0,0,R,191.0,BEL,27.7,,206.0,0.0,68.0,802.0
2026-adelaide-3,adelaide,Hard,Aleksandar Vukic,Luca Nardi,6-7 4-3 6-2,1st Round Qualifying ,100,0,0,0,,0,0,0,R,188.0,AUS,33.5,0,0,0,R,185.0,ITA,26.1,,99.0,626.0,151.0,409.0
2026-adelaide-3,adelaide,Hard,Quentin Halys,Benjamin Bonzi,6-3 6-4,1st Round Qualifying ,100,0,0,0,,0,0,0,R,191.0,FRA,33.0,0,0,0,R,183.0,FRA,33.4,,93.0,653.0,101.0,616.0
2026-adelaide-3,adelaide,Hard,Alexander Shevchenko,Carlos Taberner,6-3 6-2,1st Round Qualifying ,100,0,0,0,,0,0,0,R,185.0,KAZ,28.9,0,0,0,R,183.0,ESP,31.6,,92.0,0.0,131.0,477.0
2026-auckland-4,auckland,Hard,Jakub Mensik,Sebastian Baez,6-3 7-6,Final ,100,0,0,0,,0,0,0,R,193.0,CZE,24.2,0,0,0,R,170.0,ARG,28.8,,28.0,1600.0,65.0,840.0
2026-auckland-4,auckland,Hard,Jakub Mensik,Fabian Marozsan,7-6 4-9 6-6,Semifinals ,100,0,0,0,,0,0,0,R,193.0,CZE,24.2,0,0,0,R,193.0,HUN,30.0,,28.0,1600.0,49.0,975.0
2026-auckland-4,auckland,Hard,Sebastian Baez,Marcos Giron,6-1 6-4,Semifinals ,100,0,0,0,,0,0,0,R,170.0,ARG,28.8,0,0,0,R,180.0,USA,36.2,,65.0,840.0,77.0,745.0
2026-auckland-4,auckland,Hard,Sebastian Baez,Ben Shelton,7-5 6-3,Quarterfinals ,100,0,0,0,,0,0,0,R,170.0,ARG,28.8,0,0,0,R,193.0,USA,27.1,,65.0,840.0,6.0,4030.0
2026-auckland-4,auckland,Hard,Jakub Mensik,Giovanni Mpetshi Perricard,6-4 6-2,Quarterfinals ,100,0,0,0,,0,0,0,R,193.0,CZE,24.2,0,0,0,R,203.0,FRA,26.3,,28.0,1600.0,58.0,880.0
2026-auckland-4,auckland,Hard,Marcos Giron,Luciano Darderi,1-6 7-5 6-4,Quarterfinals ,100,0,0,0,,0,0,0,R,180.0,USA,36.2,0,0,0,R,183.0,ITA,27.7,,77.0,745.0,20.0,1890.0
2026-auckland-4,auckland,Hard,Fabian Marozsan,Eliot Spizzirri,6-4 2-6 6-2,Quarterfinals ,100,0,0,0,,0,0,0,R,193.0,HUN,30.0,0,0,0,R,183.0,USA,27.6,,49.0,975.0,92.0,660.0
2026-auckland-4,auckland,Hard,Ben Shelton,Francisco Comesana,7-5 6-4,Round of 16 ,100,0,0,0,,0,0,0,R,193.0,USA,27.1,0,0,0,R,178.0,ARG,28.8,,6.0,4030.0,114.0,570.0
2026-auckland-4,auckland,Hard,Fabian Marozsan,Casper Ruud,6-4 6-4,Round of 16 ,100,0,0,0,,0,0,0,R,193.0,HUN,30.0,0,0,0,R,183.0,NOR,30.8,,49.0,975.0,25.0,1735.0
2026-auckland-4,auckland,Hard,Jakub Mensik,Hamad Medjedovic,6-1 3-6 6-3,Round of 16 ,100,0,0,0,,0,0,0,R,193.0,CZE,24.2,0,0,0,R,188.0,SRB,26.3,,28.0,1600.0,67.0,804.0
2026-auckland-4,auckland,Hard,Luciano Darderi,Alejandro Tabilo,1-6 7-5 6-3,Round of 16 ,100,0,0,0,,0,0,0,R,183.0,ITA,27.7,0,0,0,R,188.0,CHI,32.4,,20.0,1890.0,35.0,1248.0
2026-auckland-4,auckland,Hard,Giovanni Mpetshi Perricard,Cameron Norrie,4-6 6-3 7-6,Round of 16 ,100,0,0,0,,0,0,0,R,203.0,FRA,26.3,0,0,0,R,188.0,GBR,34.2,,58.0,880.0,19.0,1918.0
2026-auckland-4,auckland,Hard,Marcos Giron,Alex Michelsen,6-4 6-4,Round of 16 ,100,0,0,0,,0,0,0,R,180.0,USA,36.2,0,0,0,R,193.0,USA,25.3,,77.0,745.0,42.0,1090.0
2026-auckland-4,auckland,Hard,Sebastian Baez,Jenson Brooksby,7-5 6-0,Round of 16 ,100,0,0,0,,0,0,0,R,170.0,ARG,28.8,0,0,0,R,188.0,USA,27.2,,65.0,840.0,63.0,862.0
2026-auckland-4,auckland,Hard,Eliot Spizzirri,Nuno Borges,7-6 6-6,Round of 16 ,100,0,0,0,,0,0,0,R,183.0,USA,27.6,0,0,0,R,185.0,POR,32.7,,92.0,660.0,52.0,950.0
2026-auckland-4,auckland,Hard,Alex Michelsen,Mariano Navone,2-6 6-2 7-5,Round of 32 ,100,0,0,0,,0,0,0,R,193.0,USA,25.3,0,0,0,R,178.0,ARG,28.6,,42.0,1090.0,44.0,1046.0
2026-auckland-4,auckland,Hard,Nuno Borges,Tomas Martin Etcheverry,7-5 3-6 7-6,Round of 32 ,100,0,0,0,,0,0,0,R,185.0,POR,32.7,0,0,0,R,196.0,ARG,30.3,,52.0,950.0,26.0,1660.0
2026-auckland-4,auckland,Hard,Marcos Giron,Alexandre Muller,6-2 6-2,Round of 32 ,100,0,0,0,,0,0,0,R,180.0,USA,36.2,0,0,0,R,183.0,FRA,32.7,,77.0,745.0,105.0,601.0
2026-auckland-4,auckland,Hard,Fabian Marozsan,Gael Monfils,5-7 6-3 6-4,Round of 32 ,100,0,0,0,,0,0,0,R,193.0,HUN,30.0,0,0,0,R,193.0,FRA,43.1,,49.0,975.0,222.0,260.0
2026-auckland-4,auckland,Hard,Hamad Medjedovic,Aleksandar Kovacevic,6-4 3-6 7-6,Round of 32 ,100,0,0,0,,0,0,0,R,188.0,SRB,26.3,0,0,0,R,183.0,USA,31.1,,67.0,804.0,95.0,639.0
2026-auckland-4,auckland,Hard,Giovanni Mpetshi Perricard,Roberto Bautista Agut,6-3 7-6,Round of 32 ,100,0,0,0,,0,0,0,R,203.0,FRA,26.3,0,0,0,R,183.0,ESP,41.5,,58.0,880.0,98.0,629.0
2026-auckland-4,auckland,Hard,Alejandro Tabilo,Camilo Ugo Carabelli,6-4 6-2,Round of 32 ,100,0,0,0,,0,0,0,R,188.0,CHI,32.4,0,0,0,R,185.0,ARG,30.1,,35.0,1248.0,61.0,865.0
2026-auckland-4,auckland,Hard,Cameron Norrie,Hugo Gaston,6-3 6-4,Round of 32 ,100,0,0,0,,0,0,0,R,188.0,GBR,34.2,0,0,0,R,173.0,FRA,29.1,,19.0,1918.0,118.0,535.0
2026-auckland-4,auckland,Hard,Sebastian Baez,Emilio Nava,4-6 7-5 6-3,Round of 32 ,100,0,0,0,,0,0,0,R,170.0,ARG,28.8,0,0,0,R,185.0,USA,27.6,,65.0,840.0,108.0,594.0
2026-auckland-4,auckland,Hard,Jenson Brooksby,James Watt,6-4 6-3,Round of 32 ,100,0,0,0,,0,0,0,R,188.0,USA,27.2,0,0,0,R,185.0,UNK,25.5,,63.0,862.0,150.0,0.0
2026-auckland-4,auckland,Hard,Francisco Comesana,Valentin Royer,6-4 6-4,Round of 32 ,100,0,0,0,,0,0,0,R,178.0,ARG,28.8,0,0,0,R,185.0,UNK,25.5,,114.0,570.0,71.0,788.0
2026-auckland-4,auckland,Hard,Eliot Spizzirri,Adrian Mannarino,6-4 6-3,Round of 32 ,100,0,0,0,,0,0,0,R,183.0,USA,27.6,0,0,0,R,180.0,FRA,41.3,,92.0,660.0,45.0,1035.0
2026-auckland-4,auckland,Hard,Hamad Medjedovic,Mattia Bellucci,6-3 6-2,2nd Round Qualifying ,100,0,0,0,,0,0,0,R,188.0,SRB,26.3,0,0,0,R,175.0,ITA,28.3,,67.0,804.0,80.0,737.0
2026-auckland-4,auckland,Hard,Emilio Nava,Jan-Lennard Struff,3-6 6-4 6-3,2nd Round Qualifying ,100,0,0,0,,0,0,0,R,185.0,USA,27.6,0,0,0,R,185.0,UNK,25.5,,108.0,594.0,150.0,0.0
2026-auckland-4,auckland,Hard,Eliot Spizzirri,Juan Manuel Cerundolo,6-4 6-3,2nd Round Qualifying ,100,0,0,0,,0,0,0,R,183.0,USA,27.6,0,0,0,R,183.0,ARG,27.2,,92.0,660.0,72.0,776.0
2026-auckland-4,auckland,Hard,Hugo Gaston,Vit Kopriva,6-2 6-4,2nd Round Qualifying ,100,0,0,0,,0,0,0,R,173.0,FRA,29.1,0,0,0,R,178.0,CZE,32.1,,118.0,535.0,55.0,896.0
2026-auckland-4,auckland,Hard,Mattia Bellucci,Geoffrey Blancaneaux,6-3 6-4,1st Round Qualifying ,100,0,0,0,,0,0,0,R,175.0,ITA,28.3,0,0,0,R,180.0,FRA,29.5,,80.0,737.0,362.0,139.0
2026-auckland-4,auckland,Hard,Eliot Spizzirri,Cristian Garin,6-2 6-4,1st Round Qualifying ,100,0,0,0,,0,0,0,R,183.0,USA,27.6,0,0,0,R,185.0,CHI,33.2,,92.0,660.0,104.0,602.0
2026-auckland-4,auckland,Hard,Hamad Medjedovic,Dalibor Svrcina,6-1 6-4,1st Round Qualifying ,100,0,0,0,,0,0,0,R,188.0,SRB,26.3,0,0,0,R,178.0,CZE,26.3,,67.0,804.0,116.0,547.0
2026-auckland-4,auckland,Hard,Jan-Lennard Struff,Anton Shepp,7-5 6-2,1st Round Qualifying ,100,0,0,0,,0,0,0,R,185.0,UNK,25.5,0,0,0,R,185.0,UNK,25.5,,150.0,0.0,150.0,0.0
2026-auckland-4,auckland,Hard,Juan Manuel Cerundolo,Shintaro Mochizuki,6-4 6-7 3-2,1st Round Qualifying ,100,0,0,0,,0,0,0,R,183.0,ARG,27.2,0,0,0,R,175.0,JPN,26.3,,72.0,776.0,130.0,480.0
2026-auckland-4,auckland,Hard,Hugo Gaston,Isaac Becroft,6-3 6-2,1st Round Qualifying ,100,0,0,0,,0,0,0,R,173.0,FRA,29.1,0,0,0,R,180.0,NZL,26.8,,118.0,535.0,1016.0,0.0
2026-auckland-4,auckland,Hard,Vit Kopriva,Pablo Carreno Busta,6-3 1-6 6-4,1st Round Qualifying ,100,0,0,0,,0,0,0,R,178.0,CZE,32.1,0,0,0,R,188.0,ESP,38.2,,55.0,896.0,91.0,663.0
2026-auckland-4,auckland,Hard,Emilio Nava,Patrick Kypson,6-3 6-4,1st Round Qualifying ,100,0,0,0,,0,0,0,R,185.0,USA,27.6,0,0,0,R,188.0,USA,29.4,,108.0,594.0,89.0,669.0
2026-australian-open-5,australian-open,Hard,Carlos Alcaraz,Novak Djokovic,2-6 6-2 6-3 7-5,Final ,100,0,0,0,,0,0,0,R,183.0,ESP,26.5,0,0,0,R,188.0,SRB,42.3,,2.0,12960.0,4.0,4700.0
2026-australian-open-5,australian-open,Hard,Carlos Alcaraz,Alexander Zverev,6-4 7-6 6-5 3-7 6-7 4-5,Semifinals ,100,0,0,0,,0,0,0,R,183.0,ESP,26.5,0,0,0,R,198.0,GER,32.5,,2.0,12960.0,3.0,5805.0
2026-australian-open-5,australian-open,Hard,Novak Djokovic,Jannik Sinner,3-6 6-3 4-6 6-4 6-4,Semifinals ,100,0,0,0,,0,0,0,R,188.0,SRB,42.3,0,0,0,R,191.0,ITA,28.2,,4.0,4700.0,1.0,14350.0
2026-australian-open-5,australian-open,Hard,Jannik Sinner,Ben Shelton,6-3 6-4 6-4,Quarterfinals ,100,0,0,0,,0,0,0,R,191.0,ITA,28.2,0,0,0,R,193.0,USA,27.1,,1.0,14350.0,6.0,4030.0
2026-australian-open-5,australian-open,Hard,Novak Djokovic,Lorenzo Musetti,4-6 3-6 3-1,Quarterfinals ,100,0,0,0,,0,0,0,R,188.0,SRB,42.3,0,0,0,R,185.0,ITA,27.7,,4.0,4700.0,10.0,3415.0
2026-australian-open-5,australian-open,Hard,Carlos Alcaraz,Alex de Minaur,7-5 6-2 6-1,Quarterfinals ,100,0,0,0,,0,0,0,R,183.0,ESP,26.5,0,0,0,R,185.0,UNK,25.5,,2.0,12960.0,150.0,0.0
2026-australian-open-5,australian-open,Hard,Alexander Zverev,Learner Tien,6-3 6-7 5-1 6-6 7-3,Quarterfinals ,100,0,0,0,,0,0,0,R,198.0,GER,32.5,0,0,0,R,180.0,USA,24.0,,3.0,5805.0,21.0,1870.0
2026-australian-open-5,australian-open,Hard,Jannik Sinner,Luciano Darderi,6-1 6-3 7-6,Round of 16 ,100,0,0,0,,0,0,0,R,191.0,ITA,28.2,0,0,0,R,183.0,ITA,27.7,,1.0,14350.0,20.0,1890.0
2026-australian-open-5,australian-open,Hard,Novak Djokovic,Jakub Mensik,,Round of 16 ,100,0,0,0,,0,0,0,R,188.0,SRB,42.3,0,0,0,R,193.0,CZE,24.2,,4.0,4700.0,28.0,1600.0
2026-australian-open-5,australian-open,Hard,Lorenzo Musetti,Taylor Fritz,6-2 7-5 6-4,Round of 16 ,100,0,0,0,,0,0,0,R,185.0,ITA,27.7,0,0,0,R,196.0,USA,32.0,,10.0,3415.0,7.0,3770.0
2026-australian-open-5,australian-open,Hard,Ben Shelton,Casper Ruud,3-6 6-4 6-3 6-4,Round of 16 ,100,0,0,0,,0,0,0,R,193.0,USA,27.1,0,0,0,R,183.0,NOR,30.8,,6.0,4030.0,25.0,1735.0
2026-australian-open-5,australian-open,Hard,Carlos Alcaraz,Tommy Paul,7-6 6-6 7-4,Round of 16 ,100,0,0,0,,0,0,0,R,183.0,ESP,26.5,0,0,0,R,185.0,USA,32.4,,2.0,12960.0,18.0,1975.0
2026-australian-open-5,australian-open,Hard,Alexander Zverev,Francisco Cerundolo,6-2 6-4 6-4,Round of 16 ,100,0,0,0,,0,0,0,R,198.0,GER,32.5,0,0,0,R,185.0,ARG,31.2,,3.0,5805.0,27.0,1620.0
2026-australian-open-5,australian-open,Hard,Alex de Minaur,Alexander Bublik,6-4 6-1 6-1,Round of 16 ,100,0,0,0,,0,0,0,R,185.0,UNK,25.5,0,0,0,R,196.0,KAZ,32.3,,150.0,0.0,11.0,3355.0
2026-australian-open-5,australian-open,Hard,Learner Tien,Daniil Medvedev,6-4 6-0 6-3,Round of 16 ,100,0,0,0,,0,0,0,R,180.0,USA,24.0,0,0,0,R,198.0,RUS,33.7,,21.0,1870.0,9.0,3460.0
2026-australian-open-5,australian-open,Hard,Jannik Sinner,Eliot Spizzirri,4-6 6-3 6-4 6-4,Round of 32 ,100,0,0,0,,0,0,0,R,191.0,ITA,28.2,0,0,0,R,183.0,USA,27.6,,1.0,14350.0,92.0,660.0
2026-australian-open-5,australian-open,Hard,Novak Djokovic,Botic van de Zandschulp,6-3 6-4 7-6,Round of 32 ,100,0,0,0,,0,0,0,R,188.0,SRB,42.3,0,0,0,R,185.0,UNK,25.5,,4.0,4700.0,150.0,0.0
2026-australian-open-5,australian-open,Hard,Ben Shelton,Valentin Vacherot,6-4 6-4 7-6,Round of 32 ,100,0,0,0,,0,0,0,R,193.0,USA,27.1,0,0,0,R,193.0,MON,30.5,,6.0,4030.0,16.0,2147.0
2026-australian-open-5,australian-open,Hard,Taylor Fritz,Stan Wawrinka,7-6 2-5 6-6 6-4,Round of 32 ,100,0,0,0,,0,0,0,R,196.0,USA,32.0,0,0,0,R,183.0,SUI,44.6,,7.0,3770.0,125.0,518.0
2026-australian-open-5,australian-open,Hard,Casper Ruud,Marin Cilic,6-4 6-4 3-6 7-5,Round of 32 ,100,0,0,0,,0,0,0,R,183.0,NOR,30.8,0,0,0,R,198.0,CRO,41.1,,25.0,1735.0,47.0,980.0
2026-australian-open-5,australian-open,Hard,Jakub Mensik,Ethan Quinn,6-2 7-6 7-5,Round of 32 ,100,0,0,0,,0,0,0,R,193.0,CZE,24.2,0,0,0,R,191.0,USA,25.3,,28.0,1600.0,48.0,977.0
2026-australian-open-5,australian-open,Hard,Carlos Alcaraz,Corentin Moutet,6-2 6-4 6-1,Round of 32 ,100,0,0,0,,0,0,0,R,183.0,ESP,26.5,0,0,0,R,180.0,FRA,30.5,,2.0,12960.0,30.0,1413.0
2026-australian-open-5,australian-open,Hard,Alexander Zverev,Cameron Norrie,7-5 4-6 6-3 6-1,Round of 32 ,100,0,0,0,,0,0,0,R,198.0,GER,32.5,0,0,0,R,188.0,GBR,34.2,,3.0,5805.0,19.0,1918.0
2026-australian-open-5,australian-open,Hard,Lorenzo Musetti,Tomas Machac,5-7 6-4 6-2 5-7 6-2,Round of 32 ,100,0,0,0,,0,0,0,R,185.0,ITA,27.7,0,0,0,R,183.0,CZE,29.0,,10.0,3415.0,41.0,1100.0
2026-australian-open-5,australian-open,Hard,Alex de Minaur,Frances Tiafoe,6-3 6-4 7-5,Round of 32 ,100,0,0,0,,0,0,0,R,185.0,UNK,25.5,0,0,0,R,188.0,USA,31.7,,150.0,0.0,22.0,1865.0
2026-australian-open-5,australian-open,Hard,Alexander Bublik,Tomas Martin Etcheverry,7-6 7-4 6-6,Round of 32 ,100,0,0,0,,0,0,0,R,196.0,KAZ,32.3,0,0,0,R,196.0,ARG,30.3,,11.0,3355.0,26.0,1660.0
2026-australian-open-5,australian-open,Hard,Daniil Medvedev,Fabian Marozsan,6-7 5-6 4-5 7-0 6-3,Round of 32 ,100,0,0,0,,0,0,0,R,198.0,RUS,33.7,0,0,0,R,193.0,HUN,30.0,,9.0,3460.0,49.0,975.0
2026-australian-open-5,australian-open,Hard,Francisco Cerundolo,Andrey Rublev,6-3 7-6 6-4,Round of 32 ,100,0,0,0,,0,0,0,R,185.0,ARG,31.2,0,0,0,R,188.0,RUS,32.0,,27.0,1620.0,14.0,2590.0
2026-australian-open-5,australian-open,Hard,Tommy Paul,Alejandro Davidovich Fokina,6-1 6-1,Round of 32 ,100,0,0,0,,0,0,0,R,185.0,USA,32.4,0,0,0,R,183.0,ESP,30.3,,18.0,1975.0,23.0,1820.0
2026-australian-open-5,australian-open,Hard,Luciano Darderi,Karen Khachanov,7-6 3-5 6-6 6-3,Round of 32 ,100,0,0,0,,0,0,0,R,183.0,ITA,27.7,0,0,0,R,198.0,RUS,33.4,,20.0,1890.0,15.0,2220.0
2026-australian-open-5,australian-open,Hard,Learner Tien,Nuno Borges,7-6 6-9 6-4,Round of 32 ,100,0,0,0,,0,0,0,R,180.0,USA,24.0,0,0,0,R,185.0,POR,32.7,,21.0,1870.0,52.0,950.0
2026-australian-open-5,australian-open,Hard,Jannik Sinner,James Duckworth,6-1 6-4 6-2,Round of 64 ,100,0,0,0,,0,0,0,R,191.0,ITA,28.2,0,0,0,R,183.0,AUS,37.7,,1.0,14350.0,81.0,722.0
2026-australian-open-5,australian-open,Hard,Novak Djokovic,Francesco Maestrelli,6-3 6-2 6-2,Round of 64 ,100,0,0,0,,0,0,0,R,188.0,SRB,42.3,0,0,0,R,196.0,ITA,24.8,,4.0,4700.0,112.0,575.0
2026-australian-open-5,australian-open,Hard,Lorenzo Musetti,Lorenzo Sonego,6-3 6-3 6-4,Round of 64 ,100,0,0,0,,0,0,0,R,185.0,ITA,27.7,0,0,0,R,191.0,ITA,34.4,,10.0,3415.0,66.0,830.0
2026-australian-open-5,australian-open,Hard,Ben Shelton,Dane Sweeny,6-3 6-2 6-2,Round of 64 ,100,0,0,0,,0,0,0,R,193.0,USA,27.1,0,0,0,R,170.0,AUS,27.9,,6.0,4030.0,135.0,462.0
2026-australian-open-5,australian-open,Hard,Taylor Fritz,Vit Kopriva,6-1 6-4 7-6,Round of 64 ,100,0,0,0,,0,0,0,R,196.0,USA,32.0,0,0,0,R,178.0,CZE,32.1,,7.0,3770.0,55.0,896.0
2026-australian-open-5,australian-open,Hard,Casper Ruud,Jaume Munar,6-3 7-5 6-4,Round of 64 ,100,0,0,0,,0,0,0,R,183.0,NOR,30.8,0,0,0,R,183.0,ESP,32.4,,25.0,1735.0,38.0,1155.0
2026-australian-open-5,australian-open,Hard,Karen Khachanov,Nishesh Basavareddy,6-1 6-4 6-3,Round of 64 ,100,0,0,0,,0,0,0,R,198.0,RUS,33.4,0,0,0,R,180.0,USA,24.6,,15.0,2220.0,154.0,393.0
2026-australian-open-5,australian-open,Hard,Jakub Mensik,Rafael Jodar,6-2 6-4 6-4,Round of 64 ,100,0,0,0,,0,0,0,R,193.0,CZE,24.2,0,0,0,R,185.0,UNK,25.5,,28.0,1600.0,34.0,1273.0
2026-australian-open-5,australian-open,Hard,Marin Cilic,Denis Shapovalov,6-4 6-3 6-2,Round of 64 ,100,0,0,0,,0,0,0,R,198.0,CRO,41.1,0,0,0,R,185.0,CAN,30.5,,47.0,980.0,37.0,1170.0
2026-australian-open-5,australian-open,Hard,Luciano Darderi,Sebastian Baez,6-3 1-6 6-4 6-3,Round of 64 ,100,0,0,0,,0,0,0,R,183.0,ITA,27.7,0,0,0,R,170.0,ARG,28.8,,20.0,1890.0,65.0,840.0
2026-australian-open-5,australian-open,Hard,Valentin Vacherot,Rinky Hijikata,6-1 6-3 4-6 6-2,Round of 64 ,100,0,0,0,,0,0,0,R,193.0,MON,30.5,0,0,0,R,178.0,AUS,28.6,,16.0,2147.0,96.0,637.0
2026-australian-open-5,australian-open,Hard,Tomas Machac,Stefanos Tsitsipas,6-4 3-6 7-6 7-5,Round of 64 ,100,0,0,0,,0,0,0,R,183.0,CZE,29.0,0,0,0,R,193.0,GRE,31.2,,41.0,1100.0,75.0,765.0
2026-australian-open-5,australian-open,Hard,Ethan Quinn,Hubert Hurkacz,6-4 7-6 6-5,Round of 64 ,100,0,0,0,,0,0,0,R,191.0,USA,25.3,0,0,0,R,196.0,POL,32.7,,48.0,977.0,53.0,930.0
2026-australian-open-5,australian-open,Hard,Eliot Spizzirri,Yibing Wu,6-2 6-4 6-7 4-6 4-3,Round of 64 ,100,0,0,0,,0,0,0,R,183.0,USA,27.6,0,0,0,R,183.0,CHN,29.9,,92.0,660.0,88.0,669.0
2026-australian-open-5,australian-open,Hard,Botic van de Zandschulp,Juncheng Shang,7-6 6-6 6-2,Round of 64 ,100,0,0,0,,0,0,0,R,185.0,UNK,25.5,0,0,0,R,180.0,CHN,24.8,,150.0,0.0,261.0,205.0
2026-australian-open-5,australian-open,Hard,Stan Wawrinka,Arthur Gea,4-6 6-3 3-6 7-5 7-6,Round of 64 ,100,0,0,0,,0,0,0,R,183.0,SUI,44.6,0,0,0,R,185.0,UNK,25.5,,125.0,518.0,143.0,436.0
2026-australian-open-5,australian-open,Hard,Carlos Alcaraz,Yannick Hanfmann,7-6 6-4 6-3,Round of 64 ,100,0,0,0,,0,0,0,R,183.0,ESP,26.5,0,0,0,R,193.0,GER,37.8,,2.0,12960.0,59.0,879.0
2026-australian-open-5,australian-open,Hard,Alexander Zverev,Alexandre Muller,6-3 4-6 6-3 6-4,Round of 64 ,100,0,0,0,,0,0,0,R,198.0,GER,32.5,0,0,0,R,183.0,FRA,32.7,,3.0,5805.0,105.0,601.0
2026-australian-open-5,australian-open,Hard,Alex de Minaur,Hamad Medjedovic,6-7 5-2 6-2 6-1,Round of 64 ,100,0,0,0,,0,0,0,R,185.0,UNK,25.5,0,0,0,R,188.0,SRB,26.3,,150.0,0.0,67.0,804.0
2026-australian-open-5,australian-open,Hard,Alexander Bublik,Marton Fucsovics,7-5 6-4 7-5,Round of 64 ,100,0,0,0,,0,0,0,R,196.0,KAZ,32.3,0,0,0,R,188.0,HUN,37.7,,11.0,3355.0,57.0,884.0
2026-australian-open-5,australian-open,Hard,Daniil Medvedev,Quentin Halys,6-7 9-3 6-4 6-2,Round of 64 ,100,0,0,0,,0,0,0,R,198.0,RUS,33.7,0,0,0,R,191.0,FRA,33.0,,9.0,3460.0,93.0,653.0
2026-australian-open-5,australian-open,Hard,Andrey Rublev,Jaime Faria,6-4 6-3 4-6 7-5,Round of 64 ,100,0,0,0,,0,0,0,R,188.0,RUS,32.0,0,0,0,R,188.0,POR,26.0,,14.0,2590.0,119.0,529.0
2026-australian-open-5,australian-open,Hard,Alejandro Davidovich Fokina,Reilly Opelka,6-3 7-6 5-3 4-7 6-6,Round of 64 ,100,0,0,0,,0,0,0,R,183.0,ESP,30.3,0,0,0,R,211.0,USA,32.0,,23.0,1820.0,74.0,768.0
2026-australian-open-5,australian-open,Hard,Francisco Cerundolo,Damir Dzumhur,6-3 6-2 6-1,Round of 64 ,100,0,0,0,,0,0,0,R,185.0,ARG,31.2,0,0,0,R,175.0,BIH,37.4,,27.0,1620.0,87.0,674.0
2026-australian-open-5,australian-open,Hard,Tommy Paul,Thiago Agustin Tirante,6-3 6-4 6-2,Round of 64 ,100,0,0,0,,0,0,0,R,185.0,USA,32.4,0,0,0,R,185.0,ARG,28.5,,18.0,1975.0,69.0,801.0
2026-australian-open-5,australian-open,Hard,Learner Tien,Alexander Shevchenko,6-2 5-7 6-1 6-0,Round of 64 ,100,0,0,0,,0,0,0,R,180.0,USA,24.0,0,0,0,R,185.0,KAZ,28.9,,21.0,1870.0,92.0,0.0
2026-australian-open-5,australian-open,Hard,Cameron Norrie,Emilio Nava,6-1 7-6 4-3 7-6,Round of 64 ,100,0,0,0,,0,0,0,R,188.0,GBR,34.2,0,0,0,R,185.0,USA,27.6,,19.0,1918.0,108.0,594.0
2026-australian-open-5,australian-open,Hard,Frances Tiafoe,Francisco Comesana,6-4 6-3 4-6 6-2,Round of 64 ,100,0,0,0,,0,0,0,R,188.0,USA,31.7,0,0,0,R,178.0,ARG,28.8,,22.0,1865.0,114.0,570.0
2026-australian-open-5,australian-open,Hard,Corentin Moutet,Michael Zheng,3-6 6-1 6-3 2-0,Round of 64 ,100,0,0,0,,0,0,0,R,180.0,FRA,30.5,0,0,0,R,185.0,UNK,25.5,,30.0,1413.0,149.0,414.0
2026-australian-open-5,australian-open,Hard,Nuno Borges,Jordan Thompson,6-7 9-3 6-2 6-4,Round of 64 ,100,0,0,0,,0,0,0,R,185.0,POR,32.7,0,0,0,R,183.0,AUS,35.5,,52.0,950.0,142.0,438.0
2026-australian-open-5,australian-open,Hard,Tomas Martin Etcheverry,Arthur Fery,7-6 6-4 6-1,Round of 64 ,100,0,0,0,,0,0,0,R,196.0,ARG,30.3,0,0,0,R,175.0,GBR,26.9,,26.0,1660.0,157.0,383.0
2026-australian-open-5,australian-open,Hard,Fabian Marozsan,Kamil Majchrzak,6-3 6-4 7-6,Round of 64 ,100,0,0,0,,0,0,0,R,193.0,HUN,30.0,0,0,0,R,180.0,POL,33.6,,49.0,975.0,76.0,747.0
2026-australian-open-5,australian-open,Hard,Jannik Sinner,Hugo Gaston,6-2 6-1,Round of 128 ,100,0,0,0,,0,0,0,R,191.0,ITA,28.2,0,0,0,R,173.0,FRA,29.1,,1.0,14350.0,118.0,535.0
2026-australian-open-5,australian-open,Hard,Lorenzo Musetti,Raphael Collignon,4-6 7-6 7-3 3-5,Round of 128 ,100,0,0,0,,0,0,0,R,185.0,ITA,27.7,0,0,0,R,191.0,BEL,27.7,,10.0,3415.0,68.0,802.0
2026-australian-open-5,australian-open,Hard,Ben Shelton,Ugo Humbert,6-3 7-6 7-2,Round of 128 ,100,0,0,0,,0,0,0,R,193.0,USA,27.1,0,0,0,R,188.0,FRA,31.3,,6.0,4030.0,33.0,1280.0
2026-australian-open-5,australian-open,Hard,Taylor Fritz,Valentin Royer,7-6 5-5 6-7 6-1,Round of 128 ,100,0,0,0,,0,0,0,R,196.0,USA,32.0,0,0,0,R,185.0,UNK,25.5,,7.0,3770.0,71.0,788.0
2026-australian-open-5,australian-open,Hard,Karen Khachanov,Alex Michelsen,4-6 6-4 6-3 5-7 6-3,Round of 128 ,100,0,0,0,,0,0,0,R,198.0,RUS,33.4,0,0,0,R,193.0,USA,25.3,,15.0,2220.0,42.0,1090.0
2026-australian-open-5,australian-open,Hard,Jakub Mensik,Pablo Carreno Busta,7-5 4-6 2-6 7-6 6-1,Round of 128 ,100,0,0,0,,0,0,0,R,193.0,CZE,24.2,0,0,0,R,188.0,ESP,38.2,,28.0,1600.0,91.0,663.0
2026-australian-open-5,australian-open,Hard,Luciano Darderi,Cristian Garin,7-6 7-5 7-5,Round of 128 ,100,0,0,0,,0,0,0,R,183.0,ITA,27.7,0,0,0,R,185.0,CHI,33.2,,20.0,1890.0,104.0,602.0
2026-australian-open-5,australian-open,Hard,Ethan Quinn,Tallon Griekspoor,6-2 6-3 6-2,Round of 128 ,100,0,0,0,,0,0,0,R,191.0,USA,25.3,0,0,0,R,188.0,NED,33.3,,48.0,977.0,31.0,1360.0
2026-australian-open-5,australian-open,Hard,Eliot Spizzirri,Joao Fonseca,6-4 2-6 6-1 6-2,Round of 128 ,100,0,0,0,,0,0,0,R,183.0,USA,27.6,0,0,0,R,185.0,BRA,23.3,,92.0,660.0,29.0,1435.0
2026-australian-open-5,australian-open,Hard,Stefanos Tsitsipas,Shintaro Mochizuki,4-6 6-3 6-2 6-2,Round of 128 ,100,0,0,0,,0,0,0,R,193.0,GRE,31.2,0,0,0,R,175.0,JPN,26.3,,75.0,765.0,130.0,480.0
2026-australian-open-5,australian-open,Hard,Sebastian Baez,Giovanni Mpetshi Perricard,6-4 6-4 3-6 5-7 6-3,Round of 128 ,100,0,0,0,,0,0,0,R,170.0,ARG,28.8,0,0,0,R,203.0,FRA,26.3,,65.0,840.0,58.0,880.0
2026-australian-open-5,australian-open,Hard,Nishesh Basavareddy,Christopher O'Connell,4-6 7-6 6-7 3-7 6-2 6-3,Round of 128 ,100,0,0,0,,0,0,0,R,180.0,USA,24.6,0,0,0,R,185.0,UNK,25.5,,154.0,393.0,150.0,413.0
2026-australian-open-5,australian-open,Hard,James Duckworth,Dino Prizmic,7-6 3-4 1-6 7-6 6-5,Round of 128 ,100,0,0,0,,0,0,0,R,183.0,AUS,37.7,0,0,0,R,188.0,CRO,23.5,,81.0,722.0,79.0,740.0
2026-australian-open-5,australian-open,Hard,Hubert Hurkacz,Zizou Bergs,6-7 6-6 7-6 6-3 6-3,Round of 128 ,100,0,0,0,,0,0,0,R,196.0,POL,32.7,0,0,0,R,185.0,BEL,30.4,,53.0,930.0,39.0,1140.0
2026-australian-open-5,australian-open,Hard,Rafael Jodar,Rei Sakamoto,7-6 6-6 5-1 4-7 6-6,Round of 128 ,100,0,0,0,,0,0,0,R,185.0,UNK,25.5,0,0,0,R,185.0,UNK,25.5,,34.0,1273.0,156.0,392.0
2026-australian-open-5,australian-open,Hard,Vit Kopriva,Jan-Lennard Struff,4-6 6-2 2-6 6-3 6-1,Round of 128 ,100,0,0,0,,0,0,0,R,178.0,CZE,32.1,0,0,0,R,185.0,UNK,25.5,,55.0,896.0,150.0,0.0
2026-australian-open-5,australian-open,Hard,Tomas Machac,Grigor Dimitrov,6-4 6-4 6-3,Round of 128 ,100,0,0,0,,0,0,0,R,183.0,CZE,29.0,0,0,0,R,191.0,BUL,38.4,,41.0,1100.0,170.0,365.0
2026-australian-open-5,australian-open,Hard,Lorenzo Sonego,Carlos Taberner,6-4 6-0 6-3,Round of 128 ,100,0,0,0,,0,0,0,R,191.0,ITA,34.4,0,0,0,R,183.0,ESP,31.6,,66.0,830.0,131.0,477.0
2026-australian-open-5,australian-open,Hard,Dane Sweeny,Gael Monfils,6-7 3-5 7-4 6-5,Round of 128 ,100,0,0,0,,0,0,0,R,170.0,AUS,27.9,0,0,0,R,193.0,FRA,43.1,,135.0,462.0,222.0,260.0
2026-australian-open-5,australian-open,Hard,Yibing Wu,Luca Nardi,7-5 4-6 6-4 6-2,Round of 128 ,100,0,0,0,,0,0,0,R,183.0,CHN,29.9,0,0,0,R,185.0,ITA,26.1,,88.0,669.0,151.0,409.0
2026-australian-open-5,australian-open,Hard,Novak Djokovic,Pedro Martinez,6-3 6-2 6-2,Round of 128 ,100,0,0,0,,0,0,0,R,188.0,SRB,42.3,0,0,0,R,185.0,ESP,32.5,,4.0,4700.0,136.0,461.0
2026-australian-open-5,australian-open,Hard,Alex de Minaur,Mackenzie McDonald,6-2 6-2 6-3,Round of 128 ,100,0,0,0,,0,0,0,R,185.0,UNK,25.5,0,0,0,R,185.0,UNK,25.5,,150.0,0.0,150.0,0.0
2026-australian-open-5,australian-open,Hard,Nuno Borges,Felix Auger-Aliassime,3-6 6-4 6-4,Round of 128 ,100,0,0,0,,0,0,0,R,185.0,POR,32.7,0,0,0,R,185.0,UNK,25.5,,52.0,950.0,150.0,0.0
2026-australian-open-5,australian-open,Hard,Daniil Medvedev,Jesper de Jong,7-5 6-2 7-6,Round of 128 ,100,0,0,0,,0,0,0,R,198.0,RUS,33.7,0,0,0,R,185.0,UNK,25.5,,9.0,3460.0,150.0,0.0
2026-australian-open-5,australian-open,Hard,Casper Ruud,Mattia Bellucci,6-1 6-2 6-4,Round of 128 ,100,0,0,0,,0,0,0,R,183.0,NOR,30.8,0,0,0,R,175.0,ITA,28.3,,25.0,1735.0,80.0,737.0
2026-australian-open-5,australian-open,Hard,Andrey Rublev,Matteo Arnaldi,6-4 6-2 6-3,Round of 128 ,100,0,0,0,,0,0,0,R,188.0,RUS,32.0,0,0,0,R,185.0,ITA,28.6,,14.0,2590.0,106.0,596.0
2026-australian-open-5,australian-open,Hard,Alejandro Davidovich Fokina,Filip Misolic,6-2 6-3 6-3,Round of 128 ,100,0,0,0,,0,0,0,R,183.0,ESP,30.3,0,0,0,R,180.0,AUT,27.9,,23.0,1820.0,111.0,576.0
2026-australian-open-5,australian-open,Hard,Arthur Gea,Jiri Lehecka,7-5 7-6 7-1,Round of 128 ,100,0,0,0,,0,0,0,R,185.0,UNK,25.5,0,0,0,R,185.0,CZE,27.9,,143.0,436.0,13.0,2715.0
2026-australian-open-5,australian-open,Hard,Tommy Paul,Aleksandar Kovacevic,6-4 6-3 6-3,Round of 128 ,100,0,0,0,,0,0,0,R,185.0,USA,32.4,0,0,0,R,183.0,USA,31.1,,18.0,1975.0,95.0,639.0
2026-australian-open-5,australian-open,Hard,Denis Shapovalov,Yunchaokete Bu,6-3 7-6 6-3,Round of 128 ,100,0,0,0,,0,0,0,R,185.0,CAN,30.5,0,0,0,R,185.0,UNK,25.5,,37.0,1170.0,152.0,408.0
2026-australian-open-5,australian-open,Hard,Fabian Marozsan,Arthur Rinderknech,6-3 6-4 6-7 2-4,Round of 128 ,100,0,0,0,,0,0,0,R,193.0,HUN,30.0,0,0,0,R,196.0,FRA,34.2,,49.0,975.0,24.0,1736.0
2026-australian-open-5,australian-open,Hard,Learner Tien,Marcos Giron,7-6 4-2 3-6 7-6 6-6,Round of 128 ,100,0,0,0,,0,0,0,R,180.0,USA,24.0,0,0,0,R,180.0,USA,36.2,,21.0,1870.0,77.0,745.0
2026-australian-open-5,australian-open,Hard,Botic van de Zandschulp,Brandon Nakashima,6-3 4-6 7-6 7-1,Round of 128 ,100,0,0,0,,0,0,0,R,185.0,UNK,25.5,0,0,0,R,188.0,USA,28.2,,150.0,0.0,32.0,1295.0
2026-australian-open-5,australian-open,Hard,Valentin Vacherot,Martin Damm,6-4 6-4 6-4,Round of 128 ,100,0,0,0,,0,0,0,R,193.0,MON,30.5,0,0,0,R,203.0,USA,25.4,,16.0,2147.0,115.0,547.0
2026-australian-open-5,australian-open,Hard,Marin Cilic,Daniel Altmaier,6-0 6-0 7-6,Round of 128 ,100,0,0,0,,0,0,0,R,198.0,CRO,41.1,0,0,0,R,188.0,GER,31.1,,47.0,980.0,64.0,860.0
2026-australian-open-5,australian-open,Hard,Quentin Halys,Alejandro Tabilo,6-2 6-2 7-6,Round of 128 ,100,0,0,0,,0,0,0,R,191.0,FRA,33.0,0,0,0,R,188.0,CHI,32.4,,93.0,653.0,35.0,1248.0
2026-australian-open-5,australian-open,Hard,Rinky Hijikata,Adrian Mannarino,6-3 6-3 6-1,Round of 128 ,100,0,0,0,,0,0,0,R,178.0,AUS,28.6,0,0,0,R,180.0,FRA,41.3,,96.0,637.0,45.0,1035.0
2026-australian-open-5,australian-open,Hard,Francesco Maestrelli,Terence Atmane,6-4 3-6 6-7 4-1 6-1,Round of 128 ,100,0,0,0,,0,0,0,R,196.0,ITA,24.8,0,0,0,R,193.0,FRA,27.7,,112.0,575.0,51.0,958.0
2026-australian-open-5,australian-open,Hard,Kamil Majchrzak,Jacob Fearnley,7-6 7-2 3-5 7-6,Round of 128 ,100,0,0,0,,0,0,0,R,180.0,POL,33.6,0,0,0,R,183.0,GBR,28.2,,76.0,747.0,123.0,523.0
2026-australian-open-5,australian-open,Hard,Hamad Medjedovic,Mariano Navone,6-2 6-7 3-4 6-2,Round of 128 ,100,0,0,0,,0,0,0,R,188.0,SRB,26.3,0,0,0,R,178.0,ARG,28.6,,67.0,804.0,44.0,1046.0
2026-australian-open-5,australian-open,Hard,Alexandre Muller,Alexei Popyrin,2-6 6-3 3-6 7-6 7-5,Round of 128 ,100,0,0,0,,0,0,0,R,183.0,FRA,32.7,0,0,0,R,196.0,AUS,30.2,,105.0,601.0,60.0,870.0
2026-australian-open-5,australian-open,Hard,Jaume Munar,Dalibor Svrcina,3-6 6-2 6-7 5-5 7-3,Round of 128 ,100,0,0,0,,0,0,0,R,183.0,ESP,32.4,0,0,0,R,178.0,CZE,26.3,,38.0,1155.0,116.0,547.0
2026-australian-open-5,australian-open,Hard,Reilly Opelka,Nicolai Budkov Kjaer,6-4 6-3 6-4,Round of 128 ,100,0,0,0,,0,0,0,R,211.0,USA,32.0,0,0,0,R,188.0,NOR,23.0,,74.0,768.0,124.0,519.0
2026-australian-open-5,australian-open,Hard,Juncheng Shang,Roberto Bautista Agut,6-4 6-7 2-4 6-0,Round of 128 ,100,0,0,0,,0,0,0,R,180.0,CHN,24.8,0,0,0,R,183.0,ESP,41.5,,261.0,205.0,98.0,629.0
2026-australian-open-5,australian-open,Hard,Alexander Shevchenko,Elias Ymer,3-6 7-5 6-4 6-1,Round of 128 ,100,0,0,0,,0,0,0,R,185.0,KAZ,28.9,0,0,0,R,185.0,SWE,33.5,,92.0,0.0,176.0,349.0
2026-australian-open-5,australian-open,Hard,Jordan Thompson,Juan Manuel Cerundolo,6-7 3-5 7-1 6-1,Round of 128 ,100,0,0,0,,0,0,0,R,183.0,AUS,35.5,0,0,0,R,183.0,ARG,27.2,,142.0,438.0,72.0,776.0
2026-australian-open-5,australian-open,Hard,Thiago Agustin Tirante,Aleksandar Vukic,7-5 6-2 6-2,Round of 128 ,100,0,0,0,,0,0,0,R,185.0,ARG,28.5,0,0,0,R,188.0,AUS,33.5,,69.0,801.0,99.0,626.0
2026-australian-open-5,australian-open,Hard,Stan Wawrinka,Laslo Djere,5-7 6-3 6-4 7-6,Round of 128 ,100,0,0,0,,0,0,0,R,183.0,SUI,44.6,0,0,0,R,188.0,SRB,34.4,,125.0,518.0,279.0,187.0
2026-australian-open-5,australian-open,Hard,Carlos Alcaraz,Adam Walton,6-3 7-6 6-2,Round of 128 ,100,0,0,0,,0,0,0,R,183.0,ESP,26.5,0,0,0,R,183.0,AUS,30.4,,2.0,12960.0,103.0,608.0
2026-australian-open-5,australian-open,Hard,Alexander Zverev,Gabriel Diallo,6-7 1-1 6-4 6-2,Round of 128 ,100,0,0,0,,0,0,0,R,198.0,GER,32.5,0,0,0,R,203.0,CAN,28.1,,3.0,5805.0,46.0,1000.0
2026-australian-open-5,australian-open,Hard,Alexander Bublik,Jenson Brooksby,6-4 6-4 6-4,Round of 128 ,100,0,0,0,,0,0,0,R,196.0,KAZ,32.3,0,0,0,R,188.0,USA,27.2,,11.0,3355.0,63.0,862.0
2026-australian-open-5,australian-open,Hard,Francisco Cerundolo,Zhizhen Zhang,6-3 7-6 6-0,Round of 128 ,100,0,0,0,,0,0,0,R,185.0,ARG,31.2,0,0,0,R,193.0,CHN,33.0,,27.0,1620.0,239.0,240.0
2026-australian-open-5,australian-open,Hard,Arthur Fery,Flavio Cobolli,7-6 6-1 6-4,Round of 128 ,100,0,0,0,,0,0,0,R,175.0,GBR,26.9,0,0,0,R,183.0,ITA,27.4,,157.0,383.0,12.0,2750.0
2026-australian-open-5,australian-open,Hard,Cameron Norrie,Benjamin Bonzi,6-0 6-7 2-6 4-3 6-4,Round of 128 ,100,0,0,0,,0,0,0,R,188.0,GBR,34.2,0,0,0,R,183.0,FRA,33.4,,19.0,1918.0,101.0,616.0
2026-australian-open-5,australian-open,Hard,Frances Tiafoe,Jason Kubler,7-6 6-4 6-3,Round of 128 ,100,0,0,0,,0,0,0,R,188.0,USA,31.7,0,0,0,R,178.0,AUS,35.6,,22.0,1865.0,377.0,130.0
2026-australian-open-5,australian-open,Hard,Corentin Moutet,Tristan Schoolkate,6-4 7-6 6-1,Round of 128 ,100,0,0,0,,0,0,0,R,180.0,FRA,30.5,0,0,0,R,183.0,AUS,28.4,,30.0,1413.0,126.0,512.0
2026-australian-open-5,australian-open,Hard,Francisco Comesana,Patrick Kypson,6-2 6-3 3-6 6-3,Round of 128 ,100,0,0,0,,0,0,0,R,178.0,ARG,28.8,0,0,0,R,188.0,USA,29.4,,114.0,570.0,89.0,669.0
2026-australian-open-5,australian-open,Hard,Damir Dzumhur,Liam Draxl,7-5 6-0 6-4,Round of 128 ,100,0,0,0,,0,0,0,R,175.0,BIH,37.4,0,0,0,R,185.0,UNK,25.5,,87.0,674.0,171.0,364.0
2026-australian-open-5,australian-open,Hard,Tomas Martin Etcheverry,Miomir Kecmanovic,6-2 3-6 4-6 6-3 6-4,Round of 128 ,100,0,0,0,,0,0,0,R,196.0,ARG,30.3,0,0,0,R,183.0,SRB,30.1,,26.0,1660.0,70.0,795.0
2026-australian-open-5,australian-open,Hard,Jaime Faria,Alexander Blockx,6-3 3-6 6-3 6-4,Round of 128 ,100,0,0,0,,0,0,0,R,188.0,POR,26.0,0,0,0,R,191.0,BEL,24.5,,119.0,529.0,36.0,1200.0
2026-australian-open-5,australian-open,Hard,Marton Fucsovics,Camilo Ugo Carabelli,7-6 6-5 6-1,Round of 128 ,100,0,0,0,,0,0,0,R,188.0,HUN,37.7,0,0,0,R,185.0,ARG,30.1,,57.0,884.0,61.0,865.0
2026-australian-open-5,australian-open,Hard,Yannick Hanfmann,Zachary Svajda,7-5 4-6 6-4 7-6,Round of 128 ,100,0,0,0,,0,0,0,R,193.0,GER,37.8,0,0,0,R,175.0,USA,26.8,,59.0,879.0,90.0,666.0
2026-australian-open-5,australian-open,Hard,Emilio Nava,Kyrian Jacquet,6-2 7-5 6-7 5-6 4-6 7-6,Round of 128 ,100,0,0,0,,0,0,0,R,185.0,USA,27.6,0,0,0,R,178.0,FRA,28.2,,108.0,594.0,147.0,423.0
2026-australian-open-5,australian-open,Hard,Michael Zheng,Sebastian Korda,6-4 6-4 3-6 6-7 0-3,Round of 128 ,100,0,0,0,,0,0,0,R,185.0,UNK,25.5,0,0,0,R,196.0,USA,29.1,,149.0,414.0,43.0,1050.0
2026-australian-open-5,australian-open,Hard,Liam Draxl,Mackenzie McDonald,3-6 7-6 6-2,3rd Round Qualifying ,100,0,0,0,,0,0,0,R,185.0,UNK,25.5,0,0,0,R,185.0,UNK,25.5,,171.0,364.0,150.0,0.0
2026-australian-open-5,australian-open,Hard,Jason Kubler,Alexander Blockx,3-6 6-3 1-0,3rd Round Qualifying ,100,0,0,0,,0,0,0,R,178.0,AUS,35.6,0,0,0,R,191.0,BEL,24.5,,377.0,130.0,36.0,1200.0
2026-australian-open-5,australian-open,Hard,Francesco Maestrelli,Dusan Lajovic,4-6 6-4 6-3,3rd Round Qualifying ,100,0,0,0,,0,0,0,R,196.0,ITA,24.8,0,0,0,R,183.0,SRB,39.3,,112.0,575.0,132.0,471.0
2026-australian-open-5,australian-open,Hard,Arthur Fery,Dino Prizmic,6-4 6-1,3rd Round Qualifying ,100,0,0,0,,0,0,0,R,175.0,GBR,26.9,0,0,0,R,188.0,CRO,23.5,,157.0,383.0,79.0,740.0
2026-australian-open-5,australian-open,Hard,Jaime Faria,Marco Trungelliti,7-6 6-5,3rd Round Qualifying ,100,0,0,0,,0,0,0,R,188.0,POR,26.0,0,0,0,R,178.0,ARG,39.6,,119.0,529.0,78.0,743.0
2026-australian-open-5,australian-open,Hard,Nicolai Budkov Kjaer,Pierre-Hugues Herbert,6-2 6-3,3rd Round Qualifying ,100,0,0,0,,0,0,0,R,188.0,NOR,23.0,0,0,0,R,185.0,UNK,25.5,,124.0,519.0,150.0,0.0
2026-australian-open-5,australian-open,Hard,Michael Zheng,Lukas Klein,4-6 6-3 7-6,3rd Round Qualifying ,100,0,0,0,,0,0,0,R,185.0,UNK,25.5,0,0,0,R,193.0,SVK,31.6,,149.0,414.0,159.0,380.0
2026-australian-open-5,australian-open,Hard,Zachary Svajda,Kimmer Coppejans,7-6 6-5,3rd Round Qualifying ,100,0,0,0,,0,0,0,R,175.0,USA,26.8,0,0,0,R,178.0,BEL,34.6,,90.0,666.0,217.0,269.0
2026-australian-open-5,australian-open,Hard,Arthur Gea,Adolfo Daniel Vallejo,6-2 6-2,3rd Round Qualifying ,100,0,0,0,,0,0,0,R,185.0,UNK,25.5,0,0,0,R,185.0,UNK,25.5,,143.0,436.0,84.0,703.0
2026-australian-open-5,australian-open,Hard,Nishesh Basavareddy,George Loffhagen,5-7 6-4 6-4,3rd Round Qualifying ,100,0,0,0,,0,0,0,R,180.0,USA,24.6,0,0,0,R,188.0,GBR,27.2,,154.0,393.0,250.0,223.0
2026-australian-open-5,australian-open,Hard,Martin Damm,Gilles Arnaud Bailly,7-5 7-5,3rd Round Qualifying ,100,0,0,0,,0,0,0,R,203.0,USA,25.4,0,0,0,R,180.0,BEL,24.0,,115.0,547.0,208.0,280.0
2026-australian-open-5,australian-open,Hard,Rafael Jodar,Luca Van Assche,6-3 0-6 6-1,3rd Round Qualifying ,100,0,0,0,,0,0,0,R,185.0,UNK,25.5,0,0,0,R,178.0,FRA,25.5,,34.0,1273.0,97.0,636.0
2026-australian-open-5,australian-open,Hard,Rei Sakamoto,Giulio Zeppieri,6-2 6-2,3rd Round Qualifying ,100,0,0,0,,0,0,0,R,185.0,UNK,25.5,0,0,0,R,183.0,ITA,27.4,,156.0,392.0,164.0,372.0
2026-australian-open-5,australian-open,Hard,Dane Sweeny,Stefano Travaglia,7-6 7-5,3rd Round Qualifying ,100,0,0,0,,0,0,0,R,170.0,AUS,27.9,0,0,0,R,185.0,ITA,36.6,,135.0,462.0,141.0,444.0
2026-australian-open-5,australian-open,Hard,Yibing Wu,Tristan Boyer,6-3 6-2,3rd Round Qualifying ,100,0,0,0,,0,0,0,R,183.0,CHN,29.9,0,0,0,R,185.0,UNK,25.5,,88.0,669.0,257.0,210.0
2026-australian-open-5,australian-open,Hard,Elias Ymer,Coleman Wong,7-6 4-4 6-6,3rd Round Qualifying ,100,0,0,0,,0,0,0,R,185.0,SWE,33.5,0,0,0,R,191.0,HKG,25.3,,176.0,349.0,110.0,583.0
2026-australian-open-5,australian-open,Hard,Arthur Gea,Roman Andres Burruchaga,6-2 6-3,2nd Round Qualifying ,100,0,0,0,,0,0,0,R,185.0,UNK,25.5,0,0,0,R,183.0,ARG,27.3,,143.0,436.0,56.0,885.0
2026-australian-open-5,australian-open,Hard,Michael Zheng,Tomas Barrios Vera,6-4 6-7 5-2,2nd Round Qualifying ,100,0,0,0,,0,0,0,R,185.0,UNK,25.5,0,0,0,R,191.0,CHI,31.7,,149.0,414.0,134.0,464.0
2026-australian-open-5,australian-open,Hard,Mackenzie McDonald,Hugo Grenier,7-6 6-4,2nd Round Qualifying ,100,0,0,0,,0,0,0,R,185.0,UNK,25.5,0,0,0,R,196.0,FRA,33.4,,150.0,0.0,224.0,259.0
2026-australian-open-5,australian-open,Hard,Alexander Blockx,Alex Molcan,6-1 6-1,2nd Round Qualifying ,100,0,0,0,,0,0,0,R,191.0,BEL,24.5,0,0,0,R,178.0,SVK,31.2,,36.0,1200.0,113.0,571.0
2026-australian-open-5,australian-open,Hard,Elias Ymer,Elmer Moller,4-6 6-4 7-5,2nd Round Qualifying ,100,0,0,0,,0,0,0,R,185.0,SWE,33.5,0,0,0,R,183.0,DEN,26.1,,176.0,349.0,153.0,404.0
2026-australian-open-5,australian-open,Hard,Dusan Lajovic,Murphy Cassone,7-5 6-3,2nd Round Qualifying ,100,0,0,0,,0,0,0,R,183.0,SRB,39.3,0,0,0,R,185.0,UNK,25.5,,132.0,471.0,264.0,204.0
2026-australian-open-5,australian-open,Hard,Dino Prizmic,Gustavo Heide,7-5 6-2,2nd Round Qualifying ,100,0,0,0,,0,0,0,R,188.0,CRO,23.5,0,0,0,R,191.0,BRA,27.3,,79.0,740.0,209.0,278.0
2026-australian-open-5,australian-open,Hard,Jason Kubler,Vilius Gaubas,7-5 6-2,2nd Round Qualifying ,100,0,0,0,,0,0,0,R,178.0,AUS,35.6,0,0,0,R,178.0,LTU,24.6,,377.0,130.0,121.0,527.0
2026-australian-open-5,australian-open,Hard,Marco Trungelliti,Henrique Rocha,7-5 4-6 6-3,2nd Round Qualifying ,100,0,0,0,,0,0,0,R,178.0,ARG,39.6,0,0,0,R,180.0,POR,25.4,,78.0,743.0,120.0,529.0
2026-australian-open-5,australian-open,Hard,Liam Draxl,Vitaliy Sachko,6-3 5-7 7-6,2nd Round Qualifying ,100,0,0,0,,0,0,0,R,185.0,UNK,25.5,0,0,0,R,188.0,UKR,32.1,,171.0,364.0,193.0,305.0
2026-australian-open-5,australian-open,Hard,Nicolai Budkov Kjaer,James McCabe,4-6 6-3 7-6,2nd Round Qualifying ,100,0,0,0,,0,0,0,R,188.0,NOR,23.0,0,0,0,R,185.0,UNK,25.5,,124.0,519.0,150.0,0.0
2026-australian-open-5,australian-open,Hard,Francesco Maestrelli,Thiago Seyboth Wild,7-6 6-2,2nd Round Qualifying ,100,0,0,0,,0,0,0,R,196.0,ITA,24.8,0,0,0,R,185.0,BRA,29.6,,112.0,575.0,247.0,229.0
2026-australian-open-5,australian-open,Hard,Tristan Boyer,Francesco Passaro,6-7 4-4 6-2,2nd Round Qualifying ,100,0,0,0,,0,0,0,R,185.0,UNK,25.5,0,0,0,R,180.0,ITA,28.3,,257.0,210.0,145.0,431.0
2026-australian-open-5,australian-open,Hard,Lukas Klein,Daniel Merida,6-3 6-7 2-4,2nd Round Qualifying ,100,0,0,0,,0,0,0,R,193.0,SVK,31.6,0,0,0,R,185.0,UNK,25.5,,159.0,380.0,86.0,696.0
2026-australian-open-5,australian-open,Hard,Zachary Svajda,Jurij Rodionov,6-1 6-4,2nd Round Qualifying ,100,0,0,0,,0,0,0,R,175.0,USA,26.8,0,0,0,R,191.0,AUT,30.3,,90.0,666.0,160.0,379.0
2026-australian-open-5,australian-open,Hard,Adolfo Daniel Vallejo,Federico Cina,4-6 6-2 6-3,2nd Round Qualifying ,100,0,0,0,,0,0,0,R,185.0,UNK,25.5,0,0,0,R,185.0,UNK,25.5,,84.0,703.0,225.0,255.0
2026-australian-open-5,australian-open,Hard,Kimmer Coppejans,Leandro Riedi,3-6 6-3 6-4,2nd Round Qualifying ,100,0,0,0,,0,0,0,R,178.0,BEL,34.6,0,0,0,R,191.0,SUI,27.4,,217.0,269.0,128.0,506.0
2026-australian-open-5,australian-open,Hard,Jaime Faria,Benjamin Hassan,6-3 6-4,2nd Round Qualifying ,100,0,0,0,,0,0,0,R,188.0,POR,26.0,0,0,0,R,183.0,LBN,34.6,,119.0,529.0,339.0,150.0
2026-australian-open-5,australian-open,Hard,Arthur Fery,Bernard Tomic,6-4 6-2,2nd Round Qualifying ,100,0,0,0,,0,0,0,R,175.0,GBR,26.9,0,0,0,R,196.0,AUS,33.3,,157.0,383.0,194.0,305.0
2026-australian-open-5,australian-open,Hard,Pierre-Hugues Herbert,Gonzalo Bueno,7-5 6-2,2nd Round Qualifying ,100,0,0,0,,0,0,0,R,185.0,UNK,25.5,0,0,0,R,173.0,PER,25.4,,150.0,0.0,184.0,325.0
2026-australian-open-5,australian-open,Hard,Rafael Jodar,Chris Rodesch,7-6 6-10,2nd Round Qualifying ,100,0,0,0,,0,0,0,R,185.0,UNK,25.5,0,0,0,R,198.0,LUX,28.1,,34.0,1273.0,166.0,369.0
2026-australian-open-5,australian-open,Hard,Dane Sweeny,Jerome Kym,6-4 6-4,2nd Round Qualifying ,100,0,0,0,,0,0,0,R,170.0,AUS,27.9,0,0,0,R,198.0,SUI,26.6,,135.0,462.0,187.0,319.0
2026-australian-open-5,australian-open,Hard,Stefano Travaglia,Martin Landaluce,4-6 6-1 6-4,2nd Round Qualifying ,100,0,0,0,,0,0,0,R,185.0,ITA,36.6,0,0,0,R,191.0,ESP,23.2,,141.0,444.0,94.0,639.0
2026-australian-open-5,australian-open,Hard,Luca Van Assche,Daniil Glinka,6-3 6-0,2nd Round Qualifying ,100,0,0,0,,0,0,0,R,178.0,FRA,25.5,0,0,0,R,188.0,EST,26.3,,97.0,636.0,178.0,342.0
2026-australian-open-5,australian-open,Hard,Coleman Wong,Pablo Llamas Ruiz,7-6 6-7,2nd Round Qualifying ,100,0,0,0,,0,0,0,R,191.0,HKG,25.3,0,0,0,R,188.0,ESP,26.5,,110.0,583.0,139.0,448.0
2026-australian-open-5,australian-open,Hard,Yibing Wu,Nicolas Mejia,6-4 6-4,2nd Round Qualifying ,100,0,0,0,,0,0,0,R,183.0,CHN,29.9,0,0,0,R,183.0,COL,29.5,,88.0,669.0,174.0,354.0
2026-australian-open-5,australian-open,Hard,Giulio Zeppieri,Brandon Holt,6-7 4-5 7-4,2nd Round Qualifying ,100,0,0,0,,0,0,0,R,183.0,ITA,27.4,0,0,0,R,185.0,USA,31.3,,164.0,372.0,352.0,144.0
2026-australian-open-5,australian-open,Hard,George Loffhagen,Yoshihito Nishioka,6-3 3-1,2nd Round Qualifying ,100,0,0,0,,0,0,0,R,188.0,GBR,27.2,0,0,0,R,170.0,JPN,34.0,,250.0,223.0,175.0,351.0
2026-australian-open-5,australian-open,Hard,Gilles Arnaud Bailly,Roberto Carballes Baena,7-6 6-4 3-7 6-2,2nd Round Qualifying ,100,0,0,0,,0,0,0,R,180.0,BEL,24.0,0,0,0,R,183.0,ESP,36.6,,208.0,280.0,199.0,292.0
2026-australian-open-5,australian-open,Hard,Nishesh Basavareddy,Sebastian Ofner,4-6 6-4 7-6,2nd Round Qualifying ,100,0,0,0,,0,0,0,R,180.0,USA,24.6,0,0,0,R,191.0,AUT,33.2,,154.0,393.0,82.0,711.0
2026-australian-open-5,australian-open,Hard,Rei Sakamoto,Colton Smith,6-4 6-4,2nd Round Qualifying ,100,0,0,0,,0,0,0,R,185.0,UNK,25.5,0,0,0,R,185.0,UNK,25.5,,156.0,392.0,190.0,308.0
2026-australian-open-5,australian-open,Hard,Martin Damm,Titouan Droguet,6-4 6-3,2nd Round Qualifying ,100,0,0,0,,0,0,0,R,203.0,USA,25.4,0,0,0,R,191.0,FRA,28.3,,115.0,547.0,109.0,594.0
2026-australian-open-5,australian-open,Hard,Roman Andres Burruchaga,Ryan Peniston,6-1 6-1,1st Round Qualifying ,100,0,0,0,,0,0,0,R,183.0,ARG,27.3,0,0,0,R,180.0,GBR,32.6,,56.0,885.0,299.0,176.0
2026-australian-open-5,australian-open,Hard,Tomas Barrios Vera,Sascha Gueymard Wayenburg,6-2 7-6,1st Round Qualifying ,100,0,0,0,,0,0,0,R,191.0,CHI,31.7,0,0,0,R,185.0,UNK,25.5,,134.0,464.0,259.0,209.0
2026-australian-open-5,australian-open,Hard,Mackenzie McDonald,Dmitry Popko,6-7 4-4 6-5,1st Round Qualifying ,100,0,0,0,,0,0,0,R,185.0,UNK,25.5,0,0,0,R,191.0,KAZ,32.2,,150.0,0.0,235.0,0.0
2026-australian-open-5,australian-open,Hard,Alexander Blockx,Marco Cecchinato,6-3 6-4,1st Round Qualifying ,100,0,0,0,,0,0,0,R,191.0,BEL,24.5,0,0,0,R,185.0,ITA,35.9,,36.0,1200.0,182.0,329.0
2026-australian-open-5,australian-open,Hard,Elmer Moller,Marc Polmans,6-4 7-6,1st Round Qualifying ,100,0,0,0,,0,0,0,R,183.0,DEN,26.1,0,0,0,R,188.0,AUS,32.2,,153.0,404.0,347.0,147.0
2026-australian-open-5,australian-open,Hard,Leandro Riedi,Jan Choinski,6-3 6-4,1st Round Qualifying ,100,0,0,0,,0,0,0,R,191.0,SUI,27.4,0,0,0,R,196.0,GBR,33.2,,128.0,506.0,122.0,526.0
2026-australian-open-5,australian-open,Hard,Nicolas Mejia,Otto Virtanen,6-3 3-6 6-4,1st Round Qualifying ,100,0,0,0,,0,0,0,R,183.0,COL,29.5,0,0,0,R,193.0,FIN,28.3,,174.0,354.0,127.0,512.0
2026-australian-open-5,australian-open,Hard,Chris Rodesch,Billy Harris,6-3 6-4,1st Round Qualifying ,100,0,0,0,,0,0,0,R,198.0,LUX,28.1,0,0,0,R,193.0,GBR,34.6,,166.0,369.0,148.0,421.0
2026-australian-open-5,australian-open,Hard,Vilius Gaubas,Nicolas Moreno De Alboran,7-5 6-3,1st Round Qualifying ,100,0,0,0,,0,0,0,R,178.0,LTU,24.6,0,0,0,R,185.0,USA,32.0,,121.0,527.0,143.0,0.0
2026-australian-open-5,australian-open,Hard,Liam Draxl,Moerani Bouzige,7-6 6-3,1st Round Qualifying ,100,0,0,0,,0,0,0,R,185.0,UNK,25.5,0,0,0,R,185.0,UNK,25.5,,171.0,364.0,150.0,0.0
2026-australian-open-5,australian-open,Hard,Zachary Svajda,Hady Habib,6-1 6-3,1st Round Qualifying ,100,0,0,0,,0,0,0,R,175.0,USA,26.8,0,0,0,R,188.0,LIB,31.0,,90.0,666.0,335.0,0.0
2026-australian-open-5,australian-open,Hard,Adolfo Daniel Vallejo,Rodrigo Pacheco Mendez,6-1 6-2,1st Round Qualifying ,100,0,0,0,,0,0,0,R,185.0,UNK,25.5,0,0,0,R,188.0,MEX,24.3,,84.0,703.0,255.0,212.0
2026-australian-open-5,australian-open,Hard,Coleman Wong,Ugo Blanchet,6-3 7-6,1st Round Qualifying ,100,0,0,0,,0,0,0,R,191.0,HKG,25.3,0,0,0,R,175.0,FRA,30.5,,110.0,583.0,162.0,373.0
2026-australian-open-5,australian-open,Hard,Federico Cina,Lloyd Harris,6-4 6-7 4-3,1st Round Qualifying ,100,0,0,0,,0,0,0,R,185.0,UNK,25.5,0,0,0,R,193.0,RSA,32.3,,225.0,255.0,146.0,423.0
2026-australian-open-5,australian-open,Hard,Kimmer Coppejans,Omar Jasika,7-6 6-2,1st Round Qualifying ,100,0,0,0,,0,0,0,R,178.0,BEL,34.6,0,0,0,R,183.0,AUS,31.6,,217.0,269.0,377.0,0.0
2026-australian-open-5,australian-open,Hard,Arthur Gea,Zdenek Kolar,6-2 6-3,1st Round Qualifying ,100,0,0,0,,0,0,0,R,185.0,UNK,25.5,0,0,0,R,183.0,CZE,30.7,,143.0,436.0,165.0,371.0
2026-australian-open-5,australian-open,Hard,Hugo Grenier,Daniel Elahi Galan,7-6 1-9,1st Round Qualifying ,100,0,0,0,,0,0,0,R,196.0,FRA,33.4,0,0,0,R,191.0,COL,33.1,,224.0,259.0,271.0,200.0
2026-australian-open-5,australian-open,Hard,Rafael Jodar,Li Tu,6-2 6-1,1st Round Qualifying ,100,0,0,0,,0,0,0,R,185.0,UNK,25.5,0,0,0,R,183.0,AUS,33.3,,34.0,1273.0,349.0,145.0
2026-australian-open-5,australian-open,Hard,Jason Kubler,Harold Mayot,6-3 6-4,1st Round Qualifying ,100,0,0,0,,0,0,0,R,178.0,AUS,35.6,0,0,0,R,180.0,FRA,27.7,,377.0,130.0,210.0,278.0
2026-australian-open-5,australian-open,Hard,Pablo Llamas Ruiz,Henry Bernet,3-6 6-3 7-6,1st Round Qualifying ,100,0,0,0,,0,0,0,R,188.0,ESP,26.5,0,0,0,R,185.0,UNK,25.5,,139.0,448.0,150.0,0.0
2026-australian-open-5,australian-open,Hard,Alex Molcan,Sho Shimabukuro,6-4 4-6 6-3,1st Round Qualifying ,100,0,0,0,,0,0,0,R,178.0,SVK,31.2,0,0,0,R,180.0,JPN,31.2,,113.0,571.0,107.0,596.0
2026-australian-open-5,australian-open,Hard,Jurij Rodionov,Juan Pablo Ficovich,7-5 6-3,1st Round Qualifying ,100,0,0,0,,0,0,0,R,191.0,AUT,30.3,0,0,0,R,191.0,ARG,30.0,,160.0,379.0,203.0,284.0
2026-australian-open-5,australian-open,Hard,Vitaliy Sachko,Viktor Durasovic,6-3 7-6,1st Round Qualifying ,100,0,0,0,,0,0,0,R,188.0,UKR,32.1,0,0,0,R,185.0,NOR,31.8,,193.0,305.0,413.0,0.0
2026-australian-open-5,australian-open,Hard,Yibing Wu,Mitchell Krueger,7-5 6-4,1st Round Qualifying ,100,0,0,0,,0,0,0,R,183.0,CHN,29.9,0,0,0,R,188.0,USA,35.6,,88.0,669.0,270.0,201.0
2026-australian-open-5,australian-open,Hard,Elias Ymer,Alex Bolt,7-6 7-4,1st Round Qualifying ,100,0,0,0,,0,0,0,R,185.0,SWE,33.5,0,0,0,R,183.0,AUS,36.5,,176.0,349.0,138.0,456.0
2026-australian-open-5,australian-open,Hard,Michael Zheng,Cruz Hewitt,6-3 6-3,1st Round Qualifying ,100,0,0,0,,0,0,0,R,185.0,UNK,25.5,0,0,0,R,185.0,UNK,25.5,,149.0,414.0,150.0,0.0
2026-australian-open-5,australian-open,Hard,Gonzalo Bueno,Nikoloz Basilashvili,6-1 7-6,1st Round Qualifying ,100,0,0,0,,0,0,0,R,173.0,PER,25.4,0,0,0,R,185.0,GEO,36.0,,184.0,325.0,117.0,539.0
2026-australian-open-5,australian-open,Hard,Brandon Holt,Lukas Neumayer,4-6 6-2 6-3,1st Round Qualifying ,100,0,0,0,,0,0,0,R,185.0,USA,31.3,0,0,0,R,183.0,AUT,27.0,,352.0,144.0,191.0,307.0
2026-australian-open-5,australian-open,Hard,Yoshihito Nishioka,Nerman Fatic,6-1 6-2,1st Round Qualifying ,100,0,0,0,,0,0,0,R,170.0,JPN,34.0,0,0,0,R,191.0,BIH,34.2,,175.0,351.0,235.0,242.0
2026-australian-open-5,australian-open,Hard,Martin Landaluce,Chun-Hsin Tseng,7-5 6-3,1st Round Qualifying ,100,0,0,0,,0,0,0,R,191.0,ESP,23.2,0,0,0,R,185.0,UNK,25.5,,94.0,639.0,150.0,0.0
2026-australian-open-5,australian-open,Hard,Dusan Lajovic,Facundo Diaz Acosta,7-6 5-3 7-7,1st Round Qualifying ,100,0,0,0,,0,0,0,R,183.0,SRB,39.3,0,0,0,R,183.0,ARG,28.8,,132.0,471.0,179.0,336.0
2026-australian-open-5,australian-open,Hard,Dino Prizmic,Genaro Alberto Olivieri,6-1 6-4,1st Round Qualifying ,100,0,0,0,,0,0,0,R,188.0,CRO,23.5,0,0,0,R,175.0,ARG,29.8,,79.0,740.0,214.0,270.0
2026-australian-open-5,australian-open,Hard,Roberto Carballes Baena,Arthur Bouquier,6-2 6-2,1st Round Qualifying ,100,0,0,0,,0,0,0,R,183.0,ESP,36.6,0,0,0,R,185.0,UNK,25.5,,199.0,292.0,150.0,0.0
2026-australian-open-5,australian-open,Hard,Marco Trungelliti,Philip Sekulic,6-2 1-6 6-1,1st Round Qualifying ,100,0,0,0,,0,0,0,R,178.0,ARG,39.6,0,0,0,R,191.0,AUS,25.0,,78.0,743.0,357.0,141.0
2026-australian-open-5,australian-open,Hard,Sebastian Ofner,August Holmgren,6-4 6-4,1st Round Qualifying ,100,0,0,0,,0,0,0,R,191.0,AUT,33.2,0,0,0,R,188.0,DEN,31.3,,82.0,711.0,167.0,368.0
2026-australian-open-5,australian-open,Hard,Titouan Droguet,Nicolas Jarry,6-4 6-3,1st Round Qualifying ,100,0,0,0,,0,0,0,R,191.0,FRA,28.3,0,0,0,R,201.0,CHI,34.0,,109.0,594.0,173.0,356.0
2026-australian-open-5,australian-open,Hard,Luca Van Assche,Moez Echargui,6-4 6-4,1st Round Qualifying ,100,0,0,0,,0,0,0,R,178.0,FRA,25.5,0,0,0,R,178.0,TUN,36.5,,97.0,636.0,140.0,447.0
2026-australian-open-5,australian-open,Hard,Nicolai Budkov Kjaer,Yosuke Watanuki,6-7 5-5 7-4,1st Round Qualifying ,100,0,0,0,,0,0,0,R,188.0,NOR,23.0,0,0,0,R,180.0,JPN,31.4,,124.0,519.0,262.0,205.0
2026-australian-open-5,australian-open,Hard,Francesco Maestrelli,Lorenzo Giustino,7-6 6-4,1st Round Qualifying ,100,0,0,0,,0,0,0,R,196.0,ITA,24.8,0,0,0,R,180.0,ITA,36.6,,112.0,575.0,205.0,283.0
2026-australian-open-5,australian-open,Hard,Bernard Tomic,Hugo Dellien,6-3 6-3,1st Round Qualifying ,100,0,0,0,,0,0,0,R,196.0,AUS,33.3,0,0,0,R,180.0,BOL,36.2,,194.0,305.0,133.0,468.0
2026-australian-open-5,australian-open,Hard,Dane Sweeny,Andrea Pellegrino,6-2 4-6 6-3,1st Round Qualifying ,100,0,0,0,,0,0,0,R,170.0,AUS,27.9,0,0,0,R,185.0,ITA,32.3,,135.0,462.0,155.0,393.0
2026-australian-open-5,australian-open,Hard,Francesco Passaro,Mark Lajal,7-6 6-4,1st Round Qualifying ,100,0,0,0,,0,0,0,R,180.0,ITA,28.3,0,0,0,R,191.0,EST,26.3,,145.0,431.0,158.0,383.0
2026-australian-open-5,australian-open,Hard,Lukas Klein,Zsombor Piros,6-4 6-4,1st Round Qualifying ,100,0,0,0,,0,0,0,R,193.0,SVK,31.6,0,0,0,R,180.0,HUN,29.9,,159.0,380.0,163.0,373.0
2026-australian-open-5,australian-open,Hard,Colton Smith,Luka Pavlovic,7-6 6-4,1st Round Qualifying ,100,0,0,0,,0,0,0,R,185.0,UNK,25.5,0,0,0,R,185.0,UNK,25.5,,190.0,308.0,221.0,261.0
2026-australian-open-5,australian-open,Hard,Gilles Arnaud Bailly,Jack Pinnington Jones,6-4 6-4,1st Round Qualifying ,100,0,0,0,,0,0,0,R,180.0,BEL,24.0,0,0,0,R,185.0,UNK,25.5,,208.0,280.0,137.0,461.0
2026-australian-open-5,australian-open,Hard,Nishesh Basavareddy,Alexis Galarneau,6-4 6-2,1st Round Qualifying ,100,0,0,0,,0,0,0,R,180.0,USA,24.6,0,0,0,R,180.0,CAN,29.5,,154.0,393.0,192.0,306.0
2026-australian-open-5,australian-open,Hard,Tristan Boyer,Alex Barrena,6-2 6-7 4-2,1st Round Qualifying ,100,0,0,0,,0,0,0,R,185.0,UNK,25.5,0,0,0,R,185.0,UNK,25.5,,257.0,210.0,189.0,309.0
2026-australian-open-5,australian-open,Hard,Murphy Cassone,Yu Hsiou Hsu,3-6 6-3 6-4,1st Round Qualifying ,100,0,0,0,,0,0,0,R,185.0,UNK,25.5,0,0,0,R,178.0,TPE,29.8,,264.0,204.0,212.0,273.0
2026-australian-open-5,australian-open,Hard,Martin Damm,Gauthier Onclin,6-3 3-6 6-4,1st Round Qualifying ,100,0,0,0,,0,0,0,R,203.0,USA,25.4,0,0,0,R,185.0,UNK,25.5,,115.0,547.0,183.0,325.0
2026-australian-open-5,australian-open,Hard,Jaime Faria,Luka Mikrut,7-6 7-2,1st Round Qualifying ,100,0,0,0,,0,0,0,R,188.0,POR,26.0,0,0,0,R,188.0,CRO,25.2,,119.0,529.0,198.0,295.0
2026-australian-open-5,australian-open,Hard,Arthur Fery,Edward Winter,6-2 6-4,1st Round Qualifying ,100,0,0,0,,0,0,0,R,175.0,GBR,26.9,0,0,0,R,185.0,UNK,25.5,,157.0,383.0,150.0,0.0
2026-australian-open-5,australian-open,Hard,Daniil Glinka,Clement Tabur,5-7 6-3 6-4,1st Round Qualifying ,100,0,0,0,,0,0,0,R,188.0,EST,26.3,0,0,0,R,185.0,UNK,25.5,,178.0,342.0,168.0,368.0
2026-australian-open-5,australian-open,Hard,Benjamin Hassan,Matej Dodig,5-7 6-3 6-2,1st Round Qualifying ,100,0,0,0,,0,0,0,R,183.0,LBN,34.6,0,0,0,R,188.0,CRO,24.1,,339.0,150.0,201.0,285.0
2026-australian-open-5,australian-open,Hard,Gustavo Heide,Jay Clarke,6-3 6-3,1st Round Qualifying ,100,0,0,0,,0,0,0,R,191.0,BRA,27.3,0,0,0,R,183.0,GBR,28.9,,209.0,278.0,207.0,282.0
2026-australian-open-5,australian-open,Hard,Pierre-Hugues Herbert,Guy Den Ouden,3-6 6-3 6-2,1st Round Qualifying ,100,0,0,0,,0,0,0,R,185.0,UNK,25.5,0,0,0,R,185.0,UNK,25.5,,150.0,0.0,195.0,304.0
2026-australian-open-5,australian-open,Hard,Jerome Kym,Juan Carlos Prado Angelo,6-3 6-0,1st Round Qualifying ,100,0,0,0,,0,0,0,R,198.0,SUI,26.6,0,0,0,R,185.0,BOL,23.8,,187.0,319.0,180.0,336.0
2026-australian-open-5,australian-open,Hard,George Loffhagen,Justin Engel,7-6 7-4,1st Round Qualifying ,100,0,0,0,,0,0,0,R,188.0,GBR,27.2,0,0,0,R,185.0,UNK,25.5,,250.0,223.0,185.0,323.0
2026-australian-open-5,australian-open,Hard,James McCabe,Pavle Marinkov,6-2 7-6,1st Round Qualifying ,100,0,0,0,,0,0,0,R,185.0,UNK,25.5,0,0,0,R,185.0,UNK,25.5,,150.0,0.0,150.0,0.0
2026-australian-open-5,australian-open,Hard,Daniel Merida,Oliver Crawford,6-3 2-6 6-3,1st Round Qualifying ,100,0,0,0,,0,0,0,R,185.0,UNK,25.5,0,0,0,R,185.0,UNK,25.5,,86.0,696.0,231.0,247.0
2026-australian-open-5,australian-open,Hard,Henrique Rocha,Joao Lucas Reis Da Silva,6-2 6-4,1st Round Qualifying ,100,0,0,0,,0,0,0,R,180.0,POR,25.4,0,0,0,R,185.0,UNK,25.5,,120.0,529.0,202.0,285.0
2026-australian-open-5,australian-open,Hard,Rei Sakamoto,Daniel Evans,6-1 6-2,1st Round Qualifying ,100,0,0,0,,0,0,0,R,185.0,UNK,25.5,0,0,0,R,175.0,GBR,39.3,,156.0,392.0,206.0,282.0
2026-australian-open-5,australian-open,Hard,Thiago Seyboth Wild,Alvaro Guillen Meza,7-5 6-3,1st Round Qualifying ,100,0,0,0,,0,0,0,R,185.0,BRA,29.6,0,0,0,R,175.0,ECU,26.0,,247.0,229.0,230.0,250.0
2026-australian-open-5,australian-open,Hard,Stefano Travaglia,Blake Ellis,6-3 4-6 6-1,1st Round Qualifying ,100,0,0,0,,0,0,0,R,185.0,ITA,36.6,0,0,0,R,185.0,UNK,25.5,,141.0,444.0,150.0,0.0
2026-australian-open-5,australian-open,Hard,Giulio Zeppieri,Dan Added,6-3 6-3,1st Round Qualifying ,100,0,0,0,,0,0,0,R,183.0,ITA,27.4,0,0,0,R,185.0,UNK,25.5,,164.0,372.0,227.0,253.0
2026-montpellier-6,montpellier,Clay,Felix Auger-Aliassime,Adrian Mannarino,6-3 7-6,Final ,100,0,0,0,,0,0,0,R,185.0,UNK,25.5,0,0,0,R,180.0,FRA,41.3,,150.0,0.0,45.0,1035.0
2026-montpellier-6,montpellier,Clay,Felix Auger-Aliassime,Titouan Droguet,6-4 6-7 5-1,Semifinals ,100,0,0,0,,0,0,0,R,185.0,UNK,25.5,0,0,0,R,191.0,FRA,28.3,,150.0,0.0,109.0,594.0
2026-montpellier-6,montpellier,Clay,Adrian Mannarino,Martin Damm,1-6 6-3 6-4,Semifinals ,100,0,0,0,,0,0,0,R,180.0,FRA,41.3,0,0,0,R,203.0,USA,25.4,,45.0,1035.0,115.0,547.0
2026-montpellier-6,montpellier,Clay,Felix Auger-Aliassime,Arthur Fils,6-4 6-2,Quarterfinals ,100,0,0,0,,0,0,0,R,185.0,UNK,25.5,0,0,0,R,185.0,FRA,25.5,,150.0,0.0,17.0,2130.0
2026-montpellier-6,montpellier,Clay,Titouan Droguet,Tallon Griekspoor,7-6 7-5,Quarterfinals ,100,0,0,0,,0,0,0,R,191.0,FRA,28.3,0,0,0,R,188.0,NED,33.3,,109.0,594.0,31.0,1360.0
2026-montpellier-6,montpellier,Clay,Martin Damm,Luca Nardi,6-3 7-6,Quarterfinals ,100,0,0,0,,0,0,0,R,203.0,USA,25.4,0,0,0,R,185.0,ITA,26.1,,115.0,547.0,151.0,409.0
2026-montpellier-6,montpellier,Clay,Adrian Mannarino,Arthur Gea,5-7 6-4 6-4,Quarterfinals ,100,0,0,0,,0,0,0,R,180.0,FRA,41.3,0,0,0,R,185.0,UNK,25.5,,45.0,1035.0,143.0,436.0
2026-montpellier-6,montpellier,Clay,Felix Auger-Aliassime,Stan Wawrinka,6-4 7-6,Round of 16 ,100,0,0,0,,0,0,0,R,185.0,UNK,25.5,0,0,0,R,183.0,SUI,44.6,,150.0,0.0,125.0,518.0
2026-montpellier-6,montpellier,Clay,Luca Nardi,Flavio Cobolli,6-2 6-3,Round of 16 ,100,0,0,0,,0,0,0,R,185.0,ITA,26.1,0,0,0,R,183.0,ITA,27.4,,151.0,409.0,12.0,2750.0
2026-montpellier-6,montpellier,Clay,Tallon Griekspoor,Pablo Carreno Busta,6-4 6-4,Round of 16 ,100,0,0,0,,0,0,0,R,188.0,NED,33.3,0,0,0,R,188.0,ESP,38.2,,31.0,1360.0,91.0,663.0
2026-montpellier-6,montpellier,Clay,Arthur Fils,Ugo Blanchet,7-6 7-4,Round of 16 ,100,0,0,0,,0,0,0,R,185.0,FRA,25.5,0,0,0,R,175.0,FRA,30.5,,17.0,2130.0,162.0,373.0
2026-montpellier-6,montpellier,Clay,Titouan Droguet,Aleksandar Kovacevic,4-6 7-6 6-5,Round of 16 ,100,0,0,0,,0,0,0,R,191.0,FRA,28.3,0,0,0,R,183.0,USA,31.1,,109.0,594.0,95.0,639.0
2026-montpellier-6,montpellier,Clay,Arthur Gea,Tomas Machac,6-3 4-5,Round of 16 ,100,0,0,0,,0,0,0,R,185.0,UNK,25.5,0,0,0,R,183.0,CZE,29.0,,143.0,436.0,41.0,1100.0
2026-montpellier-6,montpellier,Clay,Adrian Mannarino,Ugo Humbert,6-7 4-3 6-6 7-4,Round of 16 ,100,0,0,0,,0,0,0,R,180.0,FRA,41.3,0,0,0,R,188.0,FRA,31.3,,45.0,1035.0,33.0,1280.0
2026-montpellier-6,montpellier,Clay,Martin Damm,Roberto Bautista Agut,6-1 6-3,Round of 16 ,100,0,0,0,,0,0,0,R,203.0,USA,25.4,0,0,0,R,183.0,ESP,41.5,,115.0,547.0,98.0,629.0
2026-montpellier-6,montpellier,Clay,Aleksandar Kovacevic,Moise Kouame,6-7 5-2 6-2,Round of 32 ,100,0,0,0,,0,0,0,R,183.0,USA,31.1,0,0,0,R,185.0,UNK,25.5,,95.0,639.0,313.0,165.0
2026-montpellier-6,montpellier,Clay,Luca Nardi,Nikoloz Basilashvili,6-3 6-3,Round of 32 ,100,0,0,0,,0,0,0,R,185.0,ITA,26.1,0,0,0,R,185.0,GEO,36.0,,151.0,409.0,117.0,539.0
2026-montpellier-6,montpellier,Clay,Stan Wawrinka,Hamad Medjedovic,7-6 6-3,Round of 32 ,100,0,0,0,,0,0,0,R,183.0,SUI,44.6,0,0,0,R,188.0,SRB,26.3,,125.0,518.0,67.0,804.0
2026-montpellier-6,montpellier,Clay,Ugo Humbert,Botic van de Zandschulp,6-3 6-4,Round of 32 ,100,0,0,0,,0,0,0,R,188.0,FRA,31.3,0,0,0,R,185.0,UNK,25.5,,33.0,1280.0,150.0,0.0
2026-montpellier-6,montpellier,Clay,Arthur Fils,Valentin Royer,7-6 6-7 4-7 6-2,Round of 32 ,100,0,0,0,,0,0,0,R,185.0,FRA,25.5,0,0,0,R,185.0,UNK,25.5,,17.0,2130.0,71.0,788.0
2026-montpellier-6,montpellier,Clay,Martin Damm,Hubert Hurkacz,7-6 6-5,Round of 32 ,100,0,0,0,,0,0,0,R,203.0,USA,25.4,0,0,0,R,196.0,POL,32.7,,115.0,547.0,53.0,930.0
2026-montpellier-6,montpellier,Clay,Ugo Blanchet,Andrea Vavassori,6-4 6-3,Round of 32 ,100,0,0,0,,0,0,0,R,175.0,FRA,30.5,0,0,0,R,193.0,ITA,34.2,,162.0,373.0,206.0,0.0
2026-montpellier-6,montpellier,Clay,Pablo Carreno Busta,Miomir Kecmanovic,4-6 6-3 7-6,Round of 32 ,100,0,0,0,,0,0,0,R,188.0,ESP,38.2,0,0,0,R,183.0,SRB,30.1,,91.0,663.0,70.0,795.0
2026-montpellier-6,montpellier,Clay,Titouan Droguet,Jan Choinski,6-2 7-6,Round of 32 ,100,0,0,0,,0,0,0,R,191.0,FRA,28.3,0,0,0,R,196.0,GBR,33.2,,109.0,594.0,122.0,526.0
2026-montpellier-6,montpellier,Clay,Roberto Bautista Agut,Christopher O'Connell,5-7 6-3 7-5,Round of 32 ,100,0,0,0,,0,0,0,R,183.0,ESP,41.5,0,0,0,R,185.0,UNK,25.5,,98.0,629.0,150.0,413.0
2026-montpellier-6,montpellier,Clay,Arthur Gea,Giovanni Mpetshi Perricard,6-3,Round of 32 ,100,0,0,0,,0,0,0,R,185.0,UNK,25.5,0,0,0,R,203.0,FRA,26.3,,143.0,436.0,58.0,880.0
2026-montpellier-6,montpellier,Clay,Adrian Mannarino,Pedro Martinez,7-6 6-3,Round of 32 ,100,0,0,0,,0,0,0,R,180.0,FRA,41.3,0,0,0,R,185.0,ESP,32.5,,45.0,1035.0,136.0,461.0
2026-montpellier-6,montpellier,Clay,Titouan Droguet,Ugo Blanchet,4-6 7-6 6-4,2nd Round Qualifying ,100,0,0,0,,0,0,0,R,191.0,FRA,28.3,0,0,0,R,175.0,FRA,30.5,,109.0,594.0,162.0,373.0
2026-montpellier-6,montpellier,Clay,Martin Damm,Clement Tabur,7-6 6-5 3-7 7-6,2nd Round Qualifying ,100,0,0,0,,0,0,0,R,203.0,USA,25.4,0,0,0,R,185.0,UNK,25.5,,115.0,547.0,168.0,368.0
2026-montpellier-6,montpellier,Clay,Andrea Vavassori,Hugo Grenier,6-3 7-6,2nd Round Qualifying ,100,0,0,0,,0,0,0,R,193.0,ITA,34.2,0,0,0,R,196.0,FRA,33.4,,206.0,0.0,224.0,259.0
2026-montpellier-6,montpellier,Clay,Moise Kouame,Clement Chidekh,7-5 6-7 6-3,2nd Round Qualifying ,100,0,0,0,,0,0,0,R,185.0,UNK,25.5,0,0,0,R,180.0,FRA,26.6,,313.0,165.0,181.0,336.0
2026-montpellier-6,montpellier,Clay,Clement Tabur,Billy Harris,4-6 7-6 6-3,1st Round Qualifying ,100,0,0,0,,0,0,0,R,185.0,UNK,25.5,0,0,0,R,193.0,GBR,34.6,,168.0,368.0,148.0,421.0
2026-montpellier-6,montpellier,Clay,Ugo Blanchet,Bernabe Zapata Miralles,6-2 6-0,1st Round Qualifying ,100,0,0,0,,0,0,0,R,175.0,FRA,30.5,0,0,0,R,183.0,ESP,32.1,,162.0,373.0,144.0,0.0
2026-montpellier-6,montpellier,Clay,Andrea Vavassori,Roberto Carballes Baena,7-6 6-8,1st Round Qualifying ,100,0,0,0,,0,0,0,R,193.0,ITA,34.2,0,0,0,R,183.0,ESP,36.6,,206.0,0.0,199.0,292.0
2026-montpellier-6,montpellier,Clay,Clement Chidekh,Martin Landaluce,6-4 3-6 7-5,1st Round Qualifying ,100,0,0,0,,0,0,0,R,180.0,FRA,26.6,0,0,0,R,191.0,ESP,23.2,,181.0,336.0,94.0,639.0
2026-montpellier-6,montpellier,Clay,Titouan Droguet,Robin Bertrand,6-1 6-2,1st Round Qualifying ,100,0,0,0,,0,0,0,R,191.0,FRA,28.3,0,0,0,R,185.0,UNK,25.5,,109.0,594.0,278.0,188.0
2026-montpellier-6,montpellier,Clay,Moise Kouame,Elias Ymer,6-4 4-6 7-5,1st Round Qualifying ,100,0,0,0,,0,0,0,R,185.0,UNK,25.5,0,0,0,R,185.0,SWE,33.5,,313.0,165.0,176.0,349.0
2026-montpellier-6,montpellier,Clay,Martin Damm,Matteo Martineau,7-6 6-7,1st Round Qualifying ,100,0,0,0,,0,0,0,R,203.0,USA,25.4,0,0,0,R,183.0,FRA,30.3,,115.0,547.0,327.0,158.0
2026-montpellier-6,montpellier,Clay,Hugo Grenier,Geoffrey Blancaneaux,3-6 6-3 7-6,1st Round Qualifying ,100,0,0,0,,0,0,0,R,196.0,FRA,33.4,0,0,0,R,180.0,FRA,29.5,,224.0,259.0,362.0,139.0
2026-davis-cup-qualifiers-1st-rd-7,davis-cup-qualifiers-1st-rd,Hard,Hyeon Chung,Marco Trungelliti,6-4 6-3,Round Robin ,100,0,0,0,,0,0,0,R,188.0,KOR,28.4,0,0,0,R,178.0,ARG,39.6,,380.0,0.0,78.0,743.0
2026-davis-cup-qualifiers-1st-rd-7,davis-cup-qualifiers-1st-rd,Hard,Raphael Collignon,Ivan Ivanov,6-2 6-2,Round Robin ,100,0,0,0,,0,0,0,R,191.0,BEL,27.7,0,0,0,R,185.0,UNK,25.5,,68.0,802.0,150.0,0.0
2026-davis-cup-qualifiers-1st-rd-7,davis-cup-qualifiers-1st-rd,Hard,Jesper de Jong,Sumit Nagal,5-7 6-1 6-4,Round Robin ,100,0,0,0,,0,0,0,R,185.0,UNK,25.5,0,0,0,R,178.0,IND,32.2,,150.0,0.0,276.0,190.0
2026-davis-cup-qualifiers-1st-rd-7,davis-cup-qualifiers-1st-rd,Hard,Jason Kubler,Emilio Camacho,6-4 6-2,Round Robin ,100,0,0,0,,0,0,0,R,178.0,AUS,35.6,0,0,0,R,185.0,UNK,25.5,,377.0,130.0,150.0,0.0
2026-davis-cup-qualifiers-1st-rd-7,davis-cup-qualifiers-1st-rd,Hard,Soonwoo Kwon,Thiago Agustin Tirante,6-4 4-6 6-3,Round Robin ,100,0,0,0,,0,0,0,R,185.0,UNK,25.5,0,0,0,R,185.0,ARG,28.5,,252.0,217.0,69.0,801.0
2026-davis-cup-qualifiers-1st-rd-7,davis-cup-qualifiers-1st-rd,Hard,Arthur Rinderknech,Alex Molcan,7-5 7-6,Round Robin ,100,0,0,0,,0,0,0,R,196.0,FRA,34.2,0,0,0,R,178.0,SVK,31.2,,24.0,1736.0,113.0,571.0
2026-davis-cup-qualifiers-1st-rd-7,davis-cup-qualifiers-1st-rd,Hard,Dhakshineswar Suresh,Guy Den Ouden,6-4 7-6,Round Robin ,100,0,0,0,,0,0,0,R,185.0,UNK,25.5,0,0,0,R,185.0,UNK,25.5,,150.0,0.0,195.0,304.0
2026-davis-cup-qualifiers-1st-rd-7,davis-cup-qualifiers-1st-rd,Hard,Olle Wallin,Maxim Mrva,6-4 7-6,Round Robin ,100,0,0,0,,0,0,0,R,185.0,UNK,25.5,0,0,0,R,185.0,UNK,25.5,,150.0,0.0,312.0,166.0
2026-davis-cup-qualifiers-1st-rd-7,davis-cup-qualifiers-1st-rd,Hard,Andres Andrade,James Duckworth,3-6 6-3 7-5,Round Robin ,100,0,0,0,,0,0,0,R,180.0,ECU,30.7,0,0,0,R,183.0,AUS,37.7,,237.0,0.0,81.0,722.0
2026-davis-cup-qualifiers-1st-rd-7,davis-cup-qualifiers-1st-rd,Hard,Alexander Blockx,Iliyan Radulov,6-7 3-4 6-1,Round Robin ,100,0,0,0,,0,0,0,R,191.0,BEL,24.5,0,0,0,R,187.0,BUL,24.2,,36.0,1200.0,766.0,0.0
2026-davis-cup-qualifiers-1st-rd-7,davis-cup-qualifiers-1st-rd,Hard,Raphael Collignon,Alexander Vasilev,6-3 6-3,Round Robin ,100,0,0,0,,0,0,0,R,191.0,BEL,27.7,0,0,0,R,185.0,UNK,25.5,,68.0,802.0,150.0,0.0
2026-davis-cup-qualifiers-1st-rd-7,davis-cup-qualifiers-1st-rd,Hard,Guy Den Ouden,Sumit Nagal,6-0 4-6 6-3,Round Robin ,100,0,0,0,,0,0,0,R,185.0,UNK,25.5,0,0,0,R,178.0,IND,32.2,,195.0,304.0,276.0,190.0
2026-davis-cup-qualifiers-1st-rd-7,davis-cup-qualifiers-1st-rd,Hard,Gabriel Diallo,Matheus Pucinelli De Almeida,3-6 6-1 7-6,Round Robin ,100,0,0,0,,0,0,0,R,203.0,CAN,28.1,0,0,0,R,183.0,BRA,26.8,,46.0,1000.0,294.0,0.0
2026-davis-cup-qualifiers-1st-rd-7,davis-cup-qualifiers-1st-rd,Hard,Liam Draxl,Gustavo Heide,6-3 6-4,Round Robin ,100,0,0,0,,0,0,0,R,185.0,UNK,25.5,0,0,0,R,191.0,BRA,27.3,,171.0,364.0,209.0,278.0
2026-davis-cup-qualifiers-1st-rd-7,davis-cup-qualifiers-1st-rd,Hard,Justin Engel,Gonzalo Bueno,6-3 6-7,Round Robin ,100,0,0,0,,0,0,0,R,185.0,UNK,25.5,0,0,0,R,173.0,PER,25.4,,185.0,323.0,184.0,325.0
2026-davis-cup-qualifiers-1st-rd-7,davis-cup-qualifiers-1st-rd,Hard,Alvaro Guillen Meza,Rinky Hijikata,6-4 1-6 6-4,Round Robin ,100,0,0,0,,0,0,0,R,175.0,ECU,26.0,0,0,0,R,178.0,AUS,28.6,,230.0,250.0,96.0,637.0
2026-davis-cup-qualifiers-1st-rd-7,davis-cup-qualifiers-1st-rd,Hard,Jiri Lehecka,Dragos Nicolae Madaras,6-3 6-4,Round Robin ,100,0,0,0,,0,0,0,R,185.0,CZE,27.9,0,0,0,R,191.0,SWE,30.8,,13.0,2715.0,191.0,0.0
2026-davis-cup-qualifiers-1st-rd-7,davis-cup-qualifiers-1st-rd,Hard,Alex Molcan,Alexandre Muller,6-4 6-4,Round Robin ,100,0,0,0,,0,0,0,R,178.0,SVK,31.2,0,0,0,R,183.0,FRA,32.7,,113.0,571.0,105.0,601.0
2026-davis-cup-qualifiers-1st-rd-7,davis-cup-qualifiers-1st-rd,Hard,Emilio Nava,Matyas Fuele,6-2 6-3,Round Robin ,100,0,0,0,,0,0,0,R,185.0,USA,27.6,0,0,0,R,185.0,UNK,25.5,,108.0,594.0,150.0,0.0
2026-davis-cup-qualifiers-1st-rd-7,davis-cup-qualifiers-1st-rd,Hard,Lukas Neumayer,Shintaro Mochizuki,6-3 6-3,Round Robin ,100,0,0,0,,0,0,0,R,183.0,AUT,27.0,0,0,0,R,175.0,JPN,26.3,,191.0,307.0,130.0,480.0
2026-davis-cup-qualifiers-1st-rd-7,davis-cup-qualifiers-1st-rd,Hard,Tommy Paul,Zsombor Piros,7-6 6-3,Round Robin ,100,0,0,0,,0,0,0,R,185.0,USA,32.4,0,0,0,R,180.0,HUN,29.9,,18.0,1975.0,163.0,373.0
2026-davis-cup-qualifiers-1st-rd-7,davis-cup-qualifiers-1st-rd,Hard,Dino Prizmic,Elmer Moller,7-6 7-5,Round Robin ,100,0,0,0,,0,0,0,R,188.0,CRO,23.5,0,0,0,R,183.0,DEN,26.1,,79.0,740.0,153.0,404.0
2026-davis-cup-qualifiers-1st-rd-7,davis-cup-qualifiers-1st-rd,Hard,Ethan Quinn,Fabian Marozsan,3-6 6-3 7-6,Round Robin ,100,0,0,0,,0,0,0,R,191.0,USA,25.3,0,0,0,R,193.0,HUN,30.0,,48.0,977.0,49.0,975.0
2026-davis-cup-qualifiers-1st-rd-7,davis-cup-qualifiers-1st-rd,Hard,Arthur Rinderknech,Norbert Gombos,7-6 7-1,Round Robin ,100,0,0,0,,0,0,0,R,196.0,FRA,34.2,0,0,0,R,193.0,SVK,39.0,,24.0,1736.0,356.0,141.0
2026-davis-cup-qualifiers-1st-rd-7,davis-cup-qualifiers-1st-rd,Hard,Jurij Rodionov,Yoshihito Nishioka,5-7 6-1 6-0,Round Robin ,100,0,0,0,,0,0,0,R,191.0,AUT,30.3,0,0,0,R,170.0,JPN,34.0,,160.0,379.0,175.0,351.0
2026-davis-cup-qualifiers-1st-rd-7,davis-cup-qualifiers-1st-rd,Hard,Matias Soto,Branko Djuric,6-7 2-6 7-4 10-7,Round Robin ,100,0,0,0,,0,0,0,R,185.0,UNK,25.5,0,0,0,R,188.0,SRB,24.7,,291.0,183.0,781.0,0.0
2026-davis-cup-qualifiers-1st-rd-7,davis-cup-qualifiers-1st-rd,Hard,Dhakshineswar Suresh,Jesper de Jong,6-4 7-5,Round Robin ,100,0,0,0,,0,0,0,R,185.0,UNK,25.5,0,0,0,R,185.0,UNK,25.5,,150.0,0.0,150.0,0.0
2026-davis-cup-qualifiers-1st-rd-7,davis-cup-qualifiers-1st-rd,Hard,Dalibor Svrcina,Olle Wallin,6-1 6-3,Round Robin ,100,0,0,0,,0,0,0,R,178.0,CZE,26.3,0,0,0,R,185.0,UNK,25.5,,116.0,547.0,150.0,0.0
2026-davis-cup-qualifiers-1st-rd-7,davis-cup-qualifiers-1st-rd,Hard,Tomas Barrios Vera,Dusan Lajovic,7-5 7-6,Round Robin ,100,0,0,0,,0,0,0,R,191.0,CHI,31.7,0,0,0,R,183.0,SRB,39.3,,134.0,464.0,132.0,471.0
2026-davis-cup-qualifiers-1st-rd-7,davis-cup-qualifiers-1st-rd,Hard,Liam Draxl,Joao Lucas Reis Da Silva,6-3 6-3,Round Robin ,100,0,0,0,,0,0,0,R,185.0,UNK,25.5,0,0,0,R,185.0,UNK,25.5,,171.0,364.0,202.0,285.0
2026-davis-cup-qualifiers-1st-rd-7,davis-cup-qualifiers-1st-rd,Hard,Jacob Fearnley,Nicolai Budkov Kjaer,3-6 6-3 10-7,Round Robin ,100,0,0,0,,0,0,0,R,183.0,GBR,28.2,0,0,0,R,188.0,NOR,23.0,,123.0,523.0,124.0,519.0
2026-davis-cup-qualifiers-1st-rd-7,davis-cup-qualifiers-1st-rd,Hard,Jacob Fearnley,Nicolai Budkov Kjaer,3-6 6-3 10-7,Round Robin ,100,0,0,0,,0,0,0,R,183.0,GBR,28.2,0,0,0,R,188.0,NOR,23.0,,123.0,523.0,124.0,519.0
2026-davis-cup-qualifiers-1st-rd-7,davis-cup-qualifiers-1st-rd,Hard,Yannick Hanfmann,Gonzalo Bueno,6-4 6-4,Round Robin ,100,0,0,0,,0,0,0,R,193.0,GER,37.8,0,0,0,R,173.0,PER,25.4,,59.0,879.0,184.0,325.0
2026-davis-cup-qualifiers-1st-rd-7,davis-cup-qualifiers-1st-rd,Hard,Gustavo Heide,Gabriel Diallo,7-6 3-4 7-6,Round Robin ,100,0,0,0,,0,0,0,R,191.0,BRA,27.3,0,0,0,R,203.0,CAN,28.1,,209.0,278.0,46.0,1000.0
2026-davis-cup-qualifiers-1st-rd-7,davis-cup-qualifiers-1st-rd,Hard,Soonwoo Kwon,Marco Trungelliti,7-6 6-6,Round Robin ,100,0,0,0,,0,0,0,R,185.0,UNK,25.5,0,0,0,R,178.0,ARG,39.6,,252.0,217.0,78.0,743.0
2026-davis-cup-qualifiers-1st-rd-7,davis-cup-qualifiers-1st-rd,Hard,Elmer Moller,Matej Dodig,6-4 7-6,Round Robin ,100,0,0,0,,0,0,0,R,183.0,DEN,26.1,0,0,0,R,188.0,CRO,24.1,,153.0,404.0,201.0,285.0
2026-davis-cup-qualifiers-1st-rd-7,davis-cup-qualifiers-1st-rd,Hard,Dino Prizmic,August Holmgren,5-7 6-0 6-2,Round Robin ,100,0,0,0,,0,0,0,R,188.0,CRO,23.5,0,0,0,R,188.0,DEN,31.3,,79.0,740.0,167.0,368.0
2026-davis-cup-qualifiers-1st-rd-7,davis-cup-qualifiers-1st-rd,Hard,Jurij Rodionov,Shintaro Mochizuki,6-4 7-5,Round Robin ,100,0,0,0,,0,0,0,R,191.0,AUT,30.3,0,0,0,R,175.0,JPN,26.3,,160.0,379.0,130.0,480.0
2026-davis-cup-qualifiers-1st-rd-7,davis-cup-qualifiers-1st-rd,Hard,Jan-Lennard Struff,Juan Pablo Varillas,6-4 6-2,Round Robin ,100,0,0,0,,0,0,0,R,185.0,UNK,25.5,0,0,0,R,185.0,PER,33.9,,150.0,0.0,300.0,176.0
2026-davis-cup-qualifiers-1st-rd-7,davis-cup-qualifiers-1st-rd,Hard,Alejandro Tabilo,Ognjen Milic,6-7 3-2 6-4,Round Robin ,100,0,0,0,,0,0,0,R,188.0,CHI,32.4,0,0,0,R,185.0,UNK,25.5,,35.0,1248.0,395.0,122.0
2026-davis-cup-qualifiers-1st-rd-7,davis-cup-qualifiers-1st-rd,Hard,Thiago Agustin Tirante,Hyeon Chung,2-6 7-5 7-6,Round Robin ,100,0,0,0,,0,0,0,R,185.0,ARG,28.5,0,0,0,R,188.0,KOR,28.4,,69.0,801.0,380.0,0.0
2026-davis-cup-qualifiers-1st-rd-7,davis-cup-qualifiers-1st-rd,Hard,Jack Draper,Viktor Durasovic,6-2 6-2,Round Robin ,100,0,0,0,,0,0,0,R,193.0,GBR,27.8,0,0,0,R,185.0,NOR,31.8,,50.0,960.0,413.0,0.0
2026-davis-cup-qualifiers-1st-rd-7,davis-cup-qualifiers-1st-rd,Hard,Cameron Norrie,Nicolai Budkov Kjaer,6-4 6-4,Round Robin ,100,0,0,0,,0,0,0,R,188.0,GBR,34.2,0,0,0,R,188.0,NOR,23.0,,19.0,1918.0,124.0,519.0
2026-davis-cup-qualifiers-1st-rd-7,davis-cup-qualifiers-1st-rd,Hard,Yosuke Watanuki,Sebastian Ofner,6-3 6-4,Round Robin ,100,0,0,0,,0,0,0,R,180.0,JPN,31.4,0,0,0,R,191.0,AUT,33.2,,262.0,205.0,82.0,711.0
2026-dallas-8,dallas,Hard,Ben Shelton,Taylor Fritz,3-6 6-3 7-5,Final ,100,0,0,0,,0,0,0,R,193.0,USA,27.1,0,0,0,R,196.0,USA,32.0,,6.0,4030.0,7.0,3770.0
2026-dallas-8,dallas,Hard,Taylor Fritz,Marin Cilic,7-6 7-5,Semifinals ,100,0,0,0,,0,0,0,R,196.0,USA,32.0,0,0,0,R,198.0,CRO,41.1,,7.0,3770.0,47.0,980.0
2026-dallas-8,dallas,Hard,Ben Shelton,Denis Shapovalov,4-6 6-4 7-6,Semifinals ,100,0,0,0,,0,0,0,R,193.0,USA,27.1,0,0,0,R,185.0,CAN,30.5,,6.0,4030.0,37.0,1170.0
2026-dallas-8,dallas,Hard,Taylor Fritz,Sebastian Korda,6-7 2-4 6-6 7-5,Quarterfinals ,100,0,0,0,,0,0,0,R,196.0,USA,32.0,0,0,0,R,196.0,USA,29.1,,7.0,3770.0,43.0,1050.0
2026-dallas-8,dallas,Hard,Ben Shelton,Miomir Kecmanovic,5-7 6-3 6-4,Quarterfinals ,100,0,0,0,,0,0,0,R,193.0,USA,27.1,0,0,0,R,183.0,SRB,30.1,,6.0,4030.0,70.0,795.0
2026-dallas-8,dallas,Hard,Denis Shapovalov,Alejandro Davidovich Fokina,5-7 6-4 6-3,Quarterfinals ,100,0,0,0,,0,0,0,R,185.0,CAN,30.5,0,0,0,R,183.0,ESP,30.3,,37.0,1170.0,23.0,1820.0
2026-dallas-8,dallas,Hard,Marin Cilic,Jack Pinnington Jones,6-1 6-4,Quarterfinals ,100,0,0,0,,0,0,0,R,198.0,CRO,41.1,0,0,0,R,185.0,UNK,25.5,,47.0,980.0,137.0,461.0
2026-dallas-8,dallas,Hard,Ben Shelton,Adrian Mannarino,7-6 6-2 4-7 6-3,Round of 16 ,100,0,0,0,,0,0,0,R,193.0,USA,27.1,0,0,0,R,180.0,FRA,41.3,,6.0,4030.0,45.0,1035.0
2026-dallas-8,dallas,Hard,Miomir Kecmanovic,Tommy Paul,5-7 6-4 6-4,Round of 16 ,100,0,0,0,,0,0,0,R,183.0,SRB,30.1,0,0,0,R,185.0,USA,32.4,,70.0,795.0,18.0,1975.0
2026-dallas-8,dallas,Hard,Denis Shapovalov,Aleksandar Kovacevic,6-4 6-4,Round of 16 ,100,0,0,0,,0,0,0,R,185.0,CAN,30.5,0,0,0,R,183.0,USA,31.1,,37.0,1170.0,95.0,639.0
2026-dallas-8,dallas,Hard,Marin Cilic,Ethan Quinn,7-6 6-4,Round of 16 ,100,0,0,0,,0,0,0,R,198.0,CRO,41.1,0,0,0,R,191.0,USA,25.3,,47.0,980.0,48.0,977.0
2026-dallas-8,dallas,Hard,Jack Pinnington Jones,Eliot Spizzirri,7-6 4-5 7-6,Round of 16 ,100,0,0,0,,0,0,0,R,185.0,UNK,25.5,0,0,0,R,183.0,USA,27.6,,137.0,461.0,92.0,660.0
2026-dallas-8,dallas,Hard,Taylor Fritz,Brandon Nakashima,6-3 6-4,Round of 16 ,100,0,0,0,,0,0,0,R,196.0,USA,32.0,0,0,0,R,188.0,USA,28.2,,7.0,3770.0,32.0,1295.0
2026-dallas-8,dallas,Hard,Alejandro Davidovich Fokina,Alex Michelsen,6-4 6-4,Round of 16 ,100,0,0,0,,0,0,0,R,183.0,ESP,30.3,0,0,0,R,193.0,USA,25.3,,23.0,1820.0,42.0,1090.0
2026-dallas-8,dallas,Hard,Sebastian Korda,Frances Tiafoe,7-5 6-1,Round of 16 ,100,0,0,0,,0,0,0,R,196.0,USA,29.1,0,0,0,R,188.0,USA,31.7,,43.0,1050.0,22.0,1865.0
2026-dallas-8,dallas,Hard,Tommy Paul,Jenson Brooksby,4-6 6-4 7-6,Round of 32 ,100,0,0,0,,0,0,0,R,185.0,USA,32.4,0,0,0,R,188.0,USA,27.2,,18.0,1975.0,63.0,862.0
2026-dallas-8,dallas,Hard,Adrian Mannarino,Adam Walton,6-4 6-2,Round of 32 ,100,0,0,0,,0,0,0,R,180.0,FRA,41.3,0,0,0,R,183.0,AUS,30.4,,45.0,1035.0,103.0,608.0
2026-dallas-8,dallas,Hard,Ethan Quinn,Trevor Svajda,7-6 7-3,Round of 32 ,100,0,0,0,,0,0,0,R,191.0,USA,25.3,0,0,0,R,185.0,UNK,25.5,,48.0,977.0,389.0,124.0
2026-dallas-8,dallas,Hard,Eliot Spizzirri,James Duckworth,6-2 6-4,Round of 32 ,100,0,0,0,,0,0,0,R,183.0,USA,27.6,0,0,0,R,183.0,AUS,37.7,,92.0,660.0,81.0,722.0
2026-dallas-8,dallas,Hard,Taylor Fritz,Marcos Giron,6-4 5-7 7-6,Round of 32 ,100,0,0,0,,0,0,0,R,196.0,USA,32.0,0,0,0,R,180.0,USA,36.2,,7.0,3770.0,77.0,745.0
2026-dallas-8,dallas,Hard,Ben Shelton,Gabriel Diallo,6-4 6-4,Round of 32 ,100,0,0,0,,0,0,0,R,193.0,USA,27.1,0,0,0,R,203.0,CAN,28.1,,6.0,4030.0,46.0,1000.0
2026-dallas-8,dallas,Hard,Jack Pinnington Jones,Flavio Cobolli,6-2 6-2,Round of 32 ,100,0,0,0,,0,0,0,R,185.0,UNK,25.5,0,0,0,R,183.0,ITA,27.4,,137.0,461.0,12.0,2750.0
2026-dallas-8,dallas,Hard,Marin Cilic,Learner Tien,7-5 7-6,Round of 32 ,100,0,0,0,,0,0,0,R,198.0,CRO,41.1,0,0,0,R,180.0,USA,24.0,,47.0,980.0,21.0,1870.0
2026-dallas-8,dallas,Hard,Denis Shapovalov,Rafael Jodar,6-1 6-2,Round of 32 ,100,0,0,0,,0,0,0,R,185.0,CAN,30.5,0,0,0,R,185.0,UNK,25.5,,37.0,1170.0,34.0,1273.0
2026-dallas-8,dallas,Hard,Miomir Kecmanovic,Sho Shimabukuro,6-7 3-3 6-6 7-3,Round of 32 ,100,0,0,0,,0,0,0,R,183.0,SRB,30.1,0,0,0,R,180.0,JPN,31.2,,70.0,795.0,107.0,596.0
2026-dallas-8,dallas,Hard,Aleksandar Kovacevic,Patrick Kypson,6-4 7-6,Round of 32 ,100,0,0,0,,0,0,0,R,183.0,USA,31.1,0,0,0,R,188.0,USA,29.4,,95.0,639.0,89.0,669.0
2026-dallas-8,dallas,Hard,Alex Michelsen,Grigor Dimitrov,5-7 6-4 6-4,Round of 32 ,100,0,0,0,,0,0,0,R,193.0,USA,25.3,0,0,0,R,191.0,BUL,38.4,,42.0,1090.0,170.0,365.0
2026-dallas-8,dallas,Hard,Alejandro Davidovich Fokina,Zachary Svajda,6-4 7-6,Round of 32 ,100,0,0,0,,0,0,0,R,183.0,ESP,30.3,0,0,0,R,175.0,USA,26.8,,23.0,1820.0,90.0,666.0
2026-dallas-8,dallas,Hard,Frances Tiafoe,Terence Atmane,4-6 6-2 6-2,Round of 32 ,100,0,0,0,,0,0,0,R,188.0,USA,31.7,0,0,0,R,193.0,FRA,27.7,,22.0,1865.0,51.0,958.0
2026-dallas-8,dallas,Hard,Sebastian Korda,Michael Zheng,6-3 6-4,Round of 32 ,100,0,0,0,,0,0,0,R,196.0,USA,29.1,0,0,0,R,185.0,UNK,25.5,,43.0,1050.0,149.0,414.0
2026-dallas-8,dallas,Hard,Brandon Nakashima,Mattia Bellucci,6-3 6-4,Round of 32 ,100,0,0,0,,0,0,0,R,188.0,USA,28.2,0,0,0,R,175.0,ITA,28.3,,32.0,1295.0,80.0,737.0
2026-dallas-8,dallas,Hard,Jack Pinnington Jones,Patrick Kypson,7-6 5-4 7-7,2nd Round Qualifying ,100,0,0,0,,0,0,0,R,185.0,UNK,25.5,0,0,0,R,188.0,USA,29.4,,137.0,461.0,89.0,669.0
2026-dallas-8,dallas,Hard,Zachary Svajda,Tristan Boyer,6-3 5-7 6-4,2nd Round Qualifying ,100,0,0,0,,0,0,0,R,175.0,USA,26.8,0,0,0,R,185.0,UNK,25.5,,90.0,666.0,257.0,210.0
2026-dallas-8,dallas,Hard,Rafael Jodar,Murphy Cassone,7-6 7-5,2nd Round Qualifying ,100,0,0,0,,0,0,0,R,185.0,UNK,25.5,0,0,0,R,185.0,UNK,25.5,,34.0,1273.0,264.0,204.0
2026-dallas-8,dallas,Hard,Sho Shimabukuro,Bernard Tomic,6-3 6-3,2nd Round Qualifying ,100,0,0,0,,0,0,0,R,180.0,JPN,31.2,0,0,0,R,196.0,AUS,33.3,,107.0,596.0,194.0,305.0
2026-dallas-8,dallas,Hard,Patrick Kypson,Pedro Sakamoto,6-2 6-1,1st Round Qualifying ,100,0,0,0,,0,0,0,R,188.0,USA,29.4,0,0,0,R,178.0,BRA,30.6,,89.0,669.0,379.0,0.0
2026-dallas-8,dallas,Hard,Zachary Svajda,Georgi Georgiev,6-3 6-2,1st Round Qualifying ,100,0,0,0,,0,0,0,R,175.0,USA,26.8,0,0,0,R,185.0,UNK,25.5,,90.0,666.0,150.0,0.0
2026-dallas-8,dallas,Hard,Rafael Jodar,Mitchell Krueger,6-3 6-2,1st Round Qualifying ,100,0,0,0,,0,0,0,R,185.0,UNK,25.5,0,0,0,R,188.0,USA,35.6,,34.0,1273.0,270.0,201.0
2026-dallas-8,dallas,Hard,Sho Shimabukuro,Thai-Son Kwiatkowski,6-0 6-4,1st Round Qualifying ,100,0,0,0,,0,0,0,R,180.0,JPN,31.2,0,0,0,R,185.0,UNK,25.5,,107.0,596.0,150.0,0.0
2026-dallas-8,dallas,Hard,Jack Pinnington Jones,Daniel Dutra da Silva,6-3 6-1,1st Round Qualifying ,100,0,0,0,,0,0,0,R,185.0,UNK,25.5,0,0,0,R,185.0,UNK,25.5,,137.0,461.0,150.0,0.0
2026-dallas-8,dallas,Hard,Bernard Tomic,Krish Arora,6-3 6-2,1st Round Qualifying ,100,0,0,0,,0,0,0,R,196.0,AUS,33.3,0,0,0,R,185.0,UNK,25.5,,194.0,305.0,150.0,0.0
2026-dallas-8,dallas,Hard,Tristan Boyer,Alex Finkelstein,6-4 6-2,1st Round Qualifying ,100,0,0,0,,0,0,0,R,185.0,UNK,25.5,0,0,0,R,185.0,UNK,25.5,,257.0,210.0,150.0,0.0
2026-dallas-8,dallas,Hard,Murphy Cassone,Alex Rybakov,6-2 6-3,1st Round Qualifying ,100,0,0,0,,0,0,0,R,185.0,UNK,25.5,0,0,0,R,185.0,USA,31.0,,264.0,204.0,341.0,150.0
2026-rotterdam-9,rotterdam,Hard,Alex de Minaur,Felix Auger-Aliassime,6-3 6-2,Final ,100,0,0,0,,0,0,0,R,185.0,UNK,25.5,0,0,0,R,185.0,UNK,25.5,,150.0,0.0,150.0,0.0
2026-rotterdam-9,rotterdam,Hard,Alex de Minaur,Ugo Humbert,6-4 6-3,Semifinals ,100,0,0,0,,0,0,0,R,185.0,UNK,25.5,0,0,0,R,188.0,FRA,31.3,,150.0,0.0,33.0,1280.0
2026-rotterdam-9,rotterdam,Hard,Felix Auger-Aliassime,Alexander Bublik,6-1 6-2,Semifinals ,100,0,0,0,,0,0,0,R,185.0,UNK,25.5,0,0,0,R,196.0,KAZ,32.3,,150.0,0.0,11.0,3355.0
2026-rotterdam-9,rotterdam,Hard,Alex de Minaur,Botic van de Zandschulp,3-6 7-6 7-4,Quarterfinals ,100,0,0,0,,0,0,0,R,185.0,UNK,25.5,0,0,0,R,185.0,UNK,25.5,,150.0,0.0,150.0,0.0
2026-rotterdam-9,rotterdam,Hard,Felix Auger-Aliassime,Tallon Griekspoor,7-6 6-2,Quarterfinals ,100,0,0,0,,0,0,0,R,185.0,UNK,25.5,0,0,0,R,188.0,NED,33.3,,150.0,0.0,31.0,1360.0
2026-rotterdam-9,rotterdam,Hard,Alexander Bublik,Jaume Munar,6-4 6-7 4-6 7-3,Quarterfinals ,100,0,0,0,,0,0,0,R,196.0,KAZ,32.3,0,0,0,R,183.0,ESP,32.4,,11.0,3355.0,38.0,1155.0
2026-rotterdam-9,rotterdam,Hard,Ugo Humbert,Christopher O'Connell,6-4 6-1,Quarterfinals ,100,0,0,0,,0,0,0,R,188.0,FRA,31.3,0,0,0,R,185.0,UNK,25.5,,33.0,1280.0,150.0,413.0
2026-rotterdam-9,rotterdam,Hard,Alex de Minaur,Stan Wawrinka,6-4 6-2,Round of 16 ,100,0,0,0,,0,0,0,R,185.0,UNK,25.5,0,0,0,R,183.0,SUI,44.6,,150.0,0.0,125.0,518.0
2026-rotterdam-9,rotterdam,Hard,Felix Auger-Aliassime,Hamad Medjedovic,6-4 6-4,Round of 16 ,100,0,0,0,,0,0,0,R,185.0,UNK,25.5,0,0,0,R,188.0,SRB,26.3,,150.0,0.0,67.0,804.0
2026-rotterdam-9,rotterdam,Hard,Alexander Bublik,Jan-Lennard Struff,7-6 4-2 6-6,Round of 16 ,100,0,0,0,,0,0,0,R,196.0,KAZ,32.3,0,0,0,R,185.0,UNK,25.5,,11.0,3355.0,150.0,0.0
2026-rotterdam-9,rotterdam,Hard,Jaume Munar,Karen Khachanov,7-6 3-8 6-6,Round of 16 ,100,0,0,0,,0,0,0,R,183.0,ESP,32.4,0,0,0,R,198.0,RUS,33.4,,38.0,1155.0,15.0,2220.0
2026-rotterdam-9,rotterdam,Hard,Ugo Humbert,Guy Den Ouden,6-4 6-3,Round of 16 ,100,0,0,0,,0,0,0,R,188.0,FRA,31.3,0,0,0,R,185.0,UNK,25.5,,33.0,1280.0,195.0,304.0
2026-rotterdam-9,rotterdam,Hard,Botic van de Zandschulp,Stefanos Tsitsipas,6-4 7-6,Round of 16 ,100,0,0,0,,0,0,0,R,185.0,UNK,25.5,0,0,0,R,193.0,GRE,31.2,,150.0,0.0,75.0,765.0
2026-rotterdam-9,rotterdam,Hard,Christopher O'Connell,Cameron Norrie,7-6 6-9,Round of 16 ,100,0,0,0,,0,0,0,R,185.0,UNK,25.5,0,0,0,R,188.0,GBR,34.2,,150.0,413.0,19.0,1918.0
2026-rotterdam-9,rotterdam,Hard,Tallon Griekspoor,Quentin Halys,7-5 7-6,Round of 16 ,100,0,0,0,,0,0,0,R,188.0,NED,33.3,0,0,0,R,191.0,FRA,33.0,,31.0,1360.0,93.0,653.0
2026-rotterdam-9,rotterdam,Hard,Felix Auger-Aliassime,Alexei Popyrin,7-5 6-3,Round of 32 ,100,0,0,0,,0,0,0,R,185.0,UNK,25.5,0,0,0,R,196.0,AUS,30.2,,150.0,0.0,60.0,870.0
2026-rotterdam-9,rotterdam,Hard,Alexander Bublik,Hubert Hurkacz,6-7 2-6 7-1 7-5,Round of 32 ,100,0,0,0,,0,0,0,R,196.0,KAZ,32.3,0,0,0,R,196.0,POL,32.7,,11.0,3355.0,53.0,930.0
2026-rotterdam-9,rotterdam,Hard,Karen Khachanov,Jesper de Jong,3-6 6-4 7-5,Round of 32 ,100,0,0,0,,0,0,0,R,198.0,RUS,33.4,0,0,0,R,185.0,UNK,25.5,,15.0,2220.0,150.0,0.0
2026-rotterdam-9,rotterdam,Hard,Stefanos Tsitsipas,Arthur Rinderknech,7-5 6-3,Round of 32 ,100,0,0,0,,0,0,0,R,193.0,GRE,31.2,0,0,0,R,196.0,FRA,34.2,,75.0,765.0,24.0,1736.0
2026-rotterdam-9,rotterdam,Hard,Guy Den Ouden,Marton Fucsovics,7-6 6-5,Round of 32 ,100,0,0,0,,0,0,0,R,185.0,UNK,25.5,0,0,0,R,188.0,HUN,37.7,,195.0,304.0,57.0,884.0
2026-rotterdam-9,rotterdam,Hard,Stan Wawrinka,Thijs Boogaard,6-3 6-4,Round of 32 ,100,0,0,0,,0,0,0,R,183.0,SUI,44.6,0,0,0,R,185.0,UNK,25.5,,125.0,518.0,150.0,0.0
2026-rotterdam-9,rotterdam,Hard,Alex de Minaur,Arthur Fils,7-6 6-3,Round of 32 ,100,0,0,0,,0,0,0,R,185.0,UNK,25.5,0,0,0,R,185.0,FRA,25.5,,150.0,0.0,17.0,2130.0
2026-rotterdam-9,rotterdam,Hard,Tallon Griekspoor,Giovanni Mpetshi Perricard,6-4 6-4,Round of 32 ,100,0,0,0,,0,0,0,R,188.0,NED,33.3,0,0,0,R,203.0,FRA,26.3,,31.0,1360.0,58.0,880.0
2026-rotterdam-9,rotterdam,Hard,Quentin Halys,Mees Rottgering,3-6 6-1 6-1,Round of 32 ,100,0,0,0,,0,0,0,R,191.0,FRA,33.0,0,0,0,R,185.0,UNK,25.5,,93.0,653.0,150.0,0.0
2026-rotterdam-9,rotterdam,Hard,Hamad Medjedovic,Zizou Bergs,7-6 7-5,Round of 32 ,100,0,0,0,,0,0,0,R,188.0,SRB,26.3,0,0,0,R,185.0,BEL,30.4,,67.0,804.0,39.0,1140.0
2026-rotterdam-9,rotterdam,Hard,Jan-Lennard Struff,Hugo Grenier,6-0 6-4,Round of 32 ,100,0,0,0,,0,0,0,R,185.0,UNK,25.5,0,0,0,R,196.0,FRA,33.4,,150.0,0.0,224.0,259.0
2026-rotterdam-9,rotterdam,Hard,Ugo Humbert,Daniil Medvedev,7-6 3-4 6-6,Round of 32 ,100,0,0,0,,0,0,0,R,188.0,FRA,31.3,0,0,0,R,198.0,RUS,33.7,,33.0,1280.0,9.0,3460.0
2026-rotterdam-9,rotterdam,Hard,Cameron Norrie,Roberto Bautista Agut,7-6 6-3,Round of 32 ,100,0,0,0,,0,0,0,R,188.0,GBR,34.2,0,0,0,R,183.0,ESP,41.5,,19.0,1918.0,98.0,629.0
2026-rotterdam-9,rotterdam,Hard,Jaume Munar,Nicolai Budkov Kjaer,6-1 6-3,Round of 32 ,100,0,0,0,,0,0,0,R,183.0,ESP,32.4,0,0,0,R,188.0,NOR,23.0,,38.0,1155.0,124.0,519.0
2026-rotterdam-9,rotterdam,Hard,Christopher O'Connell,Valentin Royer,6-4 4-6 7-6,Round of 32 ,100,0,0,0,,0,0,0,R,185.0,UNK,25.5,0,0,0,R,185.0,UNK,25.5,,150.0,413.0,71.0,788.0
2026-rotterdam-9,rotterdam,Hard,Botic van de Zandschulp,Luka Pavlovic,7-6 6-5,Round of 32 ,100,0,0,0,,0,0,0,R,185.0,UNK,25.5,0,0,0,R,185.0,UNK,25.5,,150.0,0.0,221.0,261.0
2026-rotterdam-9,rotterdam,Hard,Luka Pavlovic,Hamad Medjedovic,7-6 3-5 7-6,2nd Round Qualifying ,100,0,0,0,,0,0,0,R,185.0,UNK,25.5,0,0,0,R,188.0,SRB,26.3,,221.0,261.0,67.0,804.0
2026-rotterdam-9,rotterdam,Hard,Christopher O'Connell,Hugo Gaston,6-2 6-3,2nd Round Qualifying ,100,0,0,0,,0,0,0,R,185.0,UNK,25.5,0,0,0,R,173.0,FRA,29.1,,150.0,413.0,118.0,535.0
2026-rotterdam-9,rotterdam,Hard,Hugo Grenier,Thijs Boogaard,2-6 7-6 6-3,2nd Round Qualifying ,100,0,0,0,,0,0,0,R,196.0,FRA,33.4,0,0,0,R,185.0,UNK,25.5,,224.0,259.0,150.0,0.0
2026-rotterdam-9,rotterdam,Hard,Mees Rottgering,Roberto Carballes Baena,7-6 6-3 8-7 6-3,2nd Round Qualifying ,100,0,0,0,,0,0,0,R,185.0,UNK,25.5,0,0,0,R,183.0,ESP,36.6,,150.0,0.0,199.0,292.0
2026-rotterdam-9,rotterdam,Hard,Hamad Medjedovic,Nikoloz Basilashvili,6-3 6-4,1st Round Qualifying ,100,0,0,0,,0,0,0,R,188.0,SRB,26.3,0,0,0,R,185.0,GEO,36.0,,67.0,804.0,117.0,539.0
2026-rotterdam-9,rotterdam,Hard,Hugo Gaston,Alec Deckers,6-3 6-7 2-6 7-2,1st Round Qualifying ,100,0,0,0,,0,0,0,R,173.0,FRA,29.1,0,0,0,R,185.0,UNK,25.5,,118.0,535.0,150.0,0.0
2026-rotterdam-9,rotterdam,Hard,Roberto Carballes Baena,Pablo Carreno Busta,6-4 3-6 6-1,1st Round Qualifying ,100,0,0,0,,0,0,0,R,183.0,ESP,36.6,0,0,0,R,188.0,ESP,38.2,,199.0,292.0,91.0,663.0
2026-rotterdam-9,rotterdam,Hard,Mees Rottgering,Kyrian Jacquet,0-6 6-4 6-4,1st Round Qualifying ,100,0,0,0,,0,0,0,R,185.0,UNK,25.5,0,0,0,R,178.0,FRA,28.2,,150.0,0.0,147.0,423.0
2026-rotterdam-9,rotterdam,Hard,Christopher O'Connell,Vitaliy Sachko,6-3 7-5,1st Round Qualifying ,100,0,0,0,,0,0,0,R,185.0,UNK,25.5,0,0,0,R,188.0,UKR,32.1,,150.0,413.0,193.0,305.0
2026-rotterdam-9,rotterdam,Hard,Hugo Grenier,Jan Choinski,7-5 6-2,1st Round Qualifying ,100,0,0,0,,0,0,0,R,196.0,FRA,33.4,0,0,0,R,196.0,GBR,33.2,,224.0,259.0,122.0,526.0
2026-rotterdam-9,rotterdam,Hard,Luka Pavlovic,Billy Harris,6-4 6-3,1st Round Qualifying ,100,0,0,0,,0,0,0,R,185.0,UNK,25.5,0,0,0,R,193.0,GBR,34.6,,221.0,261.0,148.0,421.0
2026-rotterdam-9,rotterdam,Hard,Thijs Boogaard,Kimmer Coppejans,3-6 7-6 6-6,1st Round Qualifying ,100,0,0,0,,0,0,0,R,185.0,UNK,25.5,0,0,0,R,178.0,BEL,34.6,,150.0,0.0,217.0,269.0
2026-buenos-aires-10,buenos-aires,Clay,Francisco Cerundolo,Luciano Darderi,6-4 6-2,Final ,100,0,0,0,,0,0,0,R,185.0,ARG,31.2,0,0,0,R,183.0,ITA,27.7,,27.0,1620.0,20.0,1890.0
2026-buenos-aires-10,buenos-aires,Clay,Francisco Cerundolo,Tomas Martin Etcheverry,6-3 7-5,Semifinals ,100,0,0,0,,0,0,0,R,185.0,ARG,31.2,0,0,0,R,196.0,ARG,30.3,,27.0,1620.0,26.0,1660.0
2026-buenos-aires-10,buenos-aires,Clay,Luciano Darderi,Sebastian Baez,7-6 6-2,Semifinals ,100,0,0,0,,0,0,0,R,183.0,ITA,27.7,0,0,0,R,170.0,ARG,28.8,,20.0,1890.0,65.0,840.0
2026-buenos-aires-10,buenos-aires,Clay,Francisco Cerundolo,Vit Kopriva,6-4 6-3,Quarterfinals ,100,0,0,0,,0,0,0,R,185.0,ARG,31.2,0,0,0,R,178.0,CZE,32.1,,27.0,1620.0,55.0,896.0
2026-buenos-aires-10,buenos-aires,Clay,Luciano Darderi,Pedro Martinez,7-5 6-1,Quarterfinals ,100,0,0,0,,0,0,0,R,183.0,ITA,27.7,0,0,0,R,185.0,ESP,32.5,,20.0,1890.0,136.0,461.0
2026-buenos-aires-10,buenos-aires,Clay,Sebastian Baez,Camilo Ugo Carabelli,7-6 6-5,Quarterfinals ,100,0,0,0,,0,0,0,R,170.0,ARG,28.8,0,0,0,R,185.0,ARG,30.1,,65.0,840.0,61.0,865.0
2026-buenos-aires-10,buenos-aires,Clay,Tomas Martin Etcheverry,Alejandro Tabilo,1-6 6-3 6-4,Quarterfinals ,100,0,0,0,,0,0,0,R,196.0,ARG,30.3,0,0,0,R,188.0,CHI,32.4,,26.0,1660.0,35.0,1248.0
2026-buenos-aires-10,buenos-aires,Clay,Luciano Darderi,Tomas Barrios Vera,6-1 6-3,Round of 16 ,100,0,0,0,,0,0,0,R,183.0,ITA,27.7,0,0,0,R,191.0,CHI,31.7,,20.0,1890.0,134.0,464.0
2026-buenos-aires-10,buenos-aires,Clay,Sebastian Baez,Ignacio Buse,6-4 6-3,Round of 16 ,100,0,0,0,,0,0,0,R,170.0,ARG,28.8,0,0,0,R,185.0,PER,25.4,,65.0,840.0,62.0,863.0
2026-buenos-aires-10,buenos-aires,Clay,Camilo Ugo Carabelli,Mariano Navone,6-2 7-5,Round of 16 ,100,0,0,0,,0,0,0,R,185.0,ARG,30.1,0,0,0,R,178.0,ARG,28.6,,61.0,865.0,44.0,1046.0
2026-buenos-aires-10,buenos-aires,Clay,Pedro Martinez,Juan Manuel Cerundolo,7-6 6-5,Round of 16 ,100,0,0,0,,0,0,0,R,185.0,ESP,32.5,0,0,0,R,183.0,ARG,27.2,,136.0,461.0,72.0,776.0
2026-buenos-aires-10,buenos-aires,Clay,Francisco Cerundolo,Hugo Dellien,6-0 7-6,Round of 16 ,100,0,0,0,,0,0,0,R,185.0,ARG,31.2,0,0,0,R,180.0,BOL,36.2,,27.0,1620.0,133.0,468.0
2026-buenos-aires-10,buenos-aires,Clay,Alejandro Tabilo,Joao Fonseca,6-3 3-6 7-5,Round of 16 ,100,0,0,0,,0,0,0,R,188.0,CHI,32.4,0,0,0,R,185.0,BRA,23.3,,35.0,1248.0,29.0,1435.0
2026-buenos-aires-10,buenos-aires,Clay,Tomas Martin Etcheverry,Roman Andres Burruchaga,7-6 6-5 3-7 6-4,Round of 16 ,100,0,0,0,,0,0,0,R,196.0,ARG,30.3,0,0,0,R,183.0,ARG,27.3,,26.0,1660.0,56.0,885.0
2026-buenos-aires-10,buenos-aires,Clay,Vit Kopriva,Matteo Berrettini,6-4 6-3,Round of 16 ,100,0,0,0,,0,0,0,R,178.0,CZE,32.1,0,0,0,R,196.0,ITA,33.6,,55.0,896.0,100.0,625.0
2026-buenos-aires-10,buenos-aires,Clay,Mariano Navone,Emilio Nava,6-2 6-1,Round of 32 ,100,0,0,0,,0,0,0,R,178.0,ARG,28.6,0,0,0,R,185.0,USA,27.6,,44.0,1046.0,108.0,594.0
2026-buenos-aires-10,buenos-aires,Clay,Juan Manuel Cerundolo,Daniel Altmaier,6-2 6-2,Round of 32 ,100,0,0,0,,0,0,0,R,183.0,ARG,27.2,0,0,0,R,188.0,GER,31.1,,72.0,776.0,64.0,860.0
2026-buenos-aires-10,buenos-aires,Clay,Camilo Ugo Carabelli,Francisco Comesana,6-4 7-6,Round of 32 ,100,0,0,0,,0,0,0,R,185.0,ARG,30.1,0,0,0,R,178.0,ARG,28.8,,61.0,865.0,114.0,570.0
2026-buenos-aires-10,buenos-aires,Clay,Matteo Berrettini,Federico Coria,7-5 7-5,Round of 32 ,100,0,0,0,,0,0,0,R,196.0,ITA,33.6,0,0,0,R,180.0,ARG,37.4,,100.0,625.0,378.0,0.0
2026-buenos-aires-10,buenos-aires,Clay,Tomas Barrios Vera,Thiago Seyboth Wild,4-6 6-5,Round of 32 ,100,0,0,0,,0,0,0,R,191.0,CHI,31.7,0,0,0,R,185.0,BRA,29.6,,134.0,464.0,247.0,229.0
2026-buenos-aires-10,buenos-aires,Clay,Roman Andres Burruchaga,Laslo Djere,6-2 6-4,Round of 32 ,100,0,0,0,,0,0,0,R,183.0,ARG,27.3,0,0,0,R,188.0,SRB,34.4,,56.0,885.0,279.0,187.0
2026-buenos-aires-10,buenos-aires,Clay,Ignacio Buse,Francesco Passaro,5-7 7-5 6-4,Round of 32 ,100,0,0,0,,0,0,0,R,185.0,PER,25.4,0,0,0,R,180.0,ITA,28.3,,62.0,863.0,145.0,431.0
2026-buenos-aires-10,buenos-aires,Clay,Alejandro Tabilo,Facundo Diaz Acosta,7-6 6-5,Round of 32 ,100,0,0,0,,0,0,0,R,188.0,CHI,32.4,0,0,0,R,183.0,ARG,28.8,,35.0,1248.0,179.0,336.0
2026-buenos-aires-10,buenos-aires,Clay,Tomas Martin Etcheverry,Andrea Pellegrino,6-3 6-4,Round of 32 ,100,0,0,0,,0,0,0,R,196.0,ARG,30.3,0,0,0,R,185.0,ITA,32.3,,26.0,1660.0,155.0,393.0
2026-buenos-aires-10,buenos-aires,Clay,Hugo Dellien,Damir Dzumhur,6-4 6-1,Round of 32 ,100,0,0,0,,0,0,0,R,180.0,BOL,36.2,0,0,0,R,175.0,BIH,37.4,,133.0,468.0,87.0,674.0
2026-buenos-aires-10,buenos-aires,Clay,Vit Kopriva,Alex Barrena,6-4 3-6 6-4,Round of 32 ,100,0,0,0,,0,0,0,R,178.0,CZE,32.1,0,0,0,R,185.0,UNK,25.5,,55.0,896.0,189.0,309.0
2026-buenos-aires-10,buenos-aires,Clay,Pedro Martinez,Lautaro Midon,6-4 6-1,Round of 32 ,100,0,0,0,,0,0,0,R,185.0,ESP,32.5,0,0,0,R,185.0,UNK,25.5,,136.0,461.0,216.0,269.0
2026-buenos-aires-10,buenos-aires,Clay,Andrea Pellegrino,Thiago Seyboth Wild,7-6 6-9,2nd Round Qualifying ,100,0,0,0,,0,0,0,R,185.0,ITA,32.3,0,0,0,R,185.0,BRA,29.6,,155.0,393.0,247.0,229.0
2026-buenos-aires-10,buenos-aires,Clay,Hugo Dellien,Thiago Monteiro,6-1 6-3,2nd Round Qualifying ,100,0,0,0,,0,0,0,R,180.0,BOL,36.2,0,0,0,R,183.0,BRA,35.4,,133.0,468.0,292.0,181.0
2026-buenos-aires-10,buenos-aires,Clay,Francesco Passaro,Marco Cecchinato,5-7 6-4 6-2,2nd Round Qualifying ,100,0,0,0,,0,0,0,R,180.0,ITA,28.3,0,0,0,R,185.0,ITA,35.9,,145.0,431.0,182.0,329.0
2026-buenos-aires-10,buenos-aires,Clay,Lautaro Midon,Daniel Elahi Galan,6-4 4-6 6-3,2nd Round Qualifying ,100,0,0,0,,0,0,0,R,185.0,UNK,25.5,0,0,0,R,191.0,COL,33.1,,216.0,269.0,271.0,200.0
2026-buenos-aires-10,buenos-aires,Clay,Andrea Pellegrino,Juan Manuel La Serna,6-1 6-3,1st Round Qualifying ,100,0,0,0,,0,0,0,R,185.0,ITA,32.3,0,0,0,R,185.0,UNK,25.5,,155.0,393.0,367.0,135.0
2026-buenos-aires-10,buenos-aires,Clay,Hugo Dellien,Genaro Alberto Olivieri,6-1 6-4,1st Round Qualifying ,100,0,0,0,,0,0,0,R,180.0,BOL,36.2,0,0,0,R,175.0,ARG,29.8,,133.0,468.0,214.0,270.0
2026-buenos-aires-10,buenos-aires,Clay,Francesco Passaro,Nicolas Kicker,6-3 6-3,1st Round Qualifying ,100,0,0,0,,0,0,0,R,180.0,ITA,28.3,0,0,0,R,178.0,ARG,34.5,,145.0,431.0,348.0,147.0
2026-buenos-aires-10,buenos-aires,Clay,Daniel Elahi Galan,Juan Bautista Torres,6-2 7-6,1st Round Qualifying ,100,0,0,0,,0,0,0,R,191.0,COL,33.1,0,0,0,R,185.0,UNK,25.5,,271.0,200.0,325.0,159.0
2026-buenos-aires-10,buenos-aires,Clay,Thiago Seyboth Wild,Andrea Collarini,7-6 6-8 4-7 6-4,1st Round Qualifying ,100,0,0,0,,0,0,0,R,185.0,BRA,29.6,0,0,0,R,183.0,ARG,37.4,,247.0,229.0,268.0,202.0
2026-buenos-aires-10,buenos-aires,Clay,Thiago Monteiro,Franco Agamenone,6-4 6-0,1st Round Qualifying ,100,0,0,0,,0,0,0,R,183.0,BRA,35.4,0,0,0,R,191.0,ITA,34.2,,292.0,181.0,273.0,195.0
2026-buenos-aires-10,buenos-aires,Clay,Marco Cecchinato,Santiago Rodriguez Taverna,6-3 6-3,1st Round Qualifying ,100,0,0,0,,0,0,0,R,185.0,ITA,35.9,0,0,0,R,185.0,UNK,25.5,,182.0,329.0,359.0,141.0
2026-buenos-aires-10,buenos-aires,Clay,Lautaro Midon,Felipe Meligeni Alves,6-2 6-2,1st Round Qualifying ,100,0,0,0,,0,0,0,R,185.0,UNK,25.5,0,0,0,R,185.0,BRA,31.4,,216.0,269.0,239.0,0.0
2026-doha-11,doha,Hard,Carlos Alcaraz,Arthur Fils,6-2 6-1,Final ,100,0,0,0,,0,0,0,R,183.0,ESP,26.5,0,0,0,R,185.0,FRA,25.5,,2.0,12960.0,17.0,2130.0
2026-doha-11,doha,Hard,Carlos Alcaraz,Andrey Rublev,7-6 6-3,Semifinals ,100,0,0,0,,0,0,0,R,183.0,ESP,26.5,0,0,0,R,188.0,RUS,32.0,,2.0,12960.0,14.0,2590.0
2026-doha-11,doha,Hard,Arthur Fils,Jakub Mensik,6-4 7-6,Semifinals ,100,0,0,0,,0,0,0,R,185.0,FRA,25.5,0,0,0,R,193.0,CZE,24.2,,17.0,2130.0,28.0,1600.0
2026-doha-11,doha,Hard,Carlos Alcaraz,Karen Khachanov,6-7 3-4 6-3,Quarterfinals ,100,0,0,0,,0,0,0,R,183.0,ESP,26.5,0,0,0,R,198.0,RUS,33.4,,2.0,12960.0,15.0,2220.0
2026-doha-11,doha,Hard,Jakub Mensik,Jannik Sinner,7-6 2-3 6-6,Quarterfinals ,100,0,0,0,,0,0,0,R,193.0,CZE,24.2,0,0,0,R,191.0,ITA,28.2,,28.0,1600.0,1.0,14350.0
2026-doha-11,doha,Hard,Andrey Rublev,Stefanos Tsitsipas,6-3 7-6,Quarterfinals ,100,0,0,0,,0,0,0,R,188.0,RUS,32.0,0,0,0,R,193.0,GRE,31.2,,14.0,2590.0,75.0,765.0
2026-doha-11,doha,Hard,Arthur Fils,Jiri Lehecka,6-3 6-3,Quarterfinals ,100,0,0,0,,0,0,0,R,185.0,FRA,25.5,0,0,0,R,185.0,CZE,27.9,,17.0,2130.0,13.0,2715.0
2026-doha-11,doha,Hard,Carlos Alcaraz,Valentin Royer,6-2 7-5,Round of 16 ,100,0,0,0,,0,0,0,R,183.0,ESP,26.5,0,0,0,R,185.0,UNK,25.5,,2.0,12960.0,71.0,788.0
2026-doha-11,doha,Hard,Jannik Sinner,Alexei Popyrin,6-3 7-5,Round of 16 ,100,0,0,0,,0,0,0,R,191.0,ITA,28.2,0,0,0,R,196.0,AUS,30.2,,1.0,14350.0,60.0,870.0
2026-doha-11,doha,Hard,Stefanos Tsitsipas,Daniil Medvedev,6-3 6-4,Round of 16 ,100,0,0,0,,0,0,0,R,193.0,GRE,31.2,0,0,0,R,198.0,RUS,33.7,,75.0,765.0,9.0,3460.0
2026-doha-11,doha,Hard,Andrey Rublev,Fabian Marozsan,6-2 6-4,Round of 16 ,100,0,0,0,,0,0,0,R,188.0,RUS,32.0,0,0,0,R,193.0,HUN,30.0,,14.0,2590.0,49.0,975.0
2026-doha-11,doha,Hard,Jakub Mensik,Zhizhen Zhang,6-3 6-2,Round of 16 ,100,0,0,0,,0,0,0,R,193.0,CZE,24.2,0,0,0,R,193.0,CHN,33.0,,28.0,1600.0,239.0,240.0
2026-doha-11,doha,Hard,Karen Khachanov,Marton Fucsovics,6-2 4-6 6-4,Round of 16 ,100,0,0,0,,0,0,0,R,198.0,RUS,33.4,0,0,0,R,188.0,HUN,37.7,,15.0,2220.0,57.0,884.0
2026-doha-11,doha,Hard,Jiri Lehecka,Zizou Bergs,6-2 6-1,Round of 16 ,100,0,0,0,,0,0,0,R,185.0,CZE,27.9,0,0,0,R,185.0,BEL,30.4,,13.0,2715.0,39.0,1140.0
2026-doha-11,doha,Hard,Arthur Fils,Quentin Halys,6-1 7-6,Round of 16 ,100,0,0,0,,0,0,0,R,185.0,FRA,25.5,0,0,0,R,191.0,FRA,33.0,,17.0,2130.0,93.0,653.0
2026-doha-11,doha,Hard,Carlos Alcaraz,Arthur Rinderknech,6-4 7-6,Round of 32 ,100,0,0,0,,0,0,0,R,183.0,ESP,26.5,0,0,0,R,196.0,FRA,34.2,,2.0,12960.0,24.0,1736.0
2026-doha-11,doha,Hard,Andrey Rublev,Jesper de Jong,6-4 6-3,Round of 32 ,100,0,0,0,,0,0,0,R,188.0,RUS,32.0,0,0,0,R,185.0,UNK,25.5,,14.0,2590.0,150.0,0.0
2026-doha-11,doha,Hard,Karen Khachanov,Shintaro Mochizuki,6-1 3-6 6-4,Round of 32 ,100,0,0,0,,0,0,0,R,198.0,RUS,33.4,0,0,0,R,175.0,JPN,26.3,,15.0,2220.0,130.0,480.0
2026-doha-11,doha,Hard,Jiri Lehecka,Jenson Brooksby,6-3 6-3,Round of 32 ,100,0,0,0,,0,0,0,R,185.0,CZE,27.9,0,0,0,R,188.0,USA,27.2,,13.0,2715.0,63.0,862.0
2026-doha-11,doha,Hard,Zizou Bergs,Giovanni Mpetshi Perricard,6-3 6-7 5-4,Round of 32 ,100,0,0,0,,0,0,0,R,185.0,BEL,30.4,0,0,0,R,203.0,FRA,26.3,,39.0,1140.0,58.0,880.0
2026-doha-11,doha,Hard,Marton Fucsovics,Hady Habib,6-3 6-3,Round of 32 ,100,0,0,0,,0,0,0,R,188.0,HUN,37.7,0,0,0,R,188.0,LIB,31.0,,57.0,884.0,335.0,0.0
2026-doha-11,doha,Hard,Quentin Halys,Pablo Carreno Busta,4-6 7-5 6-3,Round of 32 ,100,0,0,0,,0,0,0,R,191.0,FRA,33.0,0,0,0,R,188.0,ESP,38.2,,93.0,653.0,91.0,663.0
2026-doha-11,doha,Hard,Fabian Marozsan,Ugo Humbert,6-3 6-1,Round of 32 ,100,0,0,0,,0,0,0,R,193.0,HUN,30.0,0,0,0,R,188.0,FRA,31.3,,49.0,975.0,33.0,1280.0
2026-doha-11,doha,Hard,Stefanos Tsitsipas,Moez Echargui,6-4 6-4,Round of 32 ,100,0,0,0,,0,0,0,R,193.0,GRE,31.2,0,0,0,R,178.0,TUN,36.5,,75.0,765.0,140.0,447.0
2026-doha-11,doha,Hard,Zhizhen Zhang,Roberto Carballes Baena,6-4 6-4,Round of 32 ,100,0,0,0,,0,0,0,R,193.0,CHN,33.0,0,0,0,R,183.0,ESP,36.6,,239.0,240.0,199.0,292.0
2026-doha-11,doha,Hard,Jannik Sinner,Tomas Machac,6-1 6-4,Round of 32 ,100,0,0,0,,0,0,0,R,191.0,ITA,28.2,0,0,0,R,183.0,CZE,29.0,,1.0,14350.0,41.0,1100.0
2026-doha-11,doha,Hard,Daniil Medvedev,Juncheng Shang,6-4 6-2,Round of 32 ,100,0,0,0,,0,0,0,R,198.0,RUS,33.7,0,0,0,R,180.0,CHN,24.8,,9.0,3460.0,261.0,205.0
2026-doha-11,doha,Hard,Jakub Mensik,Jan Choinski,6-7 6-2 6-4,Round of 32 ,100,0,0,0,,0,0,0,R,193.0,CZE,24.2,0,0,0,R,196.0,GBR,33.2,,28.0,1600.0,122.0,526.0
2026-doha-11,doha,Hard,Arthur Fils,Kamil Majchrzak,6-7 5-3 6-4,Round of 32 ,100,0,0,0,,0,0,0,R,185.0,FRA,25.5,0,0,0,R,180.0,POL,33.6,,17.0,2130.0,76.0,747.0
2026-doha-11,doha,Hard,Alexei Popyrin,Mubarak Shannan Zayid,6-0 6-2,Round of 32 ,100,0,0,0,,0,0,0,R,196.0,AUS,30.2,0,0,0,R,185.0,UNK,25.5,,60.0,870.0,150.0,0.0
2026-doha-11,doha,Hard,Valentin Royer,Pierre-Hugues Herbert,6-0 6-3,Round of 32 ,100,0,0,0,,0,0,0,R,185.0,UNK,25.5,0,0,0,R,185.0,UNK,25.5,,71.0,788.0,150.0,0.0
2026-doha-11,doha,Hard,Jan Choinski,Quentin Halys,1-6 6-3 7-6,2nd Round Qualifying ,100,0,0,0,,0,0,0,R,196.0,GBR,33.2,0,0,0,R,191.0,FRA,33.0,,122.0,526.0,93.0,653.0
2026-doha-11,doha,Hard,Pablo Carreno Busta,Billy Harris,7-5 6-3,2nd Round Qualifying ,100,0,0,0,,0,0,0,R,188.0,ESP,38.2,0,0,0,R,193.0,GBR,34.6,,91.0,663.0,148.0,421.0
2026-doha-11,doha,Hard,Roberto Carballes Baena,Shintaro Mochizuki,6-0 6-3,2nd Round Qualifying ,100,0,0,0,,0,0,0,R,183.0,ESP,36.6,0,0,0,R,175.0,JPN,26.3,,199.0,292.0,130.0,480.0
2026-doha-11,doha,Hard,Pierre-Hugues Herbert,Elias Ymer,6-4 3-6 6-3,2nd Round Qualifying ,100,0,0,0,,0,0,0,R,185.0,UNK,25.5,0,0,0,R,185.0,SWE,33.5,,150.0,0.0,176.0,349.0
2026-doha-11,doha,Hard,Quentin Halys,Mert Alkaya,6-3 6-4,1st Round Qualifying ,100,0,0,0,,0,0,0,R,191.0,FRA,33.0,0,0,0,R,185.0,UNK,25.5,,93.0,653.0,324.0,159.0
2026-doha-11,doha,Hard,Pierre-Hugues Herbert,Aleksandar Vukic,6-4 6-4,1st Round Qualifying ,100,0,0,0,,0,0,0,R,185.0,UNK,25.5,0,0,0,R,188.0,AUS,33.5,,150.0,0.0,99.0,626.0
2026-doha-11,doha,Hard,Pablo Carreno Busta,Reda Bennani,6-4 6-2,1st Round Qualifying ,100,0,0,0,,0,0,0,R,188.0,ESP,38.2,0,0,0,R,185.0,UNK,25.5,,91.0,663.0,150.0,0.0
2026-doha-11,doha,Hard,Shintaro Mochizuki,Ghanim Al Sulaiti,6-0 6-1,1st Round Qualifying ,100,0,0,0,,0,0,0,R,175.0,JPN,26.3,0,0,0,R,185.0,UNK,25.5,,130.0,480.0,150.0,0.0
2026-doha-11,doha,Hard,Jan Choinski,James McCabe,6-4 6-4,1st Round Qualifying ,100,0,0,0,,0,0,0,R,196.0,GBR,33.2,0,0,0,R,185.0,UNK,25.5,,122.0,526.0,150.0,0.0
2026-doha-11,doha,Hard,Billy Harris,Marco Trungelliti,3-6 6-4 6-4,1st Round Qualifying ,100,0,0,0,,0,0,0,R,193.0,GBR,34.6,0,0,0,R,178.0,ARG,39.6,,148.0,421.0,78.0,743.0
2026-doha-11,doha,Hard,Roberto Carballes Baena,Lucas Miedler,6-3 6-1,1st Round Qualifying ,100,0,0,0,,0,0,0,R,183.0,ESP,36.6,0,0,0,R,183.0,AUT,32.6,,199.0,292.0,1071.0,0.0
2026-doha-11,doha,Hard,Elias Ymer,Nikoloz Basilashvili,6-3 6-5,1st Round Qualifying ,100,0,0,0,,0,0,0,R,185.0,SWE,33.5,0,0,0,R,185.0,GEO,36.0,,176.0,349.0,117.0,539.0
2026-rio-de-janeiro-12,rio-de-janeiro,Clay,Tomas Martin Etcheverry,Alejandro Tabilo,3-6 7-6 6-3,Final ,100,0,0,0,,0,0,0,R,196.0,ARG,30.3,0,0,0,R,188.0,CHI,32.4,,26.0,1660.0,35.0,1248.0
2026-rio-de-janeiro-12,rio-de-janeiro,Clay,Tomas Martin Etcheverry,Vit Kopriva,4-6 7-6 7-2,Semifinals ,100,0,0,0,,0,0,0,R,196.0,ARG,30.3,0,0,0,R,178.0,CZE,32.1,,26.0,1660.0,55.0,896.0
2026-rio-de-janeiro-12,rio-de-janeiro,Clay,Alejandro Tabilo,Ignacio Buse,6-3 6-3,Semifinals ,100,0,0,0,,0,0,0,R,188.0,CHI,32.4,0,0,0,R,185.0,PER,25.4,,35.0,1248.0,62.0,863.0
2026-rio-de-janeiro-12,rio-de-janeiro,Clay,Tomas Martin Etcheverry,Jaime Faria,7-6 6-4,Quarterfinals ,100,0,0,0,,0,0,0,R,196.0,ARG,30.3,0,0,0,R,188.0,POR,26.0,,26.0,1660.0,119.0,529.0
2026-rio-de-janeiro-12,rio-de-janeiro,Clay,Ignacio Buse,Matteo Berrettini,6-3 2-6 6-3,Quarterfinals ,100,0,0,0,,0,0,0,R,185.0,PER,25.4,0,0,0,R,196.0,ITA,33.6,,62.0,863.0,100.0,625.0
2026-rio-de-janeiro-12,rio-de-janeiro,Clay,Vit Kopriva,Juan Manuel Cerundolo,6-4 6-4,Quarterfinals ,100,0,0,0,,0,0,0,R,178.0,CZE,32.1,0,0,0,R,183.0,ARG,27.2,,55.0,896.0,72.0,776.0
2026-rio-de-janeiro-12,rio-de-janeiro,Clay,Alejandro Tabilo,Thiago Agustin Tirante,7-6 6-2 6-7 6-1,Quarterfinals ,100,0,0,0,,0,0,0,R,188.0,CHI,32.4,0,0,0,R,185.0,ARG,28.5,,35.0,1248.0,69.0,801.0
2026-rio-de-janeiro-12,rio-de-janeiro,Clay,Ignacio Buse,Joao Fonseca,5-7 6-3 6-4,Round of 16 ,100,0,0,0,,0,0,0,R,185.0,PER,25.4,0,0,0,R,185.0,BRA,23.3,,62.0,863.0,29.0,1435.0
2026-rio-de-janeiro-12,rio-de-janeiro,Clay,Tomas Martin Etcheverry,Vilius Gaubas,7-6 6-1,Round of 16 ,100,0,0,0,,0,0,0,R,196.0,ARG,30.3,0,0,0,R,178.0,LTU,24.6,,26.0,1660.0,121.0,527.0
2026-rio-de-janeiro-12,rio-de-janeiro,Clay,Matteo Berrettini,Dusan Lajovic,3-6 6-4 6-2,Round of 16 ,100,0,0,0,,0,0,0,R,196.0,ITA,33.6,0,0,0,R,183.0,SRB,39.3,,100.0,625.0,132.0,471.0
2026-rio-de-janeiro-12,rio-de-janeiro,Clay,Jaime Faria,Damir Dzumhur,7-6 6-1,Round of 16 ,100,0,0,0,,0,0,0,R,188.0,POR,26.0,0,0,0,R,175.0,BIH,37.4,,119.0,529.0,87.0,674.0
2026-rio-de-janeiro-12,rio-de-janeiro,Clay,Thiago Agustin Tirante,Francisco Cerundolo,6-2 3-1,Round of 16 ,100,0,0,0,,0,0,0,R,185.0,ARG,28.5,0,0,0,R,185.0,ARG,31.2,,69.0,801.0,27.0,1620.0
2026-rio-de-janeiro-12,rio-de-janeiro,Clay,Juan Manuel Cerundolo,Yannick Hanfmann,6-4 6-7 1-4,Round of 16 ,100,0,0,0,,0,0,0,R,183.0,ARG,27.2,0,0,0,R,193.0,GER,37.8,,72.0,776.0,59.0,879.0
2026-rio-de-janeiro-12,rio-de-janeiro,Clay,Vit Kopriva,Roman Andres Burruchaga,6-3 6-1,Round of 16 ,100,0,0,0,,0,0,0,R,178.0,CZE,32.1,0,0,0,R,183.0,ARG,27.3,,55.0,896.0,56.0,885.0
2026-rio-de-janeiro-12,rio-de-janeiro,Clay,Alejandro Tabilo,Francesco Passaro,4-6 7-6 6-0,Round of 16 ,100,0,0,0,,0,0,0,R,188.0,CHI,32.4,0,0,0,R,180.0,ITA,28.3,,35.0,1248.0,145.0,431.0
2026-rio-de-janeiro-12,rio-de-janeiro,Clay,Francisco Cerundolo,Mariano Navone,6-3 6-4,Round of 32 ,100,0,0,0,,0,0,0,R,185.0,ARG,31.2,0,0,0,R,178.0,ARG,28.6,,27.0,1620.0,44.0,1046.0
2026-rio-de-janeiro-12,rio-de-janeiro,Clay,Juan Manuel Cerundolo,Luciano Darderi,6-1 3-6 6-4,Round of 32 ,100,0,0,0,,0,0,0,R,183.0,ARG,27.2,0,0,0,R,183.0,ITA,27.7,,72.0,776.0,20.0,1890.0
2026-rio-de-janeiro-12,rio-de-janeiro,Clay,Joao Fonseca,Thiago Monteiro,7-6 6-1,Round of 32 ,100,0,0,0,,0,0,0,R,185.0,BRA,23.3,0,0,0,R,183.0,BRA,35.4,,29.0,1435.0,292.0,181.0
2026-rio-de-janeiro-12,rio-de-janeiro,Clay,Jaime Faria,Sebastian Baez,7-5 6-1,Round of 32 ,100,0,0,0,,0,0,0,R,188.0,POR,26.0,0,0,0,R,170.0,ARG,28.8,,119.0,529.0,65.0,840.0
2026-rio-de-janeiro-12,rio-de-janeiro,Clay,Roman Andres Burruchaga,Camilo Ugo Carabelli,6-3 6-4,Round of 32 ,100,0,0,0,,0,0,0,R,183.0,ARG,27.3,0,0,0,R,185.0,ARG,30.1,,56.0,885.0,61.0,865.0
2026-rio-de-janeiro-12,rio-de-janeiro,Clay,Tomas Martin Etcheverry,Francisco Comesana,3-6 6-3 6-4,Round of 32 ,100,0,0,0,,0,0,0,R,196.0,ARG,30.3,0,0,0,R,178.0,ARG,28.8,,26.0,1660.0,114.0,570.0
2026-rio-de-janeiro-12,rio-de-janeiro,Clay,Matteo Berrettini,Tomas Barrios Vera,7-6 7-1,Round of 32 ,100,0,0,0,,0,0,0,R,196.0,ITA,33.6,0,0,0,R,191.0,CHI,31.7,,100.0,625.0,134.0,464.0
2026-rio-de-janeiro-12,rio-de-janeiro,Clay,Damir Dzumhur,Pedro Martinez,0-6 7-6 6-5,Round of 32 ,100,0,0,0,,0,0,0,R,175.0,BIH,37.4,0,0,0,R,185.0,ESP,32.5,,87.0,674.0,136.0,461.0
2026-rio-de-janeiro-12,rio-de-janeiro,Clay,Vilius Gaubas,Guto Miguel,6-3 2-6 6-2,Round of 32 ,100,0,0,0,,0,0,0,R,178.0,LTU,24.6,0,0,0,R,185.0,UNK,25.5,,121.0,527.0,150.0,0.0
2026-rio-de-janeiro-12,rio-de-janeiro,Clay,Francesco Passaro,Dino Prizmic,6-3 6-4,Round of 32 ,100,0,0,0,,0,0,0,R,180.0,ITA,28.3,0,0,0,R,188.0,CRO,23.5,,145.0,431.0,79.0,740.0
2026-rio-de-janeiro-12,rio-de-janeiro,Clay,Dusan Lajovic,Daniel Altmaier,6-4 7-6,Round of 32 ,100,0,0,0,,0,0,0,R,183.0,SRB,39.3,0,0,0,R,188.0,GER,31.1,,132.0,471.0,64.0,860.0
2026-rio-de-janeiro-12,rio-de-janeiro,Clay,Ignacio Buse,Igor Marcondes,4-6 7-5 6-4,Round of 32 ,100,0,0,0,,0,0,0,R,185.0,PER,25.4,0,0,0,R,185.0,UNK,25.5,,62.0,863.0,295.0,179.0
2026-rio-de-janeiro-12,rio-de-janeiro,Clay,Yannick Hanfmann,Joao Lucas Reis Da Silva,7-6 6-3,Round of 32 ,100,0,0,0,,0,0,0,R,193.0,GER,37.8,0,0,0,R,185.0,UNK,25.5,,59.0,879.0,202.0,285.0
2026-rio-de-janeiro-12,rio-de-janeiro,Clay,Vit Kopriva,Gustavo Heide,6-2 7-6,Round of 32 ,100,0,0,0,,0,0,0,R,178.0,CZE,32.1,0,0,0,R,191.0,BRA,27.3,,55.0,896.0,209.0,278.0
2026-rio-de-janeiro-12,rio-de-janeiro,Clay,Alejandro Tabilo,Emilio Nava,6-3 6-3,Round of 32 ,100,0,0,0,,0,0,0,R,188.0,CHI,32.4,0,0,0,R,185.0,USA,27.6,,35.0,1248.0,108.0,594.0
2026-rio-de-janeiro-12,rio-de-janeiro,Clay,Thiago Agustin Tirante,Cristian Garin,7-5 6-3,Round of 32 ,100,0,0,0,,0,0,0,R,185.0,ARG,28.5,0,0,0,R,185.0,CHI,33.2,,69.0,801.0,104.0,602.0
2026-rio-de-janeiro-12,rio-de-janeiro,Clay,Dino Prizmic,Tomas Barrios Vera,6-3 6-4,2nd Round Qualifying ,100,0,0,0,,0,0,0,R,188.0,CRO,23.5,0,0,0,R,191.0,CHI,31.7,,79.0,740.0,134.0,464.0
2026-rio-de-janeiro-12,rio-de-janeiro,Clay,Thiago Monteiro,Dusan Lajovic,2-6 6-3 6-3,2nd Round Qualifying ,100,0,0,0,,0,0,0,R,183.0,BRA,35.4,0,0,0,R,183.0,SRB,39.3,,292.0,181.0,132.0,471.0
2026-rio-de-janeiro-12,rio-de-janeiro,Clay,Vilius Gaubas,Francesco Passaro,6-4 6-4,2nd Round Qualifying ,100,0,0,0,,0,0,0,R,178.0,LTU,24.6,0,0,0,R,180.0,ITA,28.3,,121.0,527.0,145.0,431.0
2026-rio-de-janeiro-12,rio-de-janeiro,Clay,Igor Marcondes,Jaime Faria,6-1 7-6,2nd Round Qualifying ,100,0,0,0,,0,0,0,R,185.0,UNK,25.5,0,0,0,R,188.0,POR,26.0,,295.0,179.0,119.0,529.0
2026-rio-de-janeiro-12,rio-de-janeiro,Clay,Thiago Monteiro,Adolfo Daniel Vallejo,6-4 6-1,1st Round Qualifying ,100,0,0,0,,0,0,0,R,183.0,BRA,35.4,0,0,0,R,185.0,UNK,25.5,,292.0,181.0,84.0,703.0
2026-rio-de-janeiro-12,rio-de-janeiro,Clay,Tomas Barrios Vera,Pedro Boscardin Dias,6-4 7-5,1st Round Qualifying ,100,0,0,0,,0,0,0,R,191.0,CHI,31.7,0,0,0,R,185.0,UNK,25.5,,134.0,464.0,229.0,251.0
2026-rio-de-janeiro-12,rio-de-janeiro,Clay,Igor Marcondes,Chun-Hsin Tseng,6-3 7-6,1st Round Qualifying ,100,0,0,0,,0,0,0,R,185.0,UNK,25.5,0,0,0,R,185.0,UNK,25.5,,295.0,179.0,150.0,0.0
2026-rio-de-janeiro-12,rio-de-janeiro,Clay,Francesco Passaro,Elmer Moller,7-6 6-4,1st Round Qualifying ,100,0,0,0,,0,0,0,R,180.0,ITA,28.3,0,0,0,R,183.0,DEN,26.1,,145.0,431.0,153.0,404.0
2026-rio-de-janeiro-12,rio-de-janeiro,Clay,Dino Prizmic,Daniel Elahi Galan,6-1 6-2,1st Round Qualifying ,100,0,0,0,,0,0,0,R,188.0,CRO,23.5,0,0,0,R,191.0,COL,33.1,,79.0,740.0,271.0,200.0
2026-rio-de-janeiro-12,rio-de-janeiro,Clay,Dusan Lajovic,Hugo Dellien,3-6 7-6 6-3,1st Round Qualifying ,100,0,0,0,,0,0,0,R,183.0,SRB,39.3,0,0,0,R,180.0,BOL,36.2,,132.0,471.0,133.0,468.0
2026-rio-de-janeiro-12,rio-de-janeiro,Clay,Vilius Gaubas,Andrea Pellegrino,6-4 7-5,1st Round Qualifying ,100,0,0,0,,0,0,0,R,178.0,LTU,24.6,0,0,0,R,185.0,ITA,32.3,,121.0,527.0,155.0,393.0
2026-rio-de-janeiro-12,rio-de-janeiro,Clay,Jaime Faria,Nicolas Jarry,7-6 6-6 4-7 6-3,1st Round Qualifying ,100,0,0,0,,0,0,0,R,188.0,POR,26.0,0,0,0,R,201.0,CHI,34.0,,119.0,529.0,173.0,356.0
2026-delray-beach-13,delray-beach,Hard,Sebastian Korda,Tommy Paul,6-4 6-3,Final ,100,0,0,0,,0,0,0,R,196.0,USA,29.1,0,0,0,R,185.0,USA,32.4,,43.0,1050.0,18.0,1975.0
2026-delray-beach-13,delray-beach,Hard,Sebastian Korda,Flavio Cobolli,7-6 6-1,Semifinals ,100,0,0,0,,0,0,0,R,196.0,USA,29.1,0,0,0,R,183.0,ITA,27.4,,43.0,1050.0,12.0,2750.0
2026-delray-beach-13,delray-beach,Hard,Tommy Paul,Learner Tien,4-6 6-4 6-3,Semifinals ,100,0,0,0,,0,0,0,R,185.0,USA,32.4,0,0,0,R,180.0,USA,24.0,,18.0,1975.0,21.0,1870.0
2026-delray-beach-13,delray-beach,Hard,Tommy Paul,Taylor Fritz,6-4 6-3,Quarterfinals ,100,0,0,0,,0,0,0,R,185.0,USA,32.4,0,0,0,R,196.0,USA,32.0,,18.0,1975.0,7.0,3770.0
2026-delray-beach-13,delray-beach,Hard,Sebastian Korda,Casper Ruud,4-6 6-2 6-2,Quarterfinals ,100,0,0,0,,0,0,0,R,196.0,USA,29.1,0,0,0,R,183.0,NOR,30.8,,43.0,1050.0,25.0,1735.0
2026-delray-beach-13,delray-beach,Hard,Flavio Cobolli,Coleman Wong,7-5 6-7 7-2,Quarterfinals ,100,0,0,0,,0,0,0,R,183.0,ITA,27.4,0,0,0,R,191.0,HKG,25.3,,12.0,2750.0,110.0,583.0
2026-delray-beach-13,delray-beach,Hard,Learner Tien,Frances Tiafoe,7-6 3-5 7-6,Quarterfinals ,100,0,0,0,,0,0,0,R,180.0,USA,24.0,0,0,0,R,188.0,USA,31.7,,21.0,1870.0,22.0,1865.0
2026-delray-beach-13,delray-beach,Hard,Taylor Fritz,Rafael Jodar,7-6 6-4,Round of 16 ,100,0,0,0,,0,0,0,R,196.0,USA,32.0,0,0,0,R,185.0,UNK,25.5,,7.0,3770.0,34.0,1273.0
2026-delray-beach-13,delray-beach,Hard,Learner Tien,Miomir Kecmanovic,6-4 6-7 4-6 7-5,Round of 16 ,100,0,0,0,,0,0,0,R,180.0,USA,24.0,0,0,0,R,183.0,SRB,30.1,,21.0,1870.0,70.0,795.0
2026-delray-beach-13,delray-beach,Hard,Tommy Paul,Adam Walton,7-6 6-11,Round of 16 ,100,0,0,0,,0,0,0,R,185.0,USA,32.4,0,0,0,R,183.0,AUS,30.4,,18.0,1975.0,103.0,608.0
2026-delray-beach-13,delray-beach,Hard,Frances Tiafoe,Zachary Svajda,6-4 3-6 7-5,Round of 16 ,100,0,0,0,,0,0,0,R,188.0,USA,31.7,0,0,0,R,175.0,USA,26.8,,22.0,1865.0,90.0,666.0
2026-delray-beach-13,delray-beach,Hard,Casper Ruud,Marcos Giron,4-6 7-6 6-6,Round of 16 ,100,0,0,0,,0,0,0,R,183.0,NOR,30.8,0,0,0,R,180.0,USA,36.2,,25.0,1735.0,77.0,745.0
2026-delray-beach-13,delray-beach,Hard,Flavio Cobolli,Terence Atmane,7-5 6-4,Round of 16 ,100,0,0,0,,0,0,0,R,183.0,ITA,27.4,0,0,0,R,193.0,FRA,27.7,,12.0,2750.0,51.0,958.0
2026-delray-beach-13,delray-beach,Hard,Coleman Wong,Brandon Nakashima,6-4 7-6,Round of 16 ,100,0,0,0,,0,0,0,R,191.0,HKG,25.3,0,0,0,R,188.0,USA,28.2,,110.0,583.0,32.0,1295.0
2026-delray-beach-13,delray-beach,Hard,Sebastian Korda,Alex Michelsen,6-3 7-6,Round of 16 ,100,0,0,0,,0,0,0,R,196.0,USA,29.1,0,0,0,R,193.0,USA,25.3,,43.0,1050.0,42.0,1090.0
2026-delray-beach-13,delray-beach,Hard,Tommy Paul,Corentin Moutet,4-6 6-3 6-4,Round of 32 ,100,0,0,0,,0,0,0,R,185.0,USA,32.4,0,0,0,R,180.0,FRA,30.5,,18.0,1975.0,30.0,1413.0
2026-delray-beach-13,delray-beach,Hard,Brandon Nakashima,Marin Cilic,7-6 7-4,Round of 32 ,100,0,0,0,,0,0,0,R,188.0,USA,28.2,0,0,0,R,198.0,CRO,41.1,,32.0,1295.0,47.0,980.0
2026-delray-beach-13,delray-beach,Hard,Rafael Jodar,Ethan Quinn,6-2 6-3,Round of 32 ,100,0,0,0,,0,0,0,R,185.0,UNK,25.5,0,0,0,R,191.0,USA,25.3,,34.0,1273.0,48.0,977.0
2026-delray-beach-13,delray-beach,Hard,Miomir Kecmanovic,Mattia Bellucci,6-1 6-4,Round of 32 ,100,0,0,0,,0,0,0,R,183.0,SRB,30.1,0,0,0,R,175.0,ITA,28.3,,70.0,795.0,80.0,737.0
2026-delray-beach-13,delray-beach,Hard,Sebastian Korda,Mackenzie McDonald,6-4 7-5,Round of 32 ,100,0,0,0,,0,0,0,R,196.0,USA,29.1,0,0,0,R,185.0,UNK,25.5,,43.0,1050.0,150.0,0.0
2026-delray-beach-13,delray-beach,Hard,Zachary Svajda,Aleksandar Kovacevic,7-6 6-4,Round of 32 ,100,0,0,0,,0,0,0,R,175.0,USA,26.8,0,0,0,R,183.0,USA,31.1,,90.0,666.0,95.0,639.0
2026-delray-beach-13,delray-beach,Hard,Adam Walton,Gabriel Diallo,7-6 6-4,Round of 32 ,100,0,0,0,,0,0,0,R,183.0,AUS,30.4,0,0,0,R,203.0,CAN,28.1,,103.0,608.0,46.0,1000.0
2026-delray-beach-13,delray-beach,Hard,Alex Michelsen,Valentin Vacherot,7-6 6-4,Round of 32 ,100,0,0,0,,0,0,0,R,193.0,USA,25.3,0,0,0,R,193.0,MON,30.5,,42.0,1090.0,16.0,2147.0
2026-delray-beach-13,delray-beach,Hard,Frances Tiafoe,Rinky Hijikata,6-4 6-4,Round of 32 ,100,0,0,0,,0,0,0,R,188.0,USA,31.7,0,0,0,R,178.0,AUS,28.6,,22.0,1865.0,96.0,637.0
2026-delray-beach-13,delray-beach,Hard,Terence Atmane,Patrick Kypson,6-3 2-6 6-4,Round of 32 ,100,0,0,0,,0,0,0,R,193.0,FRA,27.7,0,0,0,R,188.0,USA,29.4,,51.0,958.0,89.0,669.0
2026-delray-beach-13,delray-beach,Hard,Marcos Giron,Sho Shimabukuro,6-3 7-5,Round of 32 ,100,0,0,0,,0,0,0,R,180.0,USA,36.2,0,0,0,R,180.0,JPN,31.2,,77.0,745.0,107.0,596.0
2026-delray-beach-13,delray-beach,Hard,Coleman Wong,Nuno Borges,7-6 4-5 6-6,Round of 32 ,100,0,0,0,,0,0,0,R,191.0,HKG,25.3,0,0,0,R,185.0,POR,32.7,,110.0,583.0,52.0,950.0
2026-delray-beach-13,delray-beach,Hard,Sho Shimabukuro,Adam Walton,6-3 6-4,2nd Round Qualifying ,100,0,0,0,,0,0,0,R,180.0,JPN,31.2,0,0,0,R,183.0,AUS,30.4,,107.0,596.0,103.0,608.0
2026-delray-beach-13,delray-beach,Hard,Rinky Hijikata,Dalibor Svrcina,6-4 6-3,2nd Round Qualifying ,100,0,0,0,,0,0,0,R,178.0,AUS,28.6,0,0,0,R,178.0,CZE,26.3,,96.0,637.0,116.0,547.0
2026-delray-beach-13,delray-beach,Hard,Coleman Wong,Tristan Schoolkate,6-4 6-4,2nd Round Qualifying ,100,0,0,0,,0,0,0,R,191.0,HKG,25.3,0,0,0,R,183.0,AUS,28.4,,110.0,583.0,126.0,512.0
2026-delray-beach-13,delray-beach,Hard,Zachary Svajda,Yibing Wu,6-3 6-4,2nd Round Qualifying ,100,0,0,0,,0,0,0,R,175.0,USA,26.8,0,0,0,R,183.0,CHN,29.9,,90.0,666.0,88.0,669.0
2026-delray-beach-13,delray-beach,Hard,Adam Walton,Nicolas Moreno De Alboran,6-3 4-6 6-4,1st Round Qualifying ,100,0,0,0,,0,0,0,R,183.0,AUS,30.4,0,0,0,R,185.0,USA,32.0,,103.0,608.0,143.0,0.0
2026-delray-beach-13,delray-beach,Hard,Dalibor Svrcina,Nicolas Mejia,3-6 6-1 6-4,1st Round Qualifying ,100,0,0,0,,0,0,0,R,178.0,CZE,26.3,0,0,0,R,183.0,COL,29.5,,116.0,547.0,174.0,354.0
2026-delray-beach-13,delray-beach,Hard,Tristan Schoolkate,Murphy Cassone,6-4 7-6,1st Round Qualifying ,100,0,0,0,,0,0,0,R,183.0,AUS,28.4,0,0,0,R,185.0,UNK,25.5,,126.0,512.0,264.0,204.0
2026-delray-beach-13,delray-beach,Hard,Zachary Svajda,Liam Draxl,6-2 6-1,1st Round Qualifying ,100,0,0,0,,0,0,0,R,175.0,USA,26.8,0,0,0,R,185.0,UNK,25.5,,90.0,666.0,171.0,364.0
2026-delray-beach-13,delray-beach,Hard,Rinky Hijikata,Michael Mmoh,6-3 3-6 7-6,1st Round Qualifying ,100,0,0,0,,0,0,0,R,178.0,AUS,28.6,0,0,0,R,188.0,USA,31.2,,96.0,637.0,218.0,265.0
2026-delray-beach-13,delray-beach,Hard,Coleman Wong,Yoshihito Nishioka,6-2 6-2,1st Round Qualifying ,100,0,0,0,,0,0,0,R,191.0,HKG,25.3,0,0,0,R,170.0,JPN,34.0,,110.0,583.0,175.0,351.0
2026-delray-beach-13,delray-beach,Hard,Yibing Wu,Colton Smith,7-5 6-1,1st Round Qualifying ,100,0,0,0,,0,0,0,R,183.0,CHN,29.9,0,0,0,R,185.0,UNK,25.5,,88.0,669.0,190.0,308.0
2026-delray-beach-13,delray-beach,Hard,Sho Shimabukuro,Benjamin Willwerth,6-4 7-6,1st Round Qualifying ,100,0,0,0,,0,0,0,R,180.0,JPN,31.2,0,0,0,R,185.0,UNK,25.5,,107.0,596.0,150.0,0.0
2026-dubai-14,dubai,Hard,Felix Auger-Aliassime,Zhizhen Zhang,6-3 7-6,Round of 32 ,100,0,0,0,,0,0,0,R,185.0,UNK,25.5,0,0,0,R,193.0,CHN,33.0,,150.0,0.0,239.0,240.0
2026-dubai-14,dubai,Hard,Giovanni Mpetshi Perricard,Moez Echargui,7-6 6-3 3-7 7-6,Round of 32 ,100,0,0,0,,0,0,0,R,203.0,FRA,26.3,0,0,0,R,178.0,TUN,36.5,,58.0,880.0,140.0,447.0
2026-dubai-14,dubai,Hard,Stan Wawrinka,Benjamin Hassan,7-5 6-3,Round of 32 ,100,0,0,0,,0,0,0,R,183.0,SUI,44.6,0,0,0,R,183.0,LBN,34.6,,125.0,518.0,339.0,150.0
2026-dubai-14,dubai,Hard,Giovanni Mpetshi Perricard,Jan Choinski,4-6 6-3 7-6,2nd Round Qualifying ,100,0,0,0,,0,0,0,R,203.0,FRA,26.3,0,0,0,R,196.0,GBR,33.2,,58.0,880.0,122.0,526.0
2026-dubai-14,dubai,Hard,Quentin Halys,Alexander Shevchenko,7-6 7-6,2nd Round Qualifying ,100,0,0,0,,0,0,0,R,191.0,FRA,33.0,0,0,0,R,185.0,KAZ,28.9,,93.0,653.0,92.0,0.0
2026-dubai-14,dubai,Hard,Otto Virtanen,Jan-Lennard Struff,6-7 7-4 6-4,2nd Round Qualifying ,100,0,0,0,,0,0,0,R,193.0,FIN,28.3,0,0,0,R,185.0,UNK,25.5,,127.0,512.0,150.0,0.0
2026-dubai-14,dubai,Hard,Pablo Carreno Busta,Luca Nardi,6-7 4-4 6-6 7-5,2nd Round Qualifying ,100,0,0,0,,0,0,0,R,188.0,ESP,38.2,0,0,0,R,185.0,ITA,26.1,,91.0,663.0,151.0,409.0
2026-dubai-14,dubai,Hard,Pablo Carreno Busta,Botic van de Zandschulp,6-3 6-2,1st Round Qualifying ,100,0,0,0,,0,0,0,R,188.0,ESP,38.2,0,0,0,R,185.0,UNK,25.5,,91.0,663.0,150.0,0.0
2026-dubai-14,dubai,Hard,Giovanni Mpetshi Perricard,Shintaro Mochizuki,6-1 7-6,1st Round Qualifying ,100,0,0,0,,0,0,0,R,203.0,FRA,26.3,0,0,0,R,175.0,JPN,26.3,,58.0,880.0,130.0,480.0
2026-dubai-14,dubai,Hard,Quentin Halys,Christopher O'Connell,6-3 6-4,1st Round Qualifying ,100,0,0,0,,0,0,0,R,191.0,FRA,33.0,0,0,0,R,185.0,UNK,25.5,,93.0,653.0,150.0,413.0
2026-dubai-14,dubai,Hard,Jan-Lennard Struff,Abdulrahman Al Janahi,6-0 6-1,1st Round Qualifying ,100,0,0,0,,0,0,0,R,185.0,UNK,25.5,0,0,0,R,185.0,UNK,25.5,,150.0,0.0,150.0,0.0
2026-dubai-14,dubai,Hard,Alexander Shevchenko,Nikoloz Basilashvili,7-6 6-1,1st Round Qualifying ,100,0,0,0,,0,0,0,R,185.0,KAZ,28.9,0,0,0,R,185.0,GEO,36.0,,92.0,0.0,117.0,539.0
2026-dubai-14,dubai,Hard,Jan Choinski,Jesper de Jong,6-1 7-6,1st Round Qualifying ,100,0,0,0,,0,0,0,R,196.0,GBR,33.2,0,0,0,R,185.0,UNK,25.5,,122.0,526.0,150.0,0.0
2026-dubai-14,dubai,Hard,Otto Virtanen,Aleksandar Vukic,6-2 6-2,1st Round Qualifying ,100,0,0,0,,0,0,0,R,193.0,FIN,28.3,0,0,0,R,188.0,AUS,33.5,,127.0,512.0,99.0,626.0
2026-dubai-14,dubai,Hard,Luca Nardi,Marco Trungelliti,2-6 6-2 7-6,1st Round Qualifying ,100,0,0,0,,0,0,0,R,185.0,ITA,26.1,0,0,0,R,178.0,ARG,39.6,,151.0,409.0,78.0,743.0
2026-acapulco-15,acapulco,Hard,Patrick Kypson,Coleman Wong,6-3 6-0,2nd Round Qualifying ,100,0,0,0,,0,0,0,R,188.0,USA,29.4,0,0,0,R,191.0,HKG,25.3,,89.0,669.0,110.0,583.0
2026-acapulco-15,acapulco,Hard,Sho Shimabukuro,Zachary Svajda,5-1,2nd Round Qualifying ,100,0,0,0,,0,0,0,R,180.0,JPN,31.2,0,0,0,R,175.0,USA,26.8,,107.0,596.0,90.0,666.0
2026-acapulco-15,acapulco,Hard,Yibing Wu,Rinky Hijikata,6-1 7-6,2nd Round Qualifying ,100,0,0,0,,0,0,0,R,183.0,CHN,29.9,0,0,0,R,178.0,AUS,28.6,,88.0,669.0,96.0,637.0
2026-acapulco-15,acapulco,Hard,Elias Ymer,Nicolas Mejia,6-4 6-4,2nd Round Qualifying ,100,0,0,0,,0,0,0,R,185.0,SWE,33.5,0,0,0,R,183.0,COL,29.5,,176.0,349.0,174.0,354.0
2026-acapulco-15,acapulco,Hard,Patrick Kypson,Stefan Kozlov,7-6 6-3,1st Round Qualifying ,100,0,0,0,,0,0,0,R,188.0,USA,29.4,0,0,0,R,183.0,USA,29.6,,89.0,669.0,265.0,203.0
2026-acapulco-15,acapulco,Hard,Zachary Svajda,Andres Martin,6-0 6-0,1st Round Qualifying ,100,0,0,0,,0,0,0,R,175.0,USA,26.8,0,0,0,R,183.0,USA,28.0,,90.0,666.0,277.0,188.0
2026-acapulco-15,acapulco,Hard,Rinky Hijikata,Alan Magadan,7-6 6-0,1st Round Qualifying ,100,0,0,0,,0,0,0,R,178.0,AUS,28.6,0,0,0,R,185.0,UNK,25.5,,96.0,637.0,150.0,0.0
2026-acapulco-15,acapulco,Hard,Elias Ymer,Mackenzie McDonald,7-6 4-7 6-6,1st Round Qualifying ,100,0,0,0,,0,0,0,R,185.0,SWE,33.5,0,0,0,R,185.0,UNK,25.5,,176.0,349.0,150.0,0.0
2026-acapulco-15,acapulco,Hard,Sho Shimabukuro,Rafael De Alba,6-2 6-2,1st Round Qualifying ,100,0,0,0,,0,0,0,R,180.0,JPN,31.2,0,0,0,R,185.0,UNK,25.5,,107.0,596.0,150.0,0.0
2026-acapulco-15,acapulco,Hard,Coleman Wong,Alex Hernandez,6-3 6-2,1st Round Qualifying ,100,0,0,0,,0,0,0,R,191.0,HKG,25.3,0,0,0,R,185.0,UNK,25.5,,110.0,583.0,150.0,0.0
2026-acapulco-15,acapulco,Hard,Yibing Wu,Juan Pablo Ficovich,6-0 6-2,1st Round Qualifying ,100,0,0,0,,0,0,0,R,183.0,CHN,29.9,0,0,0,R,191.0,ARG,30.0,,88.0,669.0,203.0,284.0
2026-acapulco-15,acapulco,Hard,Nicolas Mejia,Bernard Tomic,6-3 3-0,1st Round Qualifying ,100,0,0,0,,0,0,0,R,183.0,COL,29.5,0,0,0,R,196.0,AUS,33.3,,174.0,354.0,194.0,305.0
2026-santiago-16,santiago,Clay,Adolfo Daniel Vallejo,Henrique Rocha,6-4 6-2,2nd Round Qualifying ,100,0,0,0,,0,0,0,R,185.0,UNK,25.5,0,0,0,R,180.0,POR,25.4,,84.0,703.0,120.0,529.0
2026-santiago-16,santiago,Clay,Dino Prizmic,Hugo Dellien,6-3 3-6 6-2,2nd Round Qualifying ,100,0,0,0,,0,0,0,R,188.0,CRO,23.5,0,0,0,R,180.0,BOL,36.2,,79.0,740.0,133.0,468.0
2026-santiago-16,santiago,Clay,Alex Barrena,Vilius Gaubas,6-3 6-1,2nd Round Qualifying ,100,0,0,0,,0,0,0,R,185.0,UNK,25.5,0,0,0,R,178.0,LTU,24.6,,189.0,309.0,121.0,527.0
2026-santiago-16,santiago,Clay,Andrea Pellegrino,Daniel Elahi Galan,6-7 2-6 7-7 6-4,2nd Round Qualifying ,100,0,0,0,,0,0,0,R,185.0,ITA,32.3,0,0,0,R,191.0,COL,33.1,,155.0,393.0,271.0,200.0
2026-santiago-16,santiago,Clay,Adolfo Daniel Vallejo,Thiago Monteiro,6-7 3-4 6-2,1st Round Qualifying ,100,0,0,0,,0,0,0,R,185.0,UNK,25.5,0,0,0,R,183.0,BRA,35.4,,84.0,703.0,292.0,181.0
2026-santiago-16,santiago,Clay,Dino Prizmic,Gustavo Heide,6-2 7-5,1st Round Qualifying ,100,0,0,0,,0,0,0,R,188.0,CRO,23.5,0,0,0,R,191.0,BRA,27.3,,79.0,740.0,209.0,278.0
2026-santiago-16,santiago,Clay,Vilius Gaubas,Joao Lucas Reis Da Silva,6-2 6-3,1st Round Qualifying ,100,0,0,0,,0,0,0,R,178.0,LTU,24.6,0,0,0,R,185.0,UNK,25.5,,121.0,527.0,202.0,285.0
2026-santiago-16,santiago,Clay,Andrea Pellegrino,Nicolas Villalon,6-3 6-4,1st Round Qualifying ,100,0,0,0,,0,0,0,R,185.0,ITA,32.3,0,0,0,R,185.0,UNK,25.5,,155.0,393.0,150.0,0.0
2026-santiago-16,santiago,Clay,Hugo Dellien,Benjamin Torrealba,6-1 6-1,1st Round Qualifying ,100,0,0,0,,0,0,0,R,180.0,BOL,36.2,0,0,0,R,185.0,UNK,25.5,,133.0,468.0,150.0,0.0
2026-santiago-16,santiago,Clay,Henrique Rocha,Orlando Luz,6-3 6-2,1st Round Qualifying ,100,0,0,0,,0,0,0,R,180.0,POR,25.4,0,0,0,R,180.0,BRA,28.5,,120.0,529.0,278.0,0.0
2026-santiago-16,santiago,Clay,Alex Barrena,Daniel Antonio Nunez,6-0 6-3,1st Round Qualifying ,100,0,0,0,,0,0,0,R,185.0,UNK,25.5,0,0,0,R,185.0,UNK,25.5,,189.0,309.0,150.0,0.0
2026-santiago-16,santiago,Clay,Daniel Elahi Galan,Facundo Mena,7-6 7-5,1st Round Qualifying ,100,0,0,0,,0,0,0,R,191.0,COL,33.1,0,0,0,R,183.0,ARG,34.9,,271.0,200.0,296.0,179.0
2026-indian-wells-0,indian-wells,Hard,Daniil Medvedev,Carlos Alcaraz,6-3 7-6,Semifinals ,100,0,0,0,,0,0,0,R,198.0,RUS,33.7,0,0,0,R,183.0,ESP,26.5,,9.0,3460.0,2.0,12960.0
2026-indian-wells-0,indian-wells,Hard,Jannik Sinner,Alexander Zverev,6-2 6-4,Semifinals ,100,0,0,0,,0,0,0,R,191.0,ITA,28.2,0,0,0,R,198.0,GER,32.5,,1.0,14350.0,3.0,5805.0
2026-indian-wells-0,indian-wells,Hard,Carlos Alcaraz,Cameron Norrie,6-3 6-4,Quarterfinals ,100,0,0,0,,0,0,0,R,183.0,ESP,26.5,0,0,0,R,188.0,GBR,34.2,,2.0,12960.0,19.0,1918.0
2026-indian-wells-0,indian-wells,Hard,Jannik Sinner,Learner Tien,6-1 6-2,Quarterfinals ,100,0,0,0,,0,0,0,R,191.0,ITA,28.2,0,0,0,R,180.0,USA,24.0,,1.0,14350.0,21.0,1870.0
2026-indian-wells-0,indian-wells,Hard,Alexander Zverev,Arthur Fils,6-2 6-3,Quarterfinals ,100,0,0,0,,0,0,0,R,198.0,GER,32.5,0,0,0,R,185.0,FRA,25.5,,3.0,5805.0,17.0,2130.0
2026-indian-wells-0,indian-wells,Hard,Daniil Medvedev,Jack Draper,6-1 7-5,Quarterfinals ,100,0,0,0,,0,0,0,R,198.0,RUS,33.7,0,0,0,R,193.0,GBR,27.8,,9.0,3460.0,50.0,960.0
2026-indian-wells-0,indian-wells,Hard,Carlos Alcaraz,Casper Ruud,6-1 7-6,Round of 16 ,100,0,0,0,,0,0,0,R,183.0,ESP,26.5,0,0,0,R,183.0,NOR,30.8,,2.0,12960.0,25.0,1735.0
2026-indian-wells-0,indian-wells,Hard,Jack Draper,Novak Djokovic,4-6 6-4 7-6,Round of 16 ,100,0,0,0,,0,0,0,R,193.0,GBR,27.8,0,0,0,R,188.0,SRB,42.3,,50.0,960.0,4.0,4700.0
2026-indian-wells-0,indian-wells,Hard,Daniil Medvedev,Alex Michelsen,6-2 6-4,Round of 16 ,100,0,0,0,,0,0,0,R,198.0,RUS,33.7,0,0,0,R,193.0,USA,25.3,,9.0,3460.0,42.0,1090.0
2026-indian-wells-0,indian-wells,Hard,Cameron Norrie,Rinky Hijikata,6-4 6-2,Round of 16 ,100,0,0,0,,0,0,0,R,188.0,GBR,34.2,0,0,0,R,178.0,AUS,28.6,,19.0,1918.0,96.0,637.0
2026-indian-wells-0,indian-wells,Hard,Jannik Sinner,Joao Fonseca,7-6 7-6,Round of 16 ,100,0,0,0,,0,0,0,R,191.0,ITA,28.2,0,0,0,R,185.0,BRA,23.3,,1.0,14350.0,29.0,1435.0
2026-indian-wells-0,indian-wells,Hard,Alexander Zverev,Frances Tiafoe,6-3 6-4,Round of 16 ,100,0,0,0,,0,0,0,R,198.0,GER,32.5,0,0,0,R,188.0,USA,31.7,,3.0,5805.0,22.0,1865.0
2026-indian-wells-0,indian-wells,Hard,Arthur Fils,Felix Auger-Aliassime,6-3 7-6,Round of 16 ,100,0,0,0,,0,0,0,R,185.0,FRA,25.5,0,0,0,R,185.0,UNK,25.5,,17.0,2130.0,150.0,0.0
2026-indian-wells-0,indian-wells,Hard,Learner Tien,Alejandro Davidovich Fokina,4-6 6-1 7-6,Round of 16 ,100,0,0,0,,0,0,0,R,180.0,USA,24.0,0,0,0,R,183.0,ESP,30.3,,21.0,1870.0,23.0,1820.0
2026-indian-wells-0,indian-wells,Hard,Carlos Alcaraz,Arthur Rinderknech,6-7 6-3 6-2,Round of 32 ,100,0,0,0,,0,0,0,R,183.0,ESP,26.5,0,0,0,R,196.0,FRA,34.2,,2.0,12960.0,24.0,1736.0
2026-indian-wells-0,indian-wells,Hard,Novak Djokovic,Aleksandar Kovacevic,6-4 1-6 6-4,Round of 32 ,100,0,0,0,,0,0,0,R,188.0,SRB,42.3,0,0,0,R,183.0,USA,31.1,,4.0,4700.0,95.0,639.0
2026-indian-wells-0,indian-wells,Hard,Cameron Norrie,Alex de Minaur,6-4 6-4,Round of 32 ,100,0,0,0,,0,0,0,R,188.0,GBR,34.2,0,0,0,R,185.0,UNK,25.5,,19.0,1918.0,150.0,0.0
2026-indian-wells-0,indian-wells,Hard,Alex Michelsen,Taylor Fritz,6-4 7-6,Round of 32 ,100,0,0,0,,0,0,0,R,193.0,USA,25.3,0,0,0,R,196.0,USA,32.0,,42.0,1090.0,7.0,3770.0
2026-indian-wells-0,indian-wells,Hard,Rinky Hijikata,Alexander Bublik,6-7 3-6 7-3 6-3,Round of 32 ,100,0,0,0,,0,0,0,R,178.0,AUS,28.6,0,0,0,R,196.0,KAZ,32.3,,96.0,637.0,11.0,3355.0
2026-indian-wells-0,indian-wells,Hard,Daniil Medvedev,Sebastian Baez,6-4 6-0,Round of 32 ,100,0,0,0,,0,0,0,R,198.0,RUS,33.7,0,0,0,R,170.0,ARG,28.8,,9.0,3460.0,65.0,840.0
2026-indian-wells-0,indian-wells,Hard,Casper Ruud,Valentin Vacherot,3-6 6-3 6-4,Round of 32 ,100,0,0,0,,0,0,0,R,183.0,NOR,30.8,0,0,0,R,193.0,MON,30.5,,25.0,1735.0,16.0,2147.0
2026-indian-wells-0,indian-wells,Hard,Jack Draper,Francisco Cerundolo,6-1 7-5,Round of 32 ,100,0,0,0,,0,0,0,R,193.0,GBR,27.8,0,0,0,R,185.0,ARG,31.2,,50.0,960.0,27.0,1620.0
2026-indian-wells-0,indian-wells,Hard,Jannik Sinner,Denis Shapovalov,6-3 6-2,Round of 32 ,100,0,0,0,,0,0,0,R,191.0,ITA,28.2,0,0,0,R,185.0,CAN,30.5,,1.0,14350.0,37.0,1170.0
2026-indian-wells-0,indian-wells,Hard,Alexander Zverev,Brandon Nakashima,7-6 5-2 6-7,Round of 32 ,100,0,0,0,,0,0,0,R,198.0,GER,32.5,0,0,0,R,188.0,USA,28.2,,3.0,5805.0,32.0,1295.0
2026-indian-wells-0,indian-wells,Hard,Learner Tien,Ben Shelton,7-6 4-3 6-6,Round of 32 ,100,0,0,0,,0,0,0,R,180.0,USA,24.0,0,0,0,R,193.0,USA,27.1,,21.0,1870.0,6.0,4030.0
2026-indian-wells-0,indian-wells,Hard,Felix Auger-Aliassime,Gabriel Diallo,6-7 5-3 6-3,Round of 32 ,100,0,0,0,,0,0,0,R,185.0,UNK,25.5,0,0,0,R,203.0,CAN,28.1,,150.0,0.0,46.0,1000.0
2026-indian-wells-0,indian-wells,Hard,Alejandro Davidovich Fokina,Jakub Mensik,6-2 4-6 6-2,Round of 32 ,100,0,0,0,,0,0,0,R,183.0,ESP,30.3,0,0,0,R,193.0,CZE,24.2,,23.0,1820.0,28.0,1600.0
2026-indian-wells-0,indian-wells,Hard,Frances Tiafoe,Flavio Cobolli,6-1 6-2,Round of 32 ,100,0,0,0,,0,0,0,R,188.0,USA,31.7,0,0,0,R,183.0,ITA,27.4,,22.0,1865.0,12.0,2750.0
2026-indian-wells-0,indian-wells,Hard,Joao Fonseca,Tommy Paul,6-2 6-3,Round of 32 ,100,0,0,0,,0,0,0,R,185.0,BRA,23.3,0,0,0,R,185.0,USA,32.4,,29.0,1435.0,18.0,1975.0
2026-indian-wells-0,indian-wells,Hard,Arthur Fils,Marton Fucsovics,6-3 7-5,Round of 32 ,100,0,0,0,,0,0,0,R,185.0,FRA,25.5,0,0,0,R,188.0,HUN,37.7,,17.0,2130.0,57.0,884.0
2026-indian-wells-0,indian-wells,Hard,Carlos Alcaraz,Grigor Dimitrov,6-2 6-3,Round of 64 ,100,0,0,0,,0,0,0,R,183.0,ESP,26.5,0,0,0,R,191.0,BUL,38.4,,2.0,12960.0,170.0,365.0
2026-indian-wells-0,indian-wells,Hard,Novak Djokovic,Kamil Majchrzak,4-6 6-1 6-2,Round of 64 ,100,0,0,0,,0,0,0,R,188.0,SRB,42.3,0,0,0,R,180.0,POL,33.6,,4.0,4700.0,76.0,747.0
2026-indian-wells-0,indian-wells,Hard,Alex de Minaur,Sebastian Korda,4-6 6-4 6-4,Round of 64 ,100,0,0,0,,0,0,0,R,185.0,UNK,25.5,0,0,0,R,196.0,USA,29.1,,150.0,0.0,43.0,1050.0
2026-indian-wells-0,indian-wells,Hard,Taylor Fritz,Jacob Fearnley,6-3 6-7 8-1,Round of 64 ,100,0,0,0,,0,0,0,R,196.0,USA,32.0,0,0,0,R,183.0,GBR,28.2,,7.0,3770.0,123.0,523.0
2026-indian-wells-0,indian-wells,Hard,Alexander Bublik,Vit Kopriva,3-6 7-6 6-3,Round of 64 ,100,0,0,0,,0,0,0,R,196.0,KAZ,32.3,0,0,0,R,178.0,CZE,32.1,,11.0,3355.0,55.0,896.0
2026-indian-wells-0,indian-wells,Hard,Daniil Medvedev,Alejandro Tabilo,6-4 6-2,Round of 64 ,100,0,0,0,,0,0,0,R,198.0,RUS,33.7,0,0,0,R,188.0,CHI,32.4,,9.0,3460.0,35.0,1248.0
2026-indian-wells-0,indian-wells,Hard,Casper Ruud,Alexander Shevchenko,6-1 7-6,Round of 64 ,100,0,0,0,,0,0,0,R,183.0,NOR,30.8,0,0,0,R,185.0,KAZ,28.9,,25.0,1735.0,92.0,0.0
2026-indian-wells-0,indian-wells,Hard,Jack Draper,Roberto Bautista Agut,3-6 6-3 6-2,Round of 64 ,100,0,0,0,,0,0,0,R,193.0,GBR,27.8,0,0,0,R,183.0,ESP,41.5,,50.0,960.0,98.0,629.0
2026-indian-wells-0,indian-wells,Hard,Joao Fonseca,Karen Khachanov,4-6 7-6 6-7,Round of 64 ,100,0,0,0,,0,0,0,R,185.0,BRA,23.3,0,0,0,R,198.0,RUS,33.4,,29.0,1435.0,15.0,2220.0
2026-indian-wells-0,indian-wells,Hard,Gabriel Diallo,Andrey Rublev,6-7 4-6 7-1 6-3,Round of 64 ,100,0,0,0,,0,0,0,R,203.0,CAN,28.1,0,0,0,R,188.0,RUS,32.0,,46.0,1000.0,14.0,2590.0
2026-indian-wells-0,indian-wells,Hard,Francisco Cerundolo,Benjamin Bonzi,6-4 5-7 7-6,Round of 64 ,100,0,0,0,,0,0,0,R,185.0,ARG,31.2,0,0,0,R,183.0,FRA,33.4,,27.0,1620.0,101.0,616.0
2026-indian-wells-0,indian-wells,Hard,Rinky Hijikata,Luciano Darderi,4-6 6-2 6-4,Round of 64 ,100,0,0,0,,0,0,0,R,178.0,AUS,28.6,0,0,0,R,183.0,ITA,27.7,,96.0,637.0,20.0,1890.0
2026-indian-wells-0,indian-wells,Hard,Sebastian Baez,Jiri Lehecka,6-4 6-1,Round of 64 ,100,0,0,0,,0,0,0,R,170.0,ARG,28.8,0,0,0,R,185.0,CZE,27.9,,65.0,840.0,13.0,2715.0
2026-indian-wells-0,indian-wells,Hard,Valentin Vacherot,Nuno Borges,7-5 7-5,Round of 64 ,100,0,0,0,,0,0,0,R,193.0,MON,30.5,0,0,0,R,185.0,POR,32.7,,16.0,2147.0,52.0,950.0
2026-indian-wells-0,indian-wells,Hard,Arthur Rinderknech,Juan Manuel Cerundolo,,Round of 64 ,100,0,0,0,,0,0,0,R,196.0,FRA,34.2,0,0,0,R,183.0,ARG,27.2,,24.0,1736.0,72.0,776.0
2026-indian-wells-0,indian-wells,Hard,Cameron Norrie,Mackenzie McDonald,6-2 6-3,Round of 64 ,100,0,0,0,,0,0,0,R,188.0,GBR,34.2,0,0,0,R,185.0,UNK,25.5,,19.0,1918.0,150.0,0.0
2026-indian-wells-0,indian-wells,Hard,Aleksandar Kovacevic,Corentin Moutet,6-1 6-4,Round of 64 ,100,0,0,0,,0,0,0,R,183.0,USA,31.1,0,0,0,R,180.0,FRA,30.5,,95.0,639.0,30.0,1413.0
2026-indian-wells-0,indian-wells,Hard,Alex Michelsen,Ugo Humbert,7-5 6-7 5-6 7-6,Round of 64 ,100,0,0,0,,0,0,0,R,193.0,USA,25.3,0,0,0,R,188.0,FRA,31.3,,42.0,1090.0,33.0,1280.0
2026-indian-wells-0,indian-wells,Hard,Jannik Sinner,Dalibor Svrcina,6-1 6-1,Round of 64 ,100,0,0,0,,0,0,0,R,191.0,ITA,28.2,0,0,0,R,178.0,CZE,26.3,,1.0,14350.0,116.0,547.0
2026-indian-wells-0,indian-wells,Hard,Alexander Zverev,Matteo Berrettini,6-3 6-4,Round of 64 ,100,0,0,0,,0,0,0,R,198.0,GER,32.5,0,0,0,R,196.0,ITA,33.6,,3.0,5805.0,100.0,625.0
2026-indian-wells-0,indian-wells,Hard,Marton Fucsovics,Lorenzo Musetti,7-5 6-1,Round of 64 ,100,0,0,0,,0,0,0,R,188.0,HUN,37.7,0,0,0,R,185.0,ITA,27.7,,57.0,884.0,10.0,3415.0
2026-indian-wells-0,indian-wells,Hard,Ben Shelton,Reilly Opelka,6-7 3-6 7-4 6-3,Round of 64 ,100,0,0,0,,0,0,0,R,193.0,USA,27.1,0,0,0,R,211.0,USA,32.0,,6.0,4030.0,74.0,768.0
2026-indian-wells-0,indian-wells,Hard,Felix Auger-Aliassime,Gael Monfils,6-7 5-3 6-4,Round of 64 ,100,0,0,0,,0,0,0,R,185.0,UNK,25.5,0,0,0,R,193.0,FRA,43.1,,150.0,0.0,222.0,260.0
2026-indian-wells-0,indian-wells,Hard,Jakub Mensik,Marcos Giron,7-5 7-6,Round of 64 ,100,0,0,0,,0,0,0,R,193.0,CZE,24.2,0,0,0,R,180.0,USA,36.2,,28.0,1600.0,77.0,745.0
2026-indian-wells-0,indian-wells,Hard,Flavio Cobolli,Miomir Kecmanovic,3-6 6-3 6-4,Round of 64 ,100,0,0,0,,0,0,0,R,183.0,ITA,27.4,0,0,0,R,183.0,SRB,30.1,,12.0,2750.0,70.0,795.0
2026-indian-wells-0,indian-wells,Hard,Alejandro Davidovich Fokina,Zachary Svajda,7-6 6-0,Round of 64 ,100,0,0,0,,0,0,0,R,183.0,ESP,30.3,0,0,0,R,175.0,USA,26.8,,23.0,1820.0,90.0,666.0
2026-indian-wells-0,indian-wells,Hard,Frances Tiafoe,Jenson Brooksby,6-4 6-2,Round of 64 ,100,0,0,0,,0,0,0,R,188.0,USA,31.7,0,0,0,R,188.0,USA,27.2,,22.0,1865.0,63.0,862.0
2026-indian-wells-0,indian-wells,Hard,Tommy Paul,Zizou Bergs,6-1 6-2,Round of 64 ,100,0,0,0,,0,0,0,R,185.0,USA,32.4,0,0,0,R,185.0,BEL,30.4,,18.0,1975.0,39.0,1140.0
2026-indian-wells-0,indian-wells,Hard,Learner Tien,Adam Walton,7-6 7-3,Round of 64 ,100,0,0,0,,0,0,0,R,180.0,USA,24.0,0,0,0,R,183.0,AUS,30.4,,21.0,1870.0,103.0,608.0
2026-indian-wells-0,indian-wells,Hard,Brandon Nakashima,Camilo Ugo Carabelli,6-3 6-4,Round of 64 ,100,0,0,0,,0,0,0,R,188.0,USA,28.2,0,0,0,R,185.0,ARG,30.1,,32.0,1295.0,61.0,865.0
2026-indian-wells-0,indian-wells,Hard,Denis Shapovalov,Tomas Martin Etcheverry,6-3 2-6 7-6,Round of 64 ,100,0,0,0,,0,0,0,R,185.0,CAN,30.5,0,0,0,R,196.0,ARG,30.3,,37.0,1170.0,26.0,1660.0
2026-indian-wells-0,indian-wells,Hard,Arthur Fils,Dino Prizmic,6-2 3-2,Round of 64 ,100,0,0,0,,0,0,0,R,185.0,FRA,25.5,0,0,0,R,188.0,CRO,23.5,,17.0,2130.0,79.0,740.0
2026-indian-wells-0,indian-wells,Hard,Sebastian Baez,Chun-Hsin Tseng,6-3 6-2,Round of 128 ,100,0,0,0,,0,0,0,R,170.0,ARG,28.8,0,0,0,R,185.0,UNK,25.5,,65.0,840.0,150.0,0.0
2026-indian-wells-0,indian-wells,Hard,Roberto Bautista Agut,Fabian Marozsan,6-4 6-7 2-4,Round of 128 ,100,0,0,0,,0,0,0,R,183.0,ESP,41.5,0,0,0,R,193.0,HUN,30.0,,98.0,629.0,49.0,975.0
2026-indian-wells-0,indian-wells,Hard,Benjamin Bonzi,Valentin Royer,6-4 6-3,Round of 128 ,100,0,0,0,,0,0,0,R,183.0,FRA,33.4,0,0,0,R,185.0,UNK,25.5,,101.0,616.0,71.0,788.0
2026-indian-wells-0,indian-wells,Hard,Nuno Borges,Emilio Nava,7-6 7-9,Round of 128 ,100,0,0,0,,0,0,0,R,185.0,POR,32.7,0,0,0,R,185.0,USA,27.6,,52.0,950.0,108.0,594.0
2026-indian-wells-0,indian-wells,Hard,Juan Manuel Cerundolo,Botic van de Zandschulp,7-6 6-3 5-7 6-3,Round of 128 ,100,0,0,0,,0,0,0,R,183.0,ARG,27.2,0,0,0,R,185.0,UNK,25.5,,72.0,776.0,150.0,0.0
2026-indian-wells-0,indian-wells,Hard,Grigor Dimitrov,Terence Atmane,6-4 5-7 6-4,Round of 128 ,100,0,0,0,,0,0,0,R,191.0,BUL,38.4,0,0,0,R,193.0,FRA,27.7,,170.0,365.0,51.0,958.0
2026-indian-wells-0,indian-wells,Hard,Jacob Fearnley,Damir Dzumhur,6-3 6-3,Round of 128 ,100,0,0,0,,0,0,0,R,183.0,GBR,28.2,0,0,0,R,175.0,BIH,37.4,,123.0,523.0,87.0,674.0
2026-indian-wells-0,indian-wells,Hard,Rinky Hijikata,Francesco Maestrelli,7-6 6-5,Round of 128 ,100,0,0,0,,0,0,0,R,178.0,AUS,28.6,0,0,0,R,196.0,ITA,24.8,,96.0,637.0,112.0,575.0
2026-indian-wells-0,indian-wells,Hard,Vit Kopriva,Michael Zheng,7-6 7-1,Round of 128 ,100,0,0,0,,0,0,0,R,178.0,CZE,32.1,0,0,0,R,185.0,UNK,25.5,,55.0,896.0,149.0,414.0
2026-indian-wells-0,indian-wells,Hard,Sebastian Korda,Francisco Comesana,7-5 6-0,Round of 128 ,100,0,0,0,,0,0,0,R,196.0,USA,29.1,0,0,0,R,178.0,ARG,28.8,,43.0,1050.0,114.0,570.0
2026-indian-wells-0,indian-wells,Hard,Aleksandar Kovacevic,Hubert Hurkacz,7-6 7-6,Round of 128 ,100,0,0,0,,0,0,0,R,183.0,USA,31.1,0,0,0,R,196.0,POL,32.7,,95.0,639.0,53.0,930.0
2026-indian-wells-0,indian-wells,Hard,Kamil Majchrzak,Giovanni Mpetshi Perricard,6-3 1-6 7-5,Round of 128 ,100,0,0,0,,0,0,0,R,180.0,POL,33.6,0,0,0,R,203.0,FRA,26.3,,76.0,747.0,58.0,880.0
2026-indian-wells-0,indian-wells,Hard,Mackenzie McDonald,Matteo Arnaldi,6-0 6-1,Round of 128 ,100,0,0,0,,0,0,0,R,185.0,UNK,25.5,0,0,0,R,185.0,ITA,28.6,,150.0,0.0,106.0,596.0
2026-indian-wells-0,indian-wells,Hard,Alex Michelsen,Daniel Merida,6-3 6-4,Round of 128 ,100,0,0,0,,0,0,0,R,193.0,USA,25.3,0,0,0,R,185.0,UNK,25.5,,42.0,1090.0,86.0,696.0
2026-indian-wells-0,indian-wells,Hard,Alexander Shevchenko,Sho Shimabukuro,6-4 3-6 6-2,Round of 128 ,100,0,0,0,,0,0,0,R,185.0,KAZ,28.9,0,0,0,R,180.0,JPN,31.2,,92.0,0.0,107.0,596.0
2026-indian-wells-0,indian-wells,Hard,Alejandro Tabilo,Rafael Jodar,6-1 6-2,Round of 128 ,100,0,0,0,,0,0,0,R,188.0,CHI,32.4,0,0,0,R,185.0,UNK,25.5,,35.0,1248.0,34.0,1273.0
2026-indian-wells-0,indian-wells,Hard,Zizou Bergs,Jan-Lennard Struff,6-3 6-4,Round of 128 ,100,0,0,0,,0,0,0,R,185.0,BEL,30.4,0,0,0,R,185.0,UNK,25.5,,39.0,1140.0,150.0,0.0
2026-indian-wells-0,indian-wells,Hard,Matteo Berrettini,Adrian Mannarino,4-6 7-5 7-5,Round of 128 ,100,0,0,0,,0,0,0,R,196.0,ITA,33.6,0,0,0,R,180.0,FRA,41.3,,100.0,625.0,45.0,1035.0
2026-indian-wells-0,indian-wells,Hard,Jenson Brooksby,Alexei Popyrin,6-3 6-4,Round of 128 ,100,0,0,0,,0,0,0,R,188.0,USA,27.2,0,0,0,R,196.0,AUS,30.2,,63.0,862.0,60.0,870.0
2026-indian-wells-0,indian-wells,Hard,Gabriel Diallo,Mattia Bellucci,7-6 6-5,Round of 128 ,100,0,0,0,,0,0,0,R,203.0,CAN,28.1,0,0,0,R,175.0,ITA,28.3,,46.0,1000.0,80.0,737.0
2026-indian-wells-0,indian-wells,Hard,Joao Fonseca,Raphael Collignon,7-6 6-2,Round of 128 ,100,0,0,0,,0,0,0,R,185.0,BRA,23.3,0,0,0,R,191.0,BEL,27.7,,29.0,1435.0,68.0,802.0
2026-indian-wells-0,indian-wells,Hard,Marton Fucsovics,Christopher O'Connell,7-5 6-3,Round of 128 ,100,0,0,0,,0,0,0,R,188.0,HUN,37.7,0,0,0,R,185.0,UNK,25.5,,57.0,884.0,150.0,413.0
2026-indian-wells-0,indian-wells,Hard,Marcos Giron,Mariano Navone,4-6 7-5 6-3,Round of 128 ,100,0,0,0,,0,0,0,R,180.0,USA,36.2,0,0,0,R,178.0,ARG,28.6,,77.0,745.0,44.0,1046.0
2026-indian-wells-0,indian-wells,Hard,Miomir Kecmanovic,Daniel Altmaier,6-3 1-0,Round of 128 ,100,0,0,0,,0,0,0,R,183.0,SRB,30.1,0,0,0,R,188.0,GER,31.1,,70.0,795.0,64.0,860.0
2026-indian-wells-0,indian-wells,Hard,Gael Monfils,Alexis Galarneau,6-3 6-4,Round of 128 ,100,0,0,0,,0,0,0,R,193.0,FRA,43.1,0,0,0,R,180.0,CAN,29.5,,222.0,260.0,192.0,306.0
2026-indian-wells-0,indian-wells,Hard,Reilly Opelka,Ethan Quinn,7-5 7-6,Round of 128 ,100,0,0,0,,0,0,0,R,211.0,USA,32.0,0,0,0,R,191.0,USA,25.3,,74.0,768.0,48.0,977.0
2026-indian-wells-0,indian-wells,Hard,Dino Prizmic,Tristan Schoolkate,7-6 3-5 7-6,Round of 128 ,100,0,0,0,,0,0,0,R,188.0,CRO,23.5,0,0,0,R,183.0,AUS,28.4,,79.0,740.0,126.0,512.0
2026-indian-wells-0,indian-wells,Hard,Denis Shapovalov,Stefanos Tsitsipas,6-2 3-6 6-4,Round of 128 ,100,0,0,0,,0,0,0,R,185.0,CAN,30.5,0,0,0,R,193.0,GRE,31.2,,37.0,1170.0,75.0,765.0
2026-indian-wells-0,indian-wells,Hard,Zachary Svajda,Marin Cilic,7-6 6-5,Round of 128 ,100,0,0,0,,0,0,0,R,175.0,USA,26.8,0,0,0,R,198.0,CRO,41.1,,90.0,666.0,47.0,980.0
2026-indian-wells-0,indian-wells,Hard,Dalibor Svrcina,James Duckworth,6-2 6-4,Round of 128 ,100,0,0,0,,0,0,0,R,178.0,CZE,26.3,0,0,0,R,183.0,AUS,37.7,,116.0,547.0,81.0,722.0
2026-indian-wells-0,indian-wells,Hard,Camilo Ugo Carabelli,Martin Damm,7-6 6-5,Round of 128 ,100,0,0,0,,0,0,0,R,185.0,ARG,30.1,0,0,0,R,203.0,USA,25.4,,61.0,865.0,115.0,547.0
2026-indian-wells-0,indian-wells,Hard,Adam Walton,Quentin Halys,6-3 6-3,Round of 128 ,100,0,0,0,,0,0,0,R,183.0,AUS,30.4,0,0,0,R,191.0,FRA,33.0,,103.0,608.0,93.0,653.0
2026-indian-wells-0,indian-wells,Hard,Dalibor Svrcina,Vit Kopriva,7-6 6-4,2nd Round Qualifying ,100,0,0,0,,0,0,0,R,178.0,CZE,26.3,0,0,0,R,178.0,CZE,32.1,,116.0,547.0,55.0,896.0
2026-indian-wells-0,indian-wells,Hard,Rinky Hijikata,Ignacio Buse,3-6 6-3 6-4,2nd Round Qualifying ,100,0,0,0,,0,0,0,R,178.0,AUS,28.6,0,0,0,R,185.0,PER,25.4,,96.0,637.0,62.0,863.0
2026-indian-wells-0,indian-wells,Hard,Francesco Maestrelli,Thiago Agustin Tirante,7-6 6-5,2nd Round Qualifying ,100,0,0,0,,0,0,0,R,196.0,ITA,24.8,0,0,0,R,185.0,ARG,28.5,,112.0,575.0,69.0,801.0
2026-indian-wells-0,indian-wells,Hard,Dino Prizmic,Aleksandar Vukic,6-2 6-4,2nd Round Qualifying ,100,0,0,0,,0,0,0,R,188.0,CRO,23.5,0,0,0,R,188.0,AUS,33.5,,79.0,740.0,99.0,626.0
2026-indian-wells-0,indian-wells,Hard,Chun-Hsin Tseng,Roman Andres Burruchaga,2-6 7-6 6-3,2nd Round Qualifying ,100,0,0,0,,0,0,0,R,185.0,UNK,25.5,0,0,0,R,183.0,ARG,27.3,,150.0,0.0,56.0,885.0
2026-indian-wells-0,indian-wells,Hard,Benjamin Bonzi,Shintaro Mochizuki,6-4 5-7 6-3,2nd Round Qualifying ,100,0,0,0,,0,0,0,R,183.0,FRA,33.4,0,0,0,R,175.0,JPN,26.3,,101.0,616.0,130.0,480.0
2026-indian-wells-0,indian-wells,Hard,Christopher O'Connell,Nikoloz Basilashvili,6-4 6-4,2nd Round Qualifying ,100,0,0,0,,0,0,0,R,185.0,UNK,25.5,0,0,0,R,185.0,GEO,36.0,,150.0,413.0,117.0,539.0
2026-indian-wells-0,indian-wells,Hard,Tristan Schoolkate,Elias Ymer,6-4 3-1,2nd Round Qualifying ,100,0,0,0,,0,0,0,R,183.0,AUS,28.4,0,0,0,R,185.0,SWE,33.5,,126.0,512.0,176.0,349.0
2026-indian-wells-0,indian-wells,Hard,Alexis Galarneau,Tomas Barrios Vera,6-3 6-4,2nd Round Qualifying ,100,0,0,0,,0,0,0,R,180.0,CAN,29.5,0,0,0,R,191.0,CHI,31.7,,192.0,306.0,134.0,464.0
2026-indian-wells-0,indian-wells,Hard,Mackenzie McDonald,Trevor Svajda,6-4 6-2,2nd Round Qualifying ,100,0,0,0,,0,0,0,R,185.0,UNK,25.5,0,0,0,R,185.0,UNK,25.5,,150.0,0.0,389.0,124.0
2026-indian-wells-0,indian-wells,Hard,Sho Shimabukuro,Martin Landaluce,6-2 6-7 3-5,2nd Round Qualifying ,100,0,0,0,,0,0,0,R,180.0,JPN,31.2,0,0,0,R,191.0,ESP,23.2,,107.0,596.0,94.0,639.0
2026-indian-wells-0,indian-wells,Hard,Daniel Merida,Dane Sweeny,6-3 4-6 6-3,2nd Round Qualifying ,100,0,0,0,,0,0,0,R,185.0,UNK,25.5,0,0,0,R,170.0,AUS,27.9,,86.0,696.0,135.0,462.0
2026-indian-wells-0,indian-wells,Hard,Vit Kopriva,Rei Sakamoto,6-4 7-6,1st Round Qualifying ,100,0,0,0,,0,0,0,R,178.0,CZE,32.1,0,0,0,R,185.0,UNK,25.5,,55.0,896.0,156.0,392.0
2026-indian-wells-0,indian-wells,Hard,Ignacio Buse,Liam Draxl,6-4 7-6,1st Round Qualifying ,100,0,0,0,,0,0,0,R,185.0,PER,25.4,0,0,0,R,185.0,UNK,25.5,,62.0,863.0,171.0,364.0
2026-indian-wells-0,indian-wells,Hard,Thiago Agustin Tirante,Izyan Ahmad,6-1 6-2,1st Round Qualifying ,100,0,0,0,,0,0,0,R,185.0,ARG,28.5,0,0,0,R,185.0,UNK,24.0,,69.0,801.0,150.0,0.0
2026-indian-wells-0,indian-wells,Hard,Aleksandar Vukic,Stefano Travaglia,7-6 7-2,1st Round Qualifying ,100,0,0,0,,0,0,0,R,188.0,AUS,33.5,0,0,0,R,185.0,ITA,36.6,,99.0,626.0,141.0,444.0
2026-indian-wells-0,indian-wells,Hard,Martin Landaluce,Alexander Blockx,6-0 6-2,1st Round Qualifying ,100,0,0,0,,0,0,0,R,191.0,ESP,23.2,0,0,0,R,191.0,BEL,24.5,,94.0,639.0,36.0,1200.0
2026-indian-wells-0,indian-wells,Hard,Roman Andres Burruchaga,Moez Echargui,7-6 4-4 7-6,1st Round Qualifying ,100,0,0,0,,0,0,0,R,183.0,ARG,27.3,0,0,0,R,178.0,TUN,36.5,,56.0,885.0,140.0,447.0
2026-indian-wells-0,indian-wells,Hard,Alexis Galarneau,Luca Van Assche,7-6 6-6,1st Round Qualifying ,100,0,0,0,,0,0,0,R,180.0,CAN,29.5,0,0,0,R,178.0,FRA,25.5,,192.0,306.0,97.0,636.0
2026-indian-wells-0,indian-wells,Hard,Daniel Merida,Patrick Kypson,3-6 6-3 7-6,1st Round Qualifying ,100,0,0,0,,0,0,0,R,185.0,UNK,25.5,0,0,0,R,188.0,USA,29.4,,86.0,696.0,89.0,669.0
2026-indian-wells-0,indian-wells,Hard,Benjamin Bonzi,Jack Pinnington Jones,6-3 6-4,1st Round Qualifying ,100,0,0,0,,0,0,0,R,183.0,FRA,33.4,0,0,0,R,185.0,UNK,25.5,,101.0,616.0,137.0,461.0
2026-indian-wells-0,indian-wells,Hard,Christopher O'Connell,Billy Harris,6-4 6-3,1st Round Qualifying ,100,0,0,0,,0,0,0,R,185.0,UNK,25.5,0,0,0,R,193.0,GBR,34.6,,150.0,413.0,148.0,421.0
2026-indian-wells-0,indian-wells,Hard,Tristan Schoolkate,Alex Bolt,3-6 7-6 6-4,1st Round Qualifying ,100,0,0,0,,0,0,0,R,183.0,AUS,28.4,0,0,0,R,183.0,AUS,36.5,,126.0,512.0,138.0,456.0
2026-indian-wells-0,indian-wells,Hard,Trevor Svajda,Luca Nardi,4-6 7-6 6-2,1st Round Qualifying ,100,0,0,0,,0,0,0,R,185.0,UNK,25.5,0,0,0,R,185.0,ITA,26.1,,389.0,124.0,151.0,409.0
2026-indian-wells-0,indian-wells,Hard,Francesco Maestrelli,Nicolas Jarry,6-4 4-6 7-6,1st Round Qualifying ,100,0,0,0,,0,0,0,R,196.0,ITA,24.8,0,0,0,R,201.0,CHI,34.0,,112.0,575.0,173.0,356.0
2026-indian-wells-0,indian-wells,Hard,Tomas Barrios Vera,Jagger Leach,6-3 6-3,1st Round Qualifying ,100,0,0,0,,0,0,0,R,191.0,CHI,31.7,0,0,0,R,185.0,UNK,24.0,,134.0,464.0,150.0,0.0
2026-indian-wells-0,indian-wells,Hard,Rinky Hijikata,Leandro Riedi,7-5 6-3,1st Round Qualifying ,100,0,0,0,,0,0,0,R,178.0,AUS,28.6,0,0,0,R,191.0,SUI,27.4,,96.0,637.0,128.0,506.0
2026-indian-wells-0,indian-wells,Hard,Shintaro Mochizuki,Federico Agustin Gomez,6-4 4-6 6-3,1st Round Qualifying ,100,0,0,0,,0,0,0,R,175.0,JPN,26.3,0,0,0,R,191.0,ARG,31.3,,130.0,480.0,186.0,322.0
2026-indian-wells-0,indian-wells,Hard,Mackenzie McDonald,Vitaliy Sachko,6-2 6-1,1st Round Qualifying ,100,0,0,0,,0,0,0,R,185.0,UNK,25.5,0,0,0,R,188.0,UKR,32.1,,150.0,0.0,193.0,305.0
2026-indian-wells-0,indian-wells,Hard,Dino Prizmic,Darwin Blanch,7-6 6-3,1st Round Qualifying ,100,0,0,0,,0,0,0,R,188.0,CRO,23.5,0,0,0,R,185.0,USA,20.0,,79.0,740.0,228.0,252.0
2026-indian-wells-0,indian-wells,Hard,Dalibor Svrcina,Mitchell Krueger,7-6 6-6,1st Round Qualifying ,100,0,0,0,,0,0,0,R,178.0,CZE,26.3,0,0,0,R,188.0,USA,35.6,,116.0,547.0,270.0,201.0
2026-indian-wells-0,indian-wells,Hard,Elias Ymer,Coleman Wong,6-3 3-6 7-6,1st Round Qualifying ,100,0,0,0,,0,0,0,R,185.0,SWE,33.5,0,0,0,R,191.0,HKG,25.3,,176.0,349.0,110.0,583.0
2026-indian-wells-0,indian-wells,Hard,Chun-Hsin Tseng,David Goffin,6-4 6-1,1st Round Qualifying ,100,0,0,0,,0,0,0,R,185.0,UNK,25.5,0,0,0,R,180.0,BEL,37.3,,150.0,0.0,249.0,225.0
2026-indian-wells-0,indian-wells,Hard,Sho Shimabukuro,Colton Smith,7-6 7-5,1st Round Qualifying ,100,0,0,0,,0,0,0,R,180.0,JPN,31.2,0,0,0,R,185.0,UNK,25.5,,107.0,596.0,190.0,308.0
2026-indian-wells-0,indian-wells,Hard,Dane Sweeny,Andrew Johnson,6-2 6-1,1st Round Qualifying ,100,0,0,0,,0,0,0,R,170.0,AUS,27.9,0,0,0,R,185.0,UNK,24.0,,135.0,462.0,150.0,0.0
2026-indian-wells-0,indian-wells,Hard,Nikoloz Basilashvili,Nicolas Mejia,0-6 6-2 6-4,1st Round Qualifying ,100,0,0,0,,0,0,0,R,185.0,GEO,36.0,0,0,0,R,183.0,COL,29.5,,117.0,539.0,174.0,354.0
2026-miami-0,miami,Hard,Jannik Sinner,Jiri Lehecka,6-4 6-4,Final ,100,0,0,0,,0,0,0,R,191.0,ITA,28.2,0,0,0,R,185.0,CZE,27.9,,1.0,14350.0,13.0,2715.0
2026-miami-0,miami,Hard,Jannik Sinner,Alexander Zverev,6-3 7-6,Semifinals ,100,0,0,0,,0,0,0,R,191.0,ITA,28.2,0,0,0,R,198.0,GER,32.5,,1.0,14350.0,3.0,5805.0
2026-miami-0,miami,Hard,Jiri Lehecka,Arthur Fils,6-2 6-2,Semifinals ,100,0,0,0,,0,0,0,R,185.0,CZE,27.9,0,0,0,R,185.0,FRA,25.5,,13.0,2715.0,17.0,2130.0
2026-miami-0,miami,Hard,Jannik Sinner,Frances Tiafoe,6-2 6-2,Quarterfinals ,100,0,0,0,,0,0,0,R,191.0,ITA,28.2,0,0,0,R,188.0,USA,31.7,,1.0,14350.0,22.0,1865.0
2026-miami-0,miami,Hard,Alexander Zverev,Francisco Cerundolo,6-1 6-2,Quarterfinals ,100,0,0,0,,0,0,0,R,198.0,GER,32.5,0,0,0,R,185.0,ARG,31.2,,3.0,5805.0,27.0,1620.0
2026-miami-0,miami,Hard,Jiri Lehecka,Martin Landaluce,7-6 7-1,Quarterfinals ,100,0,0,0,,0,0,0,R,185.0,CZE,27.9,0,0,0,R,191.0,ESP,23.2,,13.0,2715.0,94.0,639.0
2026-miami-0,miami,Hard,Arthur Fils,Tommy Paul,6-7 3-6 7-4 7-6,Quarterfinals ,100,0,0,0,,0,0,0,R,185.0,FRA,25.5,0,0,0,R,185.0,USA,32.4,,17.0,2130.0,18.0,1975.0
2026-miami-0,miami,Hard,Jannik Sinner,Alex Michelsen,7-5 7-6,Round of 16 ,100,0,0,0,,0,0,0,R,191.0,ITA,28.2,0,0,0,R,193.0,USA,25.3,,1.0,14350.0,42.0,1090.0
2026-miami-0,miami,Hard,Alexander Zverev,Quentin Halys,7-6 7-4,Round of 16 ,100,0,0,0,,0,0,0,R,198.0,GER,32.5,0,0,0,R,191.0,FRA,33.0,,3.0,5805.0,93.0,653.0
2026-miami-0,miami,Hard,Jiri Lehecka,Taylor Fritz,6-4 6-7 4-2,Round of 16 ,100,0,0,0,,0,0,0,R,185.0,CZE,27.9,0,0,0,R,196.0,USA,32.0,,13.0,2715.0,7.0,3770.0
2026-miami-0,miami,Hard,Francisco Cerundolo,Ugo Humbert,6-4 6-3,Round of 16 ,100,0,0,0,,0,0,0,R,185.0,ARG,31.2,0,0,0,R,188.0,FRA,31.3,,27.0,1620.0,33.0,1280.0
2026-miami-0,miami,Hard,Frances Tiafoe,Terence Atmane,6-4 1-6 6-4,Round of 16 ,100,0,0,0,,0,0,0,R,188.0,USA,31.7,0,0,0,R,193.0,FRA,27.7,,22.0,1865.0,51.0,958.0
2026-miami-0,miami,Hard,Tommy Paul,Tomas Martin Etcheverry,6-1 6-3,Round of 16 ,100,0,0,0,,0,0,0,R,185.0,USA,32.4,0,0,0,R,196.0,ARG,30.3,,18.0,1975.0,26.0,1660.0
2026-miami-0,miami,Hard,Arthur Fils,Valentin Vacherot,6-4 6-7 4-4,Round of 16 ,100,0,0,0,,0,0,0,R,185.0,FRA,25.5,0,0,0,R,193.0,MON,30.5,,17.0,2130.0,16.0,2147.0
2026-miami-0,miami,Hard,Martin Landaluce,Sebastian Korda,2-6 7-6 6-6,Round of 16 ,100,0,0,0,,0,0,0,R,191.0,ESP,23.2,0,0,0,R,196.0,USA,29.1,,94.0,639.0,43.0,1050.0
2026-miami-0,miami,Hard,Jannik Sinner,Corentin Moutet,6-1 6-4,Round of 32 ,100,0,0,0,,0,0,0,R,191.0,ITA,28.2,0,0,0,R,180.0,FRA,30.5,,1.0,14350.0,30.0,1413.0
2026-miami-0,miami,Hard,Alexander Zverev,Marin Cilic,6-2 5-7 6-4,Round of 32 ,100,0,0,0,,0,0,0,R,198.0,GER,32.5,0,0,0,R,198.0,CRO,41.1,,3.0,5805.0,47.0,980.0
2026-miami-0,miami,Hard,Terence Atmane,Felix Auger-Aliassime,6-3 1-6 6-3,Round of 32 ,100,0,0,0,,0,0,0,R,193.0,FRA,27.7,0,0,0,R,185.0,UNK,25.5,,51.0,958.0,150.0,0.0
2026-miami-0,miami,Hard,Francisco Cerundolo,Daniil Medvedev,6-0 4-6 7-5,Round of 32 ,100,0,0,0,,0,0,0,R,185.0,ARG,31.2,0,0,0,R,198.0,RUS,33.7,,27.0,1620.0,9.0,3460.0
2026-miami-0,miami,Hard,Frances Tiafoe,Jakub Mensik,7-6 4-4 7-6,Round of 32 ,100,0,0,0,,0,0,0,R,188.0,USA,31.7,0,0,0,R,193.0,CZE,24.2,,22.0,1865.0,28.0,1600.0
2026-miami-0,miami,Hard,Ugo Humbert,Aleksandr Shevchenko,6-4 7-6,Round of 32 ,100,0,0,0,,0,0,0,R,188.0,FRA,31.3,0,0,0,R,185.0,UNK,24.0,,33.0,1280.0,85.0,698.0
2026-miami-0,miami,Hard,Quentin Halys,Kamil Majchrzak,7-6 6-4,Round of 32 ,100,0,0,0,,0,0,0,R,191.0,FRA,33.0,0,0,0,R,180.0,POL,33.6,,93.0,653.0,76.0,747.0
2026-miami-0,miami,Hard,Alex Michelsen,Alejandro Tabilo,3-6 6-3 6-4,Round of 32 ,100,0,0,0,,0,0,0,R,193.0,USA,25.3,0,0,0,R,188.0,CHI,32.4,,42.0,1090.0,35.0,1248.0
2026-miami-0,miami,Hard,Sebastian Korda,Carlos Alcaraz,6-3 5-7 6-4,Round of 32 ,100,0,0,0,,0,0,0,R,196.0,USA,29.1,0,0,0,R,183.0,ESP,26.5,,43.0,1050.0,2.0,12960.0
2026-miami-0,miami,Hard,Taylor Fritz,Reilly Opelka,6-3 6-4,Round of 32 ,100,0,0,0,,0,0,0,R,196.0,USA,32.0,0,0,0,R,211.0,USA,32.0,,7.0,3770.0,74.0,768.0
2026-miami-0,miami,Hard,Martin Landaluce,Karen Khachanov,6-3 7-6,Round of 32 ,100,0,0,0,,0,0,0,R,191.0,ESP,23.2,0,0,0,R,198.0,RUS,33.4,,94.0,639.0,15.0,2220.0
2026-miami-0,miami,Hard,Jiri Lehecka,Ethan Quinn,6-3 7-6,Round of 32 ,100,0,0,0,,0,0,0,R,185.0,CZE,27.9,0,0,0,R,191.0,USA,25.3,,13.0,2715.0,48.0,977.0
2026-miami-0,miami,Hard,Tommy Paul,Raphael Collignon,6-2 3-6 7-6,Round of 32 ,100,0,0,0,,0,0,0,R,185.0,USA,32.4,0,0,0,R,191.0,BEL,27.7,,18.0,1975.0,68.0,802.0
2026-miami-0,miami,Hard,Valentin Vacherot,Matteo Berrettini,7-6 6-5,Round of 32 ,100,0,0,0,,0,0,0,R,193.0,MON,30.5,0,0,0,R,196.0,ITA,33.6,,16.0,2147.0,100.0,625.0
2026-miami-0,miami,Hard,Arthur Fils,Stefanos Tsitsipas,6-0 6-1,Round of 32 ,100,0,0,0,,0,0,0,R,185.0,FRA,25.5,0,0,0,R,193.0,GRE,31.2,,17.0,2130.0,75.0,765.0
2026-miami-0,miami,Hard,Tomas Martin Etcheverry,Rafael Jodar,7-5 6-4,Round of 32 ,100,0,0,0,,0,0,0,R,196.0,ARG,30.3,0,0,0,R,185.0,UNK,25.5,,26.0,1660.0,34.0,1273.0
2026-miami-0,miami,Hard,Jannik Sinner,Damir Dzumhur,6-3 6-3,Round of 64 ,100,0,0,0,,0,0,0,R,191.0,ITA,28.2,0,0,0,R,175.0,BIH,37.4,,1.0,14350.0,87.0,674.0
2026-miami-0,miami,Hard,Alexander Zverev,Martin Damm,6-2 6-4,Round of 64 ,100,0,0,0,,0,0,0,R,198.0,GER,32.5,0,0,0,R,203.0,USA,25.4,,3.0,5805.0,115.0,547.0
2026-miami-0,miami,Hard,Felix Auger-Aliassime,Marton Fucsovics,7-6 7-3,Round of 64 ,100,0,0,0,,0,0,0,R,185.0,UNK,25.5,0,0,0,R,188.0,HUN,37.7,,150.0,0.0,57.0,884.0
2026-miami-0,miami,Hard,Aleksandr Shevchenko,Ben Shelton,6-7 3-6 7-3 6-3,Round of 64 ,100,0,0,0,,0,0,0,R,185.0,UNK,24.0,0,0,0,R,193.0,USA,27.1,,85.0,698.0,6.0,4030.0
2026-miami-0,miami,Hard,Daniil Medvedev,Rei Sakamoto,6-7 10-3 6-1,Round of 64 ,100,0,0,0,,0,0,0,R,198.0,RUS,33.7,0,0,0,R,185.0,UNK,25.5,,9.0,3460.0,156.0,392.0
2026-miami-0,miami,Hard,Jakub Mensik,Adam Walton,3-6 6-2 6-4,Round of 64 ,100,0,0,0,,0,0,0,R,193.0,CZE,24.2,0,0,0,R,183.0,AUS,30.4,,28.0,1600.0,103.0,608.0
2026-miami-0,miami,Hard,Alejandro Tabilo,Andrey Rublev,6-7 5-2 6-4,Round of 64 ,100,0,0,0,,0,0,0,R,188.0,CHI,32.4,0,0,0,R,188.0,RUS,32.0,,35.0,1248.0,14.0,2590.0
2026-miami-0,miami,Hard,Quentin Halys,Alejandro Davidovich Fokina,7-6 6-8,Round of 64 ,100,0,0,0,,0,0,0,R,191.0,FRA,33.0,0,0,0,R,183.0,ESP,30.3,,93.0,653.0,23.0,1820.0
2026-miami-0,miami,Hard,Francisco Cerundolo,Thiago Agustin Tirante,6-4 6-2,Round of 64 ,100,0,0,0,,0,0,0,R,185.0,ARG,31.2,0,0,0,R,185.0,ARG,28.5,,27.0,1620.0,69.0,801.0
2026-miami-0,miami,Hard,Frances Tiafoe,Arthur Cazaux,7-6 6-1,Round of 64 ,100,0,0,0,,0,0,0,R,188.0,USA,31.7,0,0,0,R,183.0,FRA,27.1,,22.0,1865.0,73.0,770.0
2026-miami-0,miami,Hard,Kamil Majchrzak,Learner Tien,6-2 4-6 6-2,Round of 64 ,100,0,0,0,,0,0,0,R,180.0,POL,33.6,0,0,0,R,180.0,USA,24.0,,76.0,747.0,21.0,1870.0
2026-miami-0,miami,Hard,Alex Michelsen,Cameron Norrie,7-5 6-7 4-4,Round of 64 ,100,0,0,0,,0,0,0,R,193.0,USA,25.3,0,0,0,R,188.0,GBR,34.2,,42.0,1090.0,19.0,1918.0
2026-miami-0,miami,Hard,Terence Atmane,Arthur Rinderknech,7-6 6-4,Round of 64 ,100,0,0,0,,0,0,0,R,193.0,FRA,27.7,0,0,0,R,196.0,FRA,34.2,,51.0,958.0,24.0,1736.0
2026-miami-0,miami,Hard,Marin Cilic,Brandon Nakashima,2-6 6-4 7-6,Round of 64 ,100,0,0,0,,0,0,0,R,198.0,CRO,41.1,0,0,0,R,188.0,USA,28.2,,47.0,980.0,32.0,1295.0
2026-miami-0,miami,Hard,Tomas Martin Etcheverry,Zizou Bergs,7-6 7-5,Round of 64 ,100,0,0,0,,0,0,0,R,196.0,ARG,30.3,0,0,0,R,185.0,BEL,30.4,,26.0,1660.0,39.0,1140.0
2026-miami-0,miami,Hard,Corentin Moutet,Tomas Machac,6-0 1-6 6-4,Round of 64 ,100,0,0,0,,0,0,0,R,180.0,FRA,30.5,0,0,0,R,183.0,CZE,29.0,,30.0,1413.0,41.0,1100.0
2026-miami-0,miami,Hard,Ugo Humbert,Gabriel Diallo,6-1 6-4,Round of 64 ,100,0,0,0,,0,0,0,R,188.0,FRA,31.3,0,0,0,R,203.0,CAN,28.1,,33.0,1280.0,46.0,1000.0
2026-miami-0,miami,Hard,Rafael Jodar,Aleksandar Vukic,6-1 6-2,Round of 64 ,100,0,0,0,,0,0,0,R,185.0,UNK,25.5,0,0,0,R,188.0,AUS,33.5,,34.0,1273.0,99.0,626.0
2026-miami-0,miami,Hard,Carlos Alcaraz,Joao Fonseca,6-4 6-4,Round of 64 ,100,0,0,0,,0,0,0,R,183.0,ESP,26.5,0,0,0,R,185.0,BRA,23.3,,2.0,12960.0,29.0,1435.0
2026-miami-0,miami,Hard,Stefanos Tsitsipas,Alex de Minaur,6-3 7-6,Round of 64 ,100,0,0,0,,0,0,0,R,193.0,GRE,31.2,0,0,0,R,185.0,UNK,25.5,,75.0,765.0,150.0,0.0
2026-miami-0,miami,Hard,Taylor Fritz,Botic van de Zandschulp,6-3 6-7 2-3,Round of 64 ,100,0,0,0,,0,0,0,R,196.0,USA,32.0,0,0,0,R,185.0,UNK,25.5,,7.0,3770.0,150.0,0.0
2026-miami-0,miami,Hard,Matteo Berrettini,Alexander Bublik,6-4 6-4,Round of 64 ,100,0,0,0,,0,0,0,R,196.0,ITA,33.6,0,0,0,R,196.0,KAZ,32.3,,100.0,625.0,11.0,3355.0
2026-miami-0,miami,Hard,Ethan Quinn,Casper Ruud,6-4 7-6,Round of 64 ,100,0,0,0,,0,0,0,R,191.0,USA,25.3,0,0,0,R,183.0,NOR,30.8,,48.0,977.0,25.0,1735.0
2026-miami-0,miami,Hard,Raphael Collignon,Flavio Cobolli,7-5 6-3,Round of 64 ,100,0,0,0,,0,0,0,R,191.0,BEL,27.7,0,0,0,R,183.0,ITA,27.4,,68.0,802.0,12.0,2750.0
2026-miami-0,miami,Hard,Karen Khachanov,Roberto Bautista Agut,6-3 6-3,Round of 64 ,100,0,0,0,,0,0,0,R,198.0,RUS,33.4,0,0,0,R,183.0,ESP,41.5,,15.0,2220.0,98.0,629.0
2026-miami-0,miami,Hard,Martin Landaluce,Luciano Darderi,6-3 6-7 4-4,Round of 64 ,100,0,0,0,,0,0,0,R,191.0,ESP,23.2,0,0,0,R,183.0,ITA,27.7,,94.0,639.0,20.0,1890.0
2026-miami-0,miami,Hard,Jiri Lehecka,Moise Kouame,6-2 7-5,Round of 64 ,100,0,0,0,,0,0,0,R,185.0,CZE,27.9,0,0,0,R,185.0,UNK,25.5,,13.0,2715.0,313.0,165.0
2026-miami-0,miami,Hard,Tommy Paul,Adrian Mannarino,6-2 2-6 6-4,Round of 64 ,100,0,0,0,,0,0,0,R,185.0,USA,32.4,0,0,0,R,180.0,FRA,41.3,,18.0,1975.0,45.0,1035.0
2026-miami-0,miami,Hard,Valentin Vacherot,Mariano Navone,6-3 6-4,Round of 64 ,100,0,0,0,,0,0,0,R,193.0,MON,30.5,0,0,0,R,178.0,ARG,28.6,,16.0,2147.0,44.0,1046.0
2026-miami-0,miami,Hard,Reilly Opelka,Jack Draper,7-6 7-3,Round of 64 ,100,0,0,0,,0,0,0,R,211.0,USA,32.0,0,0,0,R,193.0,GBR,27.8,,74.0,768.0,50.0,960.0
2026-miami-0,miami,Hard,Arthur Fils,Darwin Blanch,6-2 6-3,Round of 64 ,100,0,0,0,,0,0,0,R,185.0,FRA,25.5,0,0,0,R,185.0,USA,20.0,,17.0,2130.0,228.0,252.0
2026-miami-0,miami,Hard,Sebastian Korda,Camilo Ugo Carabelli,6-0 6-3,Round of 64 ,100,0,0,0,,0,0,0,R,196.0,USA,29.1,0,0,0,R,185.0,ARG,30.1,,43.0,1050.0,61.0,865.0
2026-miami-0,miami,Hard,Terence Atmane,Daniel Altmaier,6-4 6-2,Round of 128 ,100,0,0,0,,0,0,0,R,193.0,FRA,27.7,0,0,0,R,188.0,GER,31.1,,51.0,958.0,64.0,860.0
2026-miami-0,miami,Hard,Arthur Cazaux,Tomas Barrios Vera,7-5 6-4,Round of 128 ,100,0,0,0,,0,0,0,R,183.0,FRA,27.1,0,0,0,R,191.0,CHI,31.7,,73.0,770.0,134.0,464.0
2026-miami-0,miami,Hard,Gabriel Diallo,Yibing Wu,6-2 7-6,Round of 128 ,100,0,0,0,,0,0,0,R,203.0,CAN,28.1,0,0,0,R,183.0,CHN,29.9,,46.0,1000.0,88.0,669.0
2026-miami-0,miami,Hard,Marton Fucsovics,Christopher O'Connell,7-6 6-6,Round of 128 ,100,0,0,0,,0,0,0,R,188.0,HUN,37.7,0,0,0,R,185.0,UNK,25.5,,57.0,884.0,150.0,413.0
2026-miami-0,miami,Hard,Rei Sakamoto,Aleksandar Kovacevic,6-4 3-6 7-6,Round of 128 ,100,0,0,0,,0,0,0,R,185.0,UNK,25.5,0,0,0,R,183.0,USA,31.1,,156.0,392.0,95.0,639.0
2026-miami-0,miami,Hard,Aleksandr Shevchenko,Matteo Arnaldi,7-6 6-5 5-7 6-2,Round of 128 ,100,0,0,0,,0,0,0,R,185.0,UNK,24.0,0,0,0,R,185.0,ITA,28.6,,85.0,698.0,106.0,596.0
2026-miami-0,miami,Hard,Thiago Agustin Tirante,Valentin Royer,7-5 6-7 9-6 7-5,Round of 128 ,100,0,0,0,,0,0,0,R,185.0,ARG,28.5,0,0,0,R,185.0,UNK,25.5,,69.0,801.0,71.0,788.0
2026-miami-0,miami,Hard,Adam Walton,Sebastian Baez,6-2 6-2,Round of 128 ,100,0,0,0,,0,0,0,R,183.0,AUS,30.4,0,0,0,R,170.0,ARG,28.8,,103.0,608.0,65.0,840.0
2026-miami-0,miami,Hard,Roberto Bautista Agut,James Duckworth,7-6 7-3,Round of 128 ,100,0,0,0,,0,0,0,R,183.0,ESP,41.5,0,0,0,R,183.0,AUS,37.7,,98.0,629.0,81.0,722.0
2026-miami-0,miami,Hard,Zizou Bergs,Jenson Brooksby,7-5 6-2,Round of 128 ,100,0,0,0,,0,0,0,R,185.0,BEL,30.4,0,0,0,R,188.0,USA,27.2,,39.0,1140.0,63.0,862.0
2026-miami-0,miami,Hard,Matteo Berrettini,Alexandre Muller,6-4 6-2,Round of 128 ,100,0,0,0,,0,0,0,R,196.0,ITA,33.6,0,0,0,R,183.0,FRA,32.7,,100.0,625.0,105.0,601.0
2026-miami-0,miami,Hard,Darwin Blanch,Jan-Lennard Struff,6-3 3-6 6-3,Round of 128 ,100,0,0,0,,0,0,0,R,185.0,USA,20.0,0,0,0,R,185.0,UNK,25.5,,228.0,252.0,150.0,0.0
2026-miami-0,miami,Hard,Marin Cilic,Alexei Popyrin,6-4 6-4,Round of 128 ,100,0,0,0,,0,0,0,R,198.0,CRO,41.1,0,0,0,R,196.0,AUS,30.2,,47.0,980.0,60.0,870.0
2026-miami-0,miami,Hard,Raphael Collignon,Grigor Dimitrov,7-6 4-3 7-6,Round of 128 ,100,0,0,0,,0,0,0,R,191.0,BEL,27.7,0,0,0,R,191.0,BUL,38.4,,68.0,802.0,170.0,365.0
2026-miami-0,miami,Hard,Martin Damm,Jacob Fearnley,6-0,Round of 128 ,100,0,0,0,,0,0,0,R,203.0,USA,25.4,0,0,0,R,183.0,GBR,28.2,,115.0,547.0,123.0,523.0
2026-miami-0,miami,Hard,Damir Dzumhur,Ignacio Buse,6-7 6-6 7-6 6-1,Round of 128 ,100,0,0,0,,0,0,0,R,175.0,BIH,37.4,0,0,0,R,185.0,PER,25.4,,87.0,674.0,62.0,863.0
2026-miami-0,miami,Hard,Joao Fonseca,Fabian Marozsan,6-4 3-6 6-2,Round of 128 ,100,0,0,0,,0,0,0,R,185.0,BRA,23.3,0,0,0,R,193.0,HUN,30.0,,29.0,1435.0,49.0,975.0
2026-miami-0,miami,Hard,Quentin Halys,Liam Draxl,6-7 4-1 6-1,Round of 128 ,100,0,0,0,,0,0,0,R,191.0,FRA,33.0,0,0,0,R,185.0,UNK,25.5,,93.0,653.0,171.0,364.0
2026-miami-0,miami,Hard,Rafael Jodar,Yannick Hanfmann,6-4 4-6 6-1,Round of 128 ,100,0,0,0,,0,0,0,R,185.0,UNK,25.5,0,0,0,R,193.0,GER,37.8,,34.0,1273.0,59.0,879.0
2026-miami-0,miami,Hard,Moise Kouame,Zachary Svajda,5-7 6-4 6-4,Round of 128 ,100,0,0,0,,0,0,0,R,185.0,UNK,25.5,0,0,0,R,175.0,USA,26.8,,313.0,165.0,90.0,666.0
2026-miami-0,miami,Hard,Martin Landaluce,Marcos Giron,6-3 7-6,Round of 128 ,100,0,0,0,,0,0,0,R,191.0,ESP,23.2,0,0,0,R,180.0,USA,36.2,,94.0,639.0,77.0,745.0
2026-miami-0,miami,Hard,Tomas Machac,Emilio Nava,2-6 6-4 6-1,Round of 128 ,100,0,0,0,,0,0,0,R,183.0,CZE,29.0,0,0,0,R,185.0,USA,27.6,,41.0,1100.0,108.0,594.0
2026-miami-0,miami,Hard,Kamil Majchrzak,Miomir Kecmanovic,4-6 6-3 6-1,Round of 128 ,100,0,0,0,,0,0,0,R,180.0,POL,33.6,0,0,0,R,183.0,SRB,30.1,,76.0,747.0,70.0,795.0
2026-miami-0,miami,Hard,Adrian Mannarino,Zhizhen Zhang,6-3 6-2,Round of 128 ,100,0,0,0,,0,0,0,R,180.0,FRA,41.3,0,0,0,R,193.0,CHN,33.0,,45.0,1035.0,239.0,240.0
2026-miami-0,miami,Hard,Alex Michelsen,Mattia Bellucci,6-2 6-1,Round of 128 ,100,0,0,0,,0,0,0,R,193.0,USA,25.3,0,0,0,R,175.0,ITA,28.3,,42.0,1090.0,80.0,737.0
2026-miami-0,miami,Hard,Mariano Navone,Nikoloz Basilashvili,7-6 6-7,Round of 128 ,100,0,0,0,,0,0,0,R,178.0,ARG,28.6,0,0,0,R,185.0,GEO,36.0,,44.0,1046.0,117.0,539.0
2026-miami-0,miami,Hard,Reilly Opelka,Nuno Borges,6-7 6-2 6-6 7-5,Round of 128 ,100,0,0,0,,0,0,0,R,211.0,USA,32.0,0,0,0,R,185.0,POR,32.7,,74.0,768.0,52.0,950.0
2026-miami-0,miami,Hard,Ethan Quinn,Hubert Hurkacz,6-2 6-4,Round of 128 ,100,0,0,0,,0,0,0,R,191.0,USA,25.3,0,0,0,R,196.0,POL,32.7,,48.0,977.0,53.0,930.0
2026-miami-0,miami,Hard,Alejandro Tabilo,Francisco Comesana,6-4 6-2,Round of 128 ,100,0,0,0,,0,0,0,R,188.0,CHI,32.4,0,0,0,R,178.0,ARG,28.8,,35.0,1248.0,114.0,570.0
2026-miami-0,miami,Hard,Stefanos Tsitsipas,Arthur Fery,6-1 7-6,Round of 128 ,100,0,0,0,,0,0,0,R,193.0,GRE,31.2,0,0,0,R,175.0,GBR,26.9,,75.0,765.0,157.0,383.0
2026-miami-0,miami,Hard,Camilo Ugo Carabelli,Giovanni Mpetshi Perricard,2-6 6-3 7-6,Round of 128 ,100,0,0,0,,0,0,0,R,185.0,ARG,30.1,0,0,0,R,203.0,FRA,26.3,,61.0,865.0,58.0,880.0
2026-miami-0,miami,Hard,Botic van de Zandschulp,Denis Shapovalov,7-5 6-3,Round of 128 ,100,0,0,0,,0,0,0,R,185.0,UNK,25.5,0,0,0,R,185.0,CAN,30.5,,150.0,0.0,37.0,1170.0
2026-miami-0,miami,Hard,Ignacio Buse,Coleman Wong,6-2 3-6 6-3,2nd Round Qualifying ,100,0,0,0,,0,0,0,R,185.0,PER,25.4,0,0,0,R,191.0,HKG,25.3,,62.0,863.0,110.0,583.0
2026-miami-0,miami,Hard,Yannick Hanfmann,Luca Van Assche,6-1 5-7 6-3,2nd Round Qualifying ,100,0,0,0,,0,0,0,R,193.0,GER,37.8,0,0,0,R,178.0,FRA,25.5,,59.0,879.0,97.0,636.0
2026-miami-0,miami,Hard,Martin Landaluce,Thiago Agustin Tirante,3-6 7-5 6-4,2nd Round Qualifying ,100,0,0,0,,0,0,0,R,191.0,ESP,23.2,0,0,0,R,185.0,ARG,28.5,,94.0,639.0,69.0,801.0
2026-miami-0,miami,Hard,Tomas Barrios Vera,Aleksandar Vukic,6-3 7-6,2nd Round Qualifying ,100,0,0,0,,0,0,0,R,191.0,CHI,31.7,0,0,0,R,188.0,AUS,33.5,,134.0,464.0,99.0,626.0
2026-miami-0,miami,Hard,Adam Walton,Rinky Hijikata,6-3 6-7 2-1,2nd Round Qualifying ,100,0,0,0,,0,0,0,R,183.0,AUS,30.4,0,0,0,R,178.0,AUS,28.6,,103.0,608.0,96.0,637.0
2026-miami-0,miami,Hard,Mattia Bellucci,Murphy Cassone,3-6 7-6 6-5,2nd Round Qualifying ,100,0,0,0,,0,0,0,R,175.0,ITA,28.3,0,0,0,R,185.0,UNK,25.5,,80.0,737.0,264.0,204.0
2026-miami-0,miami,Hard,Christopher O'Connell,Alexander Blockx,4-6 6-4 6-4,2nd Round Qualifying ,100,0,0,0,,0,0,0,R,185.0,UNK,25.5,0,0,0,R,191.0,BEL,24.5,,150.0,413.0,36.0,1200.0
2026-miami-0,miami,Hard,Zachary Svajda,Daniel Merida,6-0 6-7 2-2,2nd Round Qualifying ,100,0,0,0,,0,0,0,R,175.0,USA,26.8,0,0,0,R,185.0,UNK,25.5,,90.0,666.0,86.0,696.0
2026-miami-0,miami,Hard,Rafael Jodar,Benjamin Bonzi,6-4 6-4,2nd Round Qualifying ,100,0,0,0,,0,0,0,R,185.0,UNK,25.5,0,0,0,R,183.0,FRA,33.4,,34.0,1273.0,101.0,616.0
2026-miami-0,miami,Hard,Nikoloz Basilashvili,Sho Shimabukuro,6-2 6-1,2nd Round Qualifying ,100,0,0,0,,0,0,0,R,185.0,GEO,36.0,0,0,0,R,180.0,JPN,31.2,,117.0,539.0,107.0,596.0
2026-miami-0,miami,Hard,Liam Draxl,Jay Clarke,6-3 3-6 6-4,2nd Round Qualifying ,100,0,0,0,,0,0,0,R,185.0,UNK,25.5,0,0,0,R,183.0,GBR,28.9,,171.0,364.0,207.0,282.0
2026-miami-0,miami,Hard,Arthur Fery,Yunchaokete Bu,6-3 3-6 7-5,2nd Round Qualifying ,100,0,0,0,,0,0,0,R,175.0,GBR,26.9,0,0,0,R,185.0,UNK,25.5,,157.0,383.0,152.0,408.0
2026-miami-0,miami,Hard,Ignacio Buse,Moez Echargui,6-3 6-7 4-4,1st Round Qualifying ,100,0,0,0,,0,0,0,R,185.0,PER,25.4,0,0,0,R,178.0,TUN,36.5,,62.0,863.0,140.0,447.0
2026-miami-0,miami,Hard,Yannick Hanfmann,Leandro Riedi,6-3 6-4,1st Round Qualifying ,100,0,0,0,,0,0,0,R,193.0,GER,37.8,0,0,0,R,191.0,SUI,27.4,,59.0,879.0,128.0,506.0
2026-miami-0,miami,Hard,Thiago Agustin Tirante,Diego Dedura,6-2 6-3,1st Round Qualifying ,100,0,0,0,,0,0,0,R,185.0,ARG,28.5,0,0,0,R,185.0,UNK,28.5,,69.0,801.0,283.0,185.0
2026-miami-0,miami,Hard,Aleksandar Vukic,Billy Harris,7-6 6-3,1st Round Qualifying ,100,0,0,0,,0,0,0,R,188.0,AUS,33.5,0,0,0,R,193.0,GBR,34.6,,99.0,626.0,148.0,421.0
2026-miami-0,miami,Hard,Liam Draxl,Cristian Garin,4-6 6-4 6-2,1st Round Qualifying ,100,0,0,0,,0,0,0,R,185.0,UNK,25.5,0,0,0,R,185.0,CHI,33.2,,171.0,364.0,104.0,602.0
2026-miami-0,miami,Hard,Adam Walton,Chris Rodesch,6-2 6-4,1st Round Qualifying ,100,0,0,0,,0,0,0,R,183.0,AUS,30.4,0,0,0,R,198.0,LUX,28.1,,103.0,608.0,166.0,369.0
2026-miami-0,miami,Hard,Mattia Bellucci,Nicolas Jarry,6-3 6-1,1st Round Qualifying ,100,0,0,0,,0,0,0,R,175.0,ITA,28.3,0,0,0,R,201.0,CHI,34.0,,80.0,737.0,173.0,356.0
2026-miami-0,miami,Hard,Nikoloz Basilashvili,Patrick Kypson,6-3 6-1,1st Round Qualifying ,100,0,0,0,,0,0,0,R,185.0,GEO,36.0,0,0,0,R,188.0,USA,29.4,,117.0,539.0,89.0,669.0
2026-miami-0,miami,Hard,Alexander Blockx,Chun-Hsin Tseng,7-6 6-5,1st Round Qualifying ,100,0,0,0,,0,0,0,R,191.0,BEL,24.5,0,0,0,R,185.0,UNK,25.5,,36.0,1200.0,150.0,0.0
2026-miami-0,miami,Hard,Arthur Fery,Roman Andres Burruchaga,2-6 6-4 6-4,1st Round Qualifying ,100,0,0,0,,0,0,0,R,175.0,GBR,26.9,0,0,0,R,183.0,ARG,27.3,,157.0,383.0,56.0,885.0
2026-miami-0,miami,Hard,Zachary Svajda,Colton Smith,6-7 6-3 6-1,1st Round Qualifying ,100,0,0,0,,0,0,0,R,175.0,USA,26.8,0,0,0,R,185.0,UNK,25.5,,90.0,666.0,190.0,308.0
2026-miami-0,miami,Hard,Rafael Jodar,Manas Dhamne,6-3 7-6,1st Round Qualifying ,100,0,0,0,,0,0,0,R,185.0,UNK,25.5,0,0,0,R,188.0,IND,18.5,,34.0,1273.0,384.0,126.0
2026-miami-0,miami,Hard,Luca Van Assche,Benjamin Willwerth,6-3 6-1,1st Round Qualifying ,100,0,0,0,,0,0,0,R,178.0,FRA,25.5,0,0,0,R,185.0,UNK,25.5,,97.0,636.0,150.0,0.0
2026-miami-0,miami,Hard,Daniel Merida,Dalibor Svrcina,6-7 1-4 6-6 7-6,1st Round Qualifying ,100,0,0,0,,0,0,0,R,185.0,UNK,25.5,0,0,0,R,178.0,CZE,26.3,,86.0,696.0,116.0,547.0
2026-miami-0,miami,Hard,Benjamin Bonzi,Guto Miguel,6-2 7-6,1st Round Qualifying ,100,0,0,0,,0,0,0,R,183.0,FRA,33.4,0,0,0,R,185.0,UNK,25.5,,101.0,616.0,150.0,0.0
2026-miami-0,miami,Hard,Sho Shimabukuro,Alex Bolt,6-2 6-7 3-3,1st Round Qualifying ,100,0,0,0,,0,0,0,R,180.0,JPN,31.2,0,0,0,R,183.0,AUS,36.5,,107.0,596.0,138.0,456.0
2026-miami-0,miami,Hard,Murphy Cassone,Francesco Maestrelli,7-6 6-1,1st Round Qualifying ,100,0,0,0,,0,0,0,R,185.0,UNK,25.5,0,0,0,R,196.0,ITA,24.8,,264.0,204.0,112.0,575.0
2026-miami-0,miami,Hard,Tomas Barrios Vera,Nishesh Basavareddy,6-3 6-2,1st Round Qualifying ,100,0,0,0,,0,0,0,R,191.0,CHI,31.7,0,0,0,R,180.0,USA,24.6,,134.0,464.0,154.0,393.0
2026-miami-0,miami,Hard,Rinky Hijikata,Dane Sweeny,6-3 6-2,1st Round Qualifying ,100,0,0,0,,0,0,0,R,178.0,AUS,28.6,0,0,0,R,170.0,AUS,27.9,,96.0,637.0,135.0,462.0
2026-miami-0,miami,Hard,Yunchaokete Bu,Tristan Schoolkate,7-5 6-4,1st Round Qualifying ,100,0,0,0,,0,0,0,R,185.0,UNK,25.5,0,0,0,R,183.0,AUS,28.4,,152.0,408.0,126.0,512.0
2026-miami-0,miami,Hard,Coleman Wong,Jack Pinnington Jones,5-7 7-6 6-4,1st Round Qualifying ,100,0,0,0,,0,0,0,R,191.0,HKG,25.3,0,0,0,R,185.0,UNK,25.5,,110.0,583.0,137.0,461.0
2026-miami-0,miami,Hard,Martin Landaluce,Mackenzie McDonald,6-3 6-4,1st Round Qualifying ,100,0,0,0,,0,0,0,R,191.0,ESP,23.2,0,0,0,R,185.0,UNK,25.5,,94.0,639.0,150.0,0.0
2026-miami-0,miami,Hard,Christopher O'Connell,Nicolas Mejia,7-6 6-4,1st Round Qualifying ,100,0,0,0,,0,0,0,R,185.0,UNK,25.5,0,0,0,R,183.0,COL,29.5,,150.0,413.0,174.0,354.0
2026-miami-0,miami,Hard,Jay Clarke,Shintaro Mochizuki,6-4 3-6 6-1,1st Round Qualifying ,100,0,0,0,,0,0,0,R,183.0,GBR,28.9,0,0,0,R,175.0,JPN,26.3,,207.0,282.0,130.0,480.0
2026-houston-1,houston,Hard,Tommy Paul,Roman Andres Burruchaga,6-1 3-6 7-5,Final ,100,0,0,0,,0,0,0,R,185.0,USA,32.4,0,0,0,R,183.0,ARG,27.3,,18.0,1975.0,56.0,885.0
2026-houston-1,houston,Hard,Tommy Paul,Frances Tiafoe,7-5 4-6 7-6,Semifinals ,100,0,0,0,,0,0,0,R,185.0,USA,32.4,0,0,0,R,188.0,USA,31.7,,18.0,1975.0,22.0,1865.0
2026-houston-1,houston,Hard,Roman Andres Burruchaga,Thiago Agustin Tirante,6-1 6-1,Semifinals ,100,0,0,0,,0,0,0,R,183.0,ARG,27.3,0,0,0,R,185.0,ARG,28.5,,56.0,885.0,69.0,801.0
2026-houston-1,houston,Hard,Thiago Agustin Tirante,Ben Shelton,6-7 5-3 6-4,Quarterfinals ,100,0,0,0,,0,0,0,R,185.0,ARG,28.5,0,0,0,R,193.0,USA,27.1,,69.0,801.0,6.0,4030.0
2026-houston-1,houston,Hard,Frances Tiafoe,Alexei Popyrin,3-6 6-4 7-6,Quarterfinals ,100,0,0,0,,0,0,0,R,188.0,USA,31.7,0,0,0,R,196.0,AUS,30.2,,22.0,1865.0,60.0,870.0
2026-houston-1,houston,Hard,Roman Andres Burruchaga,Learner Tien,7-5 6-4,Quarterfinals ,100,0,0,0,,0,0,0,R,183.0,ARG,27.3,0,0,0,R,180.0,USA,24.0,,56.0,885.0,21.0,1870.0
2026-houston-1,houston,Hard,Tommy Paul,Tomas Martin Etcheverry,6-4 6-2,Quarterfinals ,100,0,0,0,,0,0,0,R,185.0,USA,32.4,0,0,0,R,196.0,ARG,30.3,,18.0,1975.0,26.0,1660.0
2026-houston-1,houston,Hard,Frances Tiafoe,Rinky Hijikata,6-4 3-6 6-2,Round of 16 ,100,0,0,0,,0,0,0,R,188.0,USA,31.7,0,0,0,R,178.0,AUS,28.6,,22.0,1865.0,96.0,637.0
2026-houston-1,houston,Hard,Learner Tien,Nishesh Basavareddy,6-3 3-6 6-1,Round of 16 ,100,0,0,0,,0,0,0,R,180.0,USA,24.0,0,0,0,R,180.0,USA,24.6,,21.0,1870.0,154.0,393.0
2026-houston-1,houston,Hard,Roman Andres Burruchaga,Brandon Nakashima,6-4 2-6 6-4,Round of 16 ,100,0,0,0,,0,0,0,R,183.0,ARG,27.3,0,0,0,R,188.0,USA,28.2,,56.0,885.0,32.0,1295.0
2026-houston-1,houston,Hard,Alexei Popyrin,Alex Michelsen,6-0 4-6 6-1,Round of 16 ,100,0,0,0,,0,0,0,R,196.0,AUS,30.2,0,0,0,R,193.0,USA,25.3,,60.0,870.0,42.0,1090.0
2026-houston-1,houston,Hard,Ben Shelton,Zhizhen Zhang,7-6 7-5,Round of 16 ,100,0,0,0,,0,0,0,R,193.0,USA,27.1,0,0,0,R,193.0,CHN,33.0,,6.0,4030.0,239.0,240.0
2026-houston-1,houston,Hard,Tommy Paul,Adolfo Daniel Vallejo,3-6 6-4 6-4,Round of 16 ,100,0,0,0,,0,0,0,R,185.0,USA,32.4,0,0,0,R,185.0,UNK,25.5,,18.0,1975.0,84.0,703.0
2026-houston-1,houston,Hard,Tomas Martin Etcheverry,Alex Bolt,6-7 5-0 6-3,Round of 16 ,100,0,0,0,,0,0,0,R,196.0,ARG,30.3,0,0,0,R,183.0,AUS,36.5,,26.0,1660.0,138.0,456.0
2026-houston-1,houston,Hard,Thiago Agustin Tirante,Mackenzie McDonald,6-2 6-0,Round of 16 ,100,0,0,0,,0,0,0,R,185.0,ARG,28.5,0,0,0,R,185.0,UNK,25.5,,69.0,801.0,150.0,0.0
2026-houston-1,houston,Hard,Roman Andres Burruchaga,Adam Walton,6-2 6-3,Round of 32 ,100,0,0,0,,0,0,0,R,183.0,ARG,27.3,0,0,0,R,183.0,AUS,30.4,,56.0,885.0,103.0,608.0
2026-houston-1,houston,Hard,Brandon Nakashima,Martin Damm,7-6 6-0,Round of 32 ,100,0,0,0,,0,0,0,R,188.0,USA,28.2,0,0,0,R,203.0,USA,25.4,,32.0,1295.0,115.0,547.0
2026-houston-1,houston,Hard,Tomas Martin Etcheverry,Federico Agustin Gomez,1-6 6-1 6-4,Round of 32 ,100,0,0,0,,0,0,0,R,196.0,ARG,30.3,0,0,0,R,191.0,ARG,31.3,,26.0,1660.0,186.0,322.0
2026-houston-1,houston,Hard,Alex Michelsen,Coleman Wong,6-4 6-2,Round of 32 ,100,0,0,0,,0,0,0,R,193.0,USA,25.3,0,0,0,R,191.0,HKG,25.3,,42.0,1090.0,110.0,583.0
2026-houston-1,houston,Hard,Nishesh Basavareddy,Liam Draxl,6-3 2-6 6-4,Round of 32 ,100,0,0,0,,0,0,0,R,180.0,USA,24.6,0,0,0,R,185.0,UNK,25.5,,154.0,393.0,171.0,364.0
2026-houston-1,houston,Hard,Rinky Hijikata,Aleksandar Kovacevic,6-4 6-2,Round of 32 ,100,0,0,0,,0,0,0,R,178.0,AUS,28.6,0,0,0,R,183.0,USA,31.1,,96.0,637.0,95.0,639.0
2026-houston-1,houston,Hard,Alexei Popyrin,Patrick Kypson,4-6 6-4 6-3,Round of 32 ,100,0,0,0,,0,0,0,R,196.0,AUS,30.2,0,0,0,R,188.0,USA,29.4,,60.0,870.0,89.0,669.0
2026-houston-1,houston,Hard,Mackenzie McDonald,Jenson Brooksby,6-4 6-2,Round of 32 ,100,0,0,0,,0,0,0,R,185.0,UNK,25.5,0,0,0,R,188.0,USA,27.2,,150.0,0.0,63.0,862.0
2026-houston-1,houston,Hard,Alex Bolt,Yibing Wu,7-6 6-6,Round of 32 ,100,0,0,0,,0,0,0,R,183.0,AUS,36.5,0,0,0,R,183.0,CHN,29.9,,138.0,456.0,88.0,669.0
2026-houston-1,houston,Hard,Thiago Agustin Tirante,Colton Smith,6-0 6-3,Round of 32 ,100,0,0,0,,0,0,0,R,185.0,ARG,28.5,0,0,0,R,185.0,UNK,25.5,,69.0,801.0,190.0,308.0
2026-houston-1,houston,Hard,Adolfo Daniel Vallejo,Zachary Svajda,6-1 6-4,Round of 32 ,100,0,0,0,,0,0,0,R,185.0,UNK,25.5,0,0,0,R,175.0,USA,26.8,,84.0,703.0,90.0,666.0
2026-houston-1,houston,Hard,Zhizhen Zhang,Jack Pinnington Jones,6-1 6-3,Round of 32 ,100,0,0,0,,0,0,0,R,193.0,CHN,33.0,0,0,0,R,185.0,UNK,25.5,,239.0,240.0,137.0,461.0
2026-houston-1,houston,Hard,Jack Pinnington Jones,Darwin Blanch,6-4 7-6,2nd Round Qualifying ,100,0,0,0,,0,0,0,R,185.0,UNK,25.5,0,0,0,R,185.0,USA,20.0,,137.0,461.0,228.0,252.0
2026-houston-1,houston,Hard,Liam Draxl,Alexis Galarneau,3-6 6-1 7-6,2nd Round Qualifying ,100,0,0,0,,0,0,0,R,185.0,UNK,25.5,0,0,0,R,180.0,CAN,29.5,,171.0,364.0,192.0,306.0
2026-houston-1,houston,Hard,Alex Bolt,Andy Andrade,6-2 4-6 6-2,2nd Round Qualifying ,100,0,0,0,,0,0,0,R,183.0,AUS,36.5,0,0,0,R,185.0,UNK,24.0,,138.0,456.0,215.0,270.0
2026-houston-1,houston,Hard,Federico Agustin Gomez,Clement Tabur,0-6 7-6 6-4,2nd Round Qualifying ,100,0,0,0,,0,0,0,R,191.0,ARG,31.3,0,0,0,R,185.0,UNK,25.5,,186.0,322.0,168.0,368.0
2026-houston-1,houston,Hard,Jack Pinnington Jones,J.J. Wolf,6-4 6-4,1st Round Qualifying ,100,0,0,0,,0,0,0,R,185.0,UNK,25.5,0,0,0,R,185.0,UNK,28.5,,137.0,461.0,500.0,0.0
2026-houston-1,houston,Hard,Liam Draxl,Mitchell Krueger,6-3 1-6 7-6,1st Round Qualifying ,100,0,0,0,,0,0,0,R,185.0,UNK,25.5,0,0,0,R,188.0,USA,35.6,,171.0,364.0,270.0,201.0
2026-houston-1,houston,Hard,Alex Bolt,Alex Rybakov,5-7 6-2 6-4,1st Round Qualifying ,100,0,0,0,,0,0,0,R,183.0,AUS,36.5,0,0,0,R,185.0,USA,31.0,,138.0,456.0,341.0,150.0
2026-houston-1,houston,Hard,Federico Agustin Gomez,Andres Martin,6-4 6-4,1st Round Qualifying ,100,0,0,0,,0,0,0,R,191.0,ARG,31.3,0,0,0,R,183.0,USA,28.0,,186.0,322.0,277.0,188.0
2026-houston-1,houston,Hard,Clement Tabur,Daniel Elahi Galan,6-2 7-5,1st Round Qualifying ,100,0,0,0,,0,0,0,R,185.0,UNK,25.5,0,0,0,R,191.0,COL,33.1,,168.0,368.0,271.0,200.0
2026-houston-1,houston,Hard,Darwin Blanch,Genaro Alberto Olivieri,6-0 5-7 7-6,1st Round Qualifying ,100,0,0,0,,0,0,0,R,185.0,USA,20.0,0,0,0,R,175.0,ARG,29.8,,228.0,252.0,214.0,270.0
2026-houston-1,houston,Hard,Alexis Galarneau,Gabriel Debru,6-2 6-3,1st Round Qualifying ,100,0,0,0,,0,0,0,R,180.0,CAN,29.5,0,0,0,R,185.0,UNK,24.0,,192.0,306.0,150.0,0.0
2026-houston-1,houston,Hard,Andy Andrade,Stefan Dostanic,6-1 6-3,1st Round Qualifying ,100,0,0,0,,0,0,0,R,185.0,UNK,24.0,0,0,0,R,185.0,UNK,28.5,,215.0,270.0,266.0,202.0
2026-marrakech-2,marrakech,Hard,Rafael Jodar,Marco Trungelliti,6-3 6-2,Final ,100,0,0,0,,0,0,0,R,185.0,UNK,25.5,0,0,0,R,178.0,ARG,39.6,,34.0,1273.0,78.0,743.0
2026-marrakech-2,marrakech,Hard,Marco Trungelliti,Luciano Darderi,6-4 7-6,Semifinals ,100,0,0,0,,0,0,0,R,178.0,ARG,39.6,0,0,0,R,183.0,ITA,27.7,,78.0,743.0,20.0,1890.0
2026-marrakech-2,marrakech,Hard,Rafael Jodar,Camilo Ugo Carabelli,6-2 6-1,Semifinals ,100,0,0,0,,0,0,0,R,185.0,UNK,25.5,0,0,0,R,185.0,ARG,30.1,,34.0,1273.0,61.0,865.0
2026-marrakech-2,marrakech,Hard,Marco Trungelliti,Corentin Moutet,4-6 6-3 6-4,Quarterfinals ,100,0,0,0,,0,0,0,R,178.0,ARG,39.6,0,0,0,R,180.0,FRA,30.5,,78.0,743.0,30.0,1413.0
2026-marrakech-2,marrakech,Hard,Rafael Jodar,Alexandre Muller,6-2 2-0,Quarterfinals ,100,0,0,0,,0,0,0,R,185.0,UNK,25.5,0,0,0,R,183.0,FRA,32.7,,34.0,1273.0,105.0,601.0
2026-marrakech-2,marrakech,Hard,Camilo Ugo Carabelli,Luca Van Assche,0-6 6-3 6-2,Quarterfinals ,100,0,0,0,,0,0,0,R,185.0,ARG,30.1,0,0,0,R,178.0,FRA,25.5,,61.0,865.0,97.0,636.0
2026-marrakech-2,marrakech,Hard,Luciano Darderi,Yannick Hanfmann,,Quarterfinals ,100,0,0,0,,0,0,0,R,183.0,ITA,27.7,0,0,0,R,193.0,GER,37.8,,20.0,1890.0,59.0,879.0
2026-marrakech-2,marrakech,Hard,Luca Van Assche,Tallon Griekspoor,6-4 1-6 6-3,Round of 16 ,100,0,0,0,,0,0,0,R,178.0,FRA,25.5,0,0,0,R,188.0,NED,33.3,,97.0,636.0,31.0,1360.0
2026-marrakech-2,marrakech,Hard,Rafael Jodar,Tomas Machac,6-4 4-6 6-3,Round of 16 ,100,0,0,0,,0,0,0,R,185.0,UNK,25.5,0,0,0,R,183.0,CZE,29.0,,34.0,1273.0,41.0,1100.0
2026-marrakech-2,marrakech,Hard,Alexandre Muller,Vit Kopriva,6-3 7-6,Round of 16 ,100,0,0,0,,0,0,0,R,183.0,FRA,32.7,0,0,0,R,178.0,CZE,32.1,,105.0,601.0,55.0,896.0
2026-marrakech-2,marrakech,Hard,Camilo Ugo Carabelli,Ignacio Buse,6-3 3-6 7-5,Round of 16 ,100,0,0,0,,0,0,0,R,185.0,ARG,30.1,0,0,0,R,185.0,PER,25.4,,61.0,865.0,62.0,863.0
2026-marrakech-2,marrakech,Hard,Luciano Darderi,Mattia Bellucci,6-4 6-2,Round of 16 ,100,0,0,0,,0,0,0,R,183.0,ITA,27.7,0,0,0,R,175.0,ITA,28.3,,20.0,1890.0,80.0,737.0
2026-marrakech-2,marrakech,Hard,Corentin Moutet,Taha Baadi,6-0 6-2,Round of 16 ,100,0,0,0,,0,0,0,R,180.0,FRA,30.5,0,0,0,R,185.0,UNK,28.5,,30.0,1413.0,500.0,0.0
2026-marrakech-2,marrakech,Hard,Marco Trungelliti,Kamil Majchrzak,7-6 6-4,Round of 16 ,100,0,0,0,,0,0,0,R,178.0,ARG,39.6,0,0,0,R,180.0,POL,33.6,,78.0,743.0,76.0,747.0
2026-marrakech-2,marrakech,Hard,Yannick Hanfmann,Karim Bennani,6-4 6-7 3-2,Round of 16 ,100,0,0,0,,0,0,0,R,193.0,GER,37.8,0,0,0,R,185.0,UNK,28.5,,59.0,879.0,500.0,0.0
2026-marrakech-2,marrakech,Hard,Vit Kopriva,Hamad Medjedovic,6-7 4-5 7-2,Round of 32 ,100,0,0,0,,0,0,0,R,178.0,CZE,32.1,0,0,0,R,188.0,SRB,26.3,,55.0,896.0,67.0,804.0
2026-marrakech-2,marrakech,Hard,Kamil Majchrzak,Juan Manuel Cerundolo,7-6 3-3 6-6,Round of 32 ,100,0,0,0,,0,0,0,R,180.0,POL,33.6,0,0,0,R,183.0,ARG,27.2,,76.0,747.0,72.0,776.0
2026-marrakech-2,marrakech,Hard,Ignacio Buse,Matteo Berrettini,7-6 6-5 2-7 6-4,Round of 32 ,100,0,0,0,,0,0,0,R,185.0,PER,25.4,0,0,0,R,196.0,ITA,33.6,,62.0,863.0,100.0,625.0
2026-marrakech-2,marrakech,Hard,Mattia Bellucci,Reda Bennani,6-3 3-6 6-4,Round of 32 ,100,0,0,0,,0,0,0,R,175.0,ITA,28.3,0,0,0,R,185.0,UNK,25.5,,80.0,737.0,150.0,0.0
2026-marrakech-2,marrakech,Hard,Rafael Jodar,Dusan Lajovic,6-3 6-4,Round of 32 ,100,0,0,0,,0,0,0,R,185.0,UNK,25.5,0,0,0,R,183.0,SRB,39.3,,34.0,1273.0,132.0,471.0
2026-marrakech-2,marrakech,Hard,Alexandre Muller,Federico Cina,6-2 6-3,Round of 32 ,100,0,0,0,,0,0,0,R,183.0,FRA,32.7,0,0,0,R,185.0,UNK,25.5,,105.0,601.0,225.0,255.0
2026-marrakech-2,marrakech,Hard,Marco Trungelliti,Henrique Rocha,7-6 6-5,Round of 32 ,100,0,0,0,,0,0,0,R,178.0,ARG,39.6,0,0,0,R,180.0,POR,25.4,,78.0,743.0,120.0,529.0
2026-marrakech-2,marrakech,Hard,Camilo Ugo Carabelli,Timofey Skatov,6-7 2-3 6-4,Round of 32 ,100,0,0,0,,0,0,0,R,185.0,ARG,30.1,0,0,0,R,175.0,KAZ,27.2,,61.0,865.0,188.0,317.0
2026-marrakech-2,marrakech,Hard,Luca Van Assche,Hugo Gaston,6-4 7-6,Round of 32 ,100,0,0,0,,0,0,0,R,178.0,FRA,25.5,0,0,0,R,173.0,FRA,29.1,,97.0,636.0,118.0,535.0
2026-marrakech-2,marrakech,Hard,Yannick Hanfmann,Jesper de Jong,7-6 6-6,Round of 32 ,100,0,0,0,,0,0,0,R,193.0,GER,37.8,0,0,0,R,185.0,UNK,25.5,,59.0,879.0,150.0,0.0
2026-marrakech-2,marrakech,Hard,Taha Baadi,Aleksandar Vukic,6-2 3-6 6-1,Round of 32 ,100,0,0,0,,0,0,0,R,185.0,UNK,28.5,0,0,0,R,188.0,AUS,33.5,,500.0,0.0,99.0,626.0
2026-marrakech-2,marrakech,Hard,Karim Bennani,Quentin Halys,6-4 6-7 5-2,Round of 32 ,100,0,0,0,,0,0,0,R,185.0,UNK,28.5,0,0,0,R,191.0,FRA,33.0,,500.0,0.0,93.0,653.0
2026-marrakech-2,marrakech,Hard,Marco Trungelliti,Rei Sakamoto,7-6 6-8,2nd Round Qualifying ,100,0,0,0,,0,0,0,R,178.0,ARG,39.6,0,0,0,R,185.0,UNK,25.5,,78.0,743.0,156.0,392.0
2026-marrakech-2,marrakech,Hard,Dusan Lajovic,Lloyd Harris,6-4 6-4,2nd Round Qualifying ,100,0,0,0,,0,0,0,R,183.0,SRB,39.3,0,0,0,R,193.0,RSA,32.3,,132.0,471.0,146.0,423.0
2026-marrakech-2,marrakech,Hard,Henrique Rocha,Nicolai Budkov Kjaer,6-1 6-2,2nd Round Qualifying ,100,0,0,0,,0,0,0,R,180.0,POR,25.4,0,0,0,R,188.0,NOR,23.0,,120.0,529.0,124.0,519.0
2026-marrakech-2,marrakech,Hard,Timofey Skatov,Moez Echargui,6-3 6-3,2nd Round Qualifying ,100,0,0,0,,0,0,0,R,175.0,KAZ,27.2,0,0,0,R,178.0,TUN,36.5,,188.0,317.0,140.0,447.0
2026-marrakech-2,marrakech,Hard,Marco Trungelliti,Hynek Barton,6-3 7-5,1st Round Qualifying ,100,0,0,0,,0,0,0,R,178.0,ARG,39.6,0,0,0,R,185.0,UNK,24.0,,78.0,743.0,285.0,184.0
2026-marrakech-2,marrakech,Hard,Dusan Lajovic,Jakub Paul,6-1 6-4,1st Round Qualifying ,100,0,0,0,,0,0,0,R,183.0,SRB,39.3,0,0,0,R,185.0,UNK,28.5,,132.0,471.0,465.0,0.0
2026-marrakech-2,marrakech,Hard,Timofey Skatov,Andrea Pellegrino,3-6 4-1,1st Round Qualifying ,100,0,0,0,,0,0,0,R,175.0,KAZ,27.2,0,0,0,R,185.0,ITA,32.3,,188.0,317.0,155.0,393.0
2026-marrakech-2,marrakech,Hard,Henrique Rocha,David Jorda Sanchis,6-3 6-2,1st Round Qualifying ,100,0,0,0,,0,0,0,R,180.0,POR,25.4,0,0,0,R,198.0,ESP,33.2,,120.0,529.0,351.0,145.0
2026-marrakech-2,marrakech,Hard,Nicolai Budkov Kjaer,Ilya Ivashka,6-1 5-7 7-6,1st Round Qualifying ,100,0,0,0,,0,0,0,R,188.0,NOR,23.0,0,0,0,R,193.0,BLR,33.0,,124.0,519.0,103.0,0.0
2026-marrakech-2,marrakech,Hard,Moez Echargui,Younes Lalami,6-4 7-6,1st Round Qualifying ,100,0,0,0,,0,0,0,R,178.0,TUN,36.5,0,0,0,R,185.0,UNK,28.5,,140.0,447.0,500.0,0.0
2026-marrakech-2,marrakech,Hard,Lloyd Harris,Pierre-Hugues Herbert,6-4 6-3,1st Round Qualifying ,100,0,0,0,,0,0,0,R,193.0,RSA,32.3,0,0,0,R,185.0,UNK,25.5,,146.0,423.0,150.0,0.0
2026-marrakech-2,marrakech,Hard,Rei Sakamoto,Amine Jamji,6-4 6-2,1st Round Qualifying ,100,0,0,0,,0,0,0,R,185.0,UNK,25.5,0,0,0,R,185.0,UNK,28.5,,156.0,392.0,500.0,0.0
2026-bucharest-3,bucharest,Hard,Mariano Navone,Daniel Merida,6-2 4-6 7-5,Final ,100,0,0,0,,0,0,0,R,178.0,ARG,28.6,0,0,0,R,185.0,UNK,25.5,,44.0,1046.0,86.0,696.0
2026-bucharest-3,bucharest,Hard,Daniel Merida,Fabian Marozsan,6-7 4-3 6-1,Semifinals ,100,0,0,0,,0,0,0,R,185.0,UNK,25.5,0,0,0,R,193.0,HUN,30.0,,86.0,696.0,49.0,975.0
2026-bucharest-3,bucharest,Hard,Mariano Navone,Botic van de Zandschulp,5-7 7-6 7-3,Semifinals ,100,0,0,0,,0,0,0,R,178.0,ARG,28.6,0,0,0,R,185.0,UNK,25.5,,44.0,1046.0,150.0,0.0
2026-bucharest-3,bucharest,Hard,Fabian Marozsan,Daniel Altmaier,6-2 7-6,Quarterfinals ,100,0,0,0,,0,0,0,R,193.0,HUN,30.0,0,0,0,R,188.0,GER,31.1,,49.0,975.0,64.0,860.0
2026-bucharest-3,bucharest,Hard,Mariano Navone,Alex Molcan,3-6 6-2 6-3,Quarterfinals ,100,0,0,0,,0,0,0,R,178.0,ARG,28.6,0,0,0,R,178.0,SVK,31.2,,44.0,1046.0,113.0,571.0
2026-bucharest-3,bucharest,Hard,Botic van de Zandschulp,Damir Dzumhur,6-3 6-3,Quarterfinals ,100,0,0,0,,0,0,0,R,185.0,UNK,25.5,0,0,0,R,175.0,BIH,37.4,,150.0,0.0,87.0,674.0
2026-bucharest-3,bucharest,Hard,Daniel Merida,Titouan Droguet,4-6 7-6 3-7,Quarterfinals ,100,0,0,0,,0,0,0,R,185.0,UNK,25.5,0,0,0,R,191.0,FRA,28.3,,86.0,696.0,109.0,594.0
2026-bucharest-3,bucharest,Hard,Daniel Merida,Adrian Mannarino,4-6 6-2 6-2,Round of 16 ,100,0,0,0,,0,0,0,R,185.0,UNK,25.5,0,0,0,R,180.0,FRA,41.3,,86.0,696.0,45.0,1035.0
2026-bucharest-3,bucharest,Hard,Titouan Droguet,Sebastian Baez,6-4 6-4,Round of 16 ,100,0,0,0,,0,0,0,R,191.0,FRA,28.3,0,0,0,R,170.0,ARG,28.8,,109.0,594.0,65.0,840.0
2026-bucharest-3,bucharest,Hard,Fabian Marozsan,Stefanos Sakellaridis,7-6 7-3,Round of 16 ,100,0,0,0,,0,0,0,R,193.0,HUN,30.0,0,0,0,R,196.0,GRE,22.7,,49.0,975.0,200.0,290.0
2026-bucharest-3,bucharest,Hard,Daniel Altmaier,Dino Prizmic,3-6 7-6 7-1,Round of 16 ,100,0,0,0,,0,0,0,R,188.0,GER,31.1,0,0,0,R,188.0,CRO,23.5,,64.0,860.0,79.0,740.0
2026-bucharest-3,bucharest,Hard,Alex Molcan,Gabriel Diallo,6-2 6-2,Round of 16 ,100,0,0,0,,0,0,0,R,178.0,SVK,31.2,0,0,0,R,203.0,CAN,28.1,,113.0,571.0,46.0,1000.0
2026-bucharest-3,bucharest,Hard,Damir Dzumhur,Nuno Borges,7-6 6-1,Round of 16 ,100,0,0,0,,0,0,0,R,175.0,BIH,37.4,0,0,0,R,185.0,POR,32.7,,87.0,674.0,52.0,950.0
2026-bucharest-3,bucharest,Hard,Mariano Navone,Elmer Moller,6-2 6-1,Round of 16 ,100,0,0,0,,0,0,0,R,178.0,ARG,28.6,0,0,0,R,183.0,DEN,26.1,,44.0,1046.0,153.0,404.0
2026-bucharest-3,bucharest,Hard,Botic van de Zandschulp,Aleksandr Shevchenko,7-5 6-1,Round of 16 ,100,0,0,0,,0,0,0,R,185.0,UNK,25.5,0,0,0,R,185.0,UNK,24.0,,150.0,0.0,85.0,698.0
2026-bucharest-3,bucharest,Hard,Sebastian Baez,Vilius Gaubas,6-3 6-1,Round of 32 ,100,0,0,0,,0,0,0,R,170.0,ARG,28.8,0,0,0,R,178.0,LTU,24.6,,65.0,840.0,121.0,527.0
2026-bucharest-3,bucharest,Hard,Daniel Altmaier,Pedro Martinez,6-1 6-4,Round of 32 ,100,0,0,0,,0,0,0,R,188.0,GER,31.1,0,0,0,R,185.0,ESP,32.5,,64.0,860.0,136.0,461.0
2026-bucharest-3,bucharest,Hard,Mariano Navone,Christopher O'Connell,6-4 7-6,Round of 32 ,100,0,0,0,,0,0,0,R,178.0,ARG,28.6,0,0,0,R,185.0,UNK,25.5,,44.0,1046.0,150.0,413.0
2026-bucharest-3,bucharest,Hard,Botic van de Zandschulp,Francesco Maestrelli,6-3 6-2,Round of 32 ,100,0,0,0,,0,0,0,R,185.0,UNK,25.5,0,0,0,R,196.0,ITA,24.8,,150.0,0.0,112.0,575.0
2026-bucharest-3,bucharest,Hard,Titouan Droguet,Roberto Bautista Agut,6-1 1-6 6-1,Round of 32 ,100,0,0,0,,0,0,0,R,191.0,FRA,28.3,0,0,0,R,183.0,ESP,41.5,,109.0,594.0,98.0,629.0
2026-bucharest-3,bucharest,Hard,Damir Dzumhur,Filip Cristian Jianu,6-3 4-6 7-6,Round of 32 ,100,0,0,0,,0,0,0,R,175.0,BIH,37.4,0,0,0,R,180.0,ROU,24.8,,87.0,674.0,272.0,200.0
2026-bucharest-3,bucharest,Hard,Daniel Merida,Otto Virtanen,7-6 5-4 7-7,Round of 32 ,100,0,0,0,,0,0,0,R,185.0,UNK,25.5,0,0,0,R,193.0,FIN,28.3,,86.0,696.0,127.0,512.0
2026-bucharest-3,bucharest,Hard,Alex Molcan,Matteo Arnaldi,6-3 6-1,Round of 32 ,100,0,0,0,,0,0,0,R,178.0,SVK,31.2,0,0,0,R,185.0,ITA,28.6,,113.0,571.0,106.0,596.0
2026-bucharest-3,bucharest,Hard,Elmer Moller,Adrian Boitan,6-3 7-5,Round of 32 ,100,0,0,0,,0,0,0,R,183.0,DEN,26.1,0,0,0,R,185.0,UNK,24.0,,153.0,404.0,334.0,152.0
2026-bucharest-3,bucharest,Hard,Dino Prizmic,Nikoloz Basilashvili,6-4 6-2,Round of 32 ,100,0,0,0,,0,0,0,R,188.0,CRO,23.5,0,0,0,R,185.0,GEO,36.0,,79.0,740.0,117.0,539.0
2026-bucharest-3,bucharest,Hard,Stefanos Sakellaridis,Jan Choinski,6-3 6-4,Round of 32 ,100,0,0,0,,0,0,0,R,196.0,GRE,22.7,0,0,0,R,196.0,GBR,33.2,,200.0,290.0,122.0,526.0
2026-bucharest-3,bucharest,Hard,Aleksandr Shevchenko,Radu David Turcanu,6-2 6-4,Round of 32 ,100,0,0,0,,0,0,0,R,185.0,UNK,24.0,0,0,0,R,185.0,UNK,24.0,,85.0,698.0,150.0,0.0
2026-bucharest-3,bucharest,Hard,Daniel Merida,Joel Schwaerzler,6-2 6-2,2nd Round Qualifying ,100,0,0,0,,0,0,0,R,185.0,UNK,25.5,0,0,0,R,188.0,AUT,22.2,,86.0,696.0,172.0,357.0
2026-bucharest-3,bucharest,Hard,Nikoloz Basilashvili,Jurij Rodionov,6-4 0-6 6-3,2nd Round Qualifying ,100,0,0,0,,0,0,0,R,185.0,GEO,36.0,0,0,0,R,191.0,AUT,30.3,,117.0,539.0,160.0,379.0
2026-bucharest-3,bucharest,Hard,Alex Molcan,Jay Clarke,6-3 5-7 7-6,2nd Round Qualifying ,100,0,0,0,,0,0,0,R,178.0,SVK,31.2,0,0,0,R,183.0,GBR,28.9,,113.0,571.0,207.0,282.0
2026-bucharest-3,bucharest,Hard,Stefanos Sakellaridis,Dimitar Kuzmanov,6-3 7-6,2nd Round Qualifying ,100,0,0,0,,0,0,0,R,196.0,GRE,22.7,0,0,0,R,183.0,BUL,34.0,,200.0,290.0,315.0,165.0
2026-bucharest-3,bucharest,Hard,Nikoloz Basilashvili,Daniel Michalski,6-4 7-5,1st Round Qualifying ,100,0,0,0,,0,0,0,R,185.0,GEO,36.0,0,0,0,R,180.0,POL,26.4,,117.0,539.0,294.0,181.0
2026-bucharest-3,bucharest,Hard,Daniel Merida,Saba Purtseladze,6-1 6-2,1st Round Qualifying ,100,0,0,0,,0,0,0,R,185.0,UNK,25.5,0,0,0,R,191.0,GEO,26.5,,86.0,696.0,274.0,0.0
2026-bucharest-3,bucharest,Hard,Alex Molcan,Billy Harris,6-1 7-6,1st Round Qualifying ,100,0,0,0,,0,0,0,R,178.0,SVK,31.2,0,0,0,R,193.0,GBR,34.6,,113.0,571.0,148.0,421.0
2026-bucharest-3,bucharest,Hard,Stefanos Sakellaridis,Chun-Hsin Tseng,6-4 6-3,1st Round Qualifying ,100,0,0,0,,0,0,0,R,196.0,GRE,22.7,0,0,0,R,185.0,UNK,25.5,,200.0,290.0,150.0,0.0
2026-bucharest-3,bucharest,Hard,Dimitar Kuzmanov,Stefano Travaglia,7-6 6-0,1st Round Qualifying ,100,0,0,0,,0,0,0,R,183.0,BUL,34.0,0,0,0,R,185.0,ITA,36.6,,315.0,165.0,141.0,444.0
2026-bucharest-3,bucharest,Hard,Joel Schwaerzler,Stefan Horia Haita,6-3 3-6 7-6,1st Round Qualifying ,100,0,0,0,,0,0,0,R,188.0,AUT,22.2,0,0,0,R,185.0,UNK,24.0,,172.0,357.0,150.0,0.0
2026-bucharest-3,bucharest,Hard,Jurij Rodionov,George Loffhagen,4-6 7-6 6-5,1st Round Qualifying ,100,0,0,0,,0,0,0,R,191.0,AUT,30.3,0,0,0,R,188.0,GBR,27.2,,160.0,379.0,250.0,223.0
2026-bucharest-3,bucharest,Hard,Jay Clarke,Gabriel Ghetu,6-4 6-3,1st Round Qualifying ,100,0,0,0,,0,0,0,R,183.0,GBR,28.9,0,0,0,R,185.0,UNK,24.0,,207.0,282.0,150.0,0.0
2026-monte-carlo-4,monte-carlo,Hard,Jannik Sinner,Carlos Alcaraz,7-6 6-5,Final ,100,0,0,0,,0,0,0,R,191.0,ITA,28.2,0,0,0,R,183.0,ESP,26.5,,1.0,14350.0,2.0,12960.0
2026-monte-carlo-4,monte-carlo,Hard,Carlos Alcaraz,Valentin Vacherot,6-4 6-4,Semifinals ,100,0,0,0,,0,0,0,R,183.0,ESP,26.5,0,0,0,R,193.0,MON,30.5,,2.0,12960.0,16.0,2147.0
2026-monte-carlo-4,monte-carlo,Hard,Jannik Sinner,Alexander Zverev,6-1 6-4,Semifinals ,100,0,0,0,,0,0,0,R,191.0,ITA,28.2,0,0,0,R,198.0,GER,32.5,,1.0,14350.0,3.0,5805.0
2026-monte-carlo-4,monte-carlo,Hard,Carlos Alcaraz,Alexander Bublik,6-3 6-0,Quarterfinals ,100,0,0,0,,0,0,0,R,183.0,ESP,26.5,0,0,0,R,196.0,KAZ,32.3,,2.0,12960.0,11.0,3355.0
2026-monte-carlo-4,monte-carlo,Hard,Jannik Sinner,Felix Auger-Aliassime,6-3 6-4,Quarterfinals ,100,0,0,0,,0,0,0,R,191.0,ITA,28.2,0,0,0,R,185.0,UNK,25.5,,1.0,14350.0,150.0,0.0
2026-monte-carlo-4,monte-carlo,Hard,Alexander Zverev,Joao Fonseca,7-5 6-7 3-3,Quarterfinals ,100,0,0,0,,0,0,0,R,198.0,GER,32.5,0,0,0,R,185.0,BRA,23.3,,3.0,5805.0,29.0,1435.0
2026-monte-carlo-4,monte-carlo,Hard,Valentin Vacherot,Alex de Minaur,6-4 3-6 6-3,Quarterfinals ,100,0,0,0,,0,0,0,R,193.0,MON,30.5,0,0,0,R,185.0,UNK,25.5,,16.0,2147.0,150.0,0.0
2026-monte-carlo-4,monte-carlo,Hard,Carlos Alcaraz,Tomas Martin Etcheverry,6-1 4-6 6-3,Round of 16 ,100,0,0,0,,0,0,0,R,183.0,ESP,26.5,0,0,0,R,196.0,ARG,30.3,,2.0,12960.0,26.0,1660.0
2026-monte-carlo-4,monte-carlo,Hard,Jannik Sinner,Tomas Machac,6-1 6-7 3-3,Round of 16 ,100,0,0,0,,0,0,0,R,191.0,ITA,28.2,0,0,0,R,183.0,CZE,29.0,,1.0,14350.0,41.0,1100.0
2026-monte-carlo-4,monte-carlo,Hard,Alexander Zverev,Zizou Bergs,6-2 7-5,Round of 16 ,100,0,0,0,,0,0,0,R,198.0,GER,32.5,0,0,0,R,185.0,BEL,30.4,,3.0,5805.0,39.0,1140.0
2026-monte-carlo-4,monte-carlo,Hard,Alex de Minaur,Alexander Blockx,7-5 7-6,Round of 16 ,100,0,0,0,,0,0,0,R,185.0,UNK,25.5,0,0,0,R,191.0,BEL,24.5,,150.0,0.0,36.0,1200.0
2026-monte-carlo-4,monte-carlo,Hard,Felix Auger-Aliassime,Casper Ruud,7-5 2-2,Round of 16 ,100,0,0,0,,0,0,0,R,185.0,UNK,25.5,0,0,0,R,183.0,NOR,30.8,,150.0,0.0,25.0,1735.0
2026-monte-carlo-4,monte-carlo,Hard,Alexander Bublik,Jiri Lehecka,6-2 7-5,Round of 16 ,100,0,0,0,,0,0,0,R,196.0,KAZ,32.3,0,0,0,R,185.0,CZE,27.9,,11.0,3355.0,13.0,2715.0
2026-monte-carlo-4,monte-carlo,Hard,Joao Fonseca,Matteo Berrettini,6-3 6-2,Round of 16 ,100,0,0,0,,0,0,0,R,185.0,BRA,23.3,0,0,0,R,196.0,ITA,33.6,,29.0,1435.0,100.0,625.0
2026-monte-carlo-4,monte-carlo,Hard,Valentin Vacherot,Hubert Hurkacz,6-7 4-3 6-4,Round of 16 ,100,0,0,0,,0,0,0,R,193.0,MON,30.5,0,0,0,R,196.0,POL,32.7,,16.0,2147.0,53.0,930.0
2026-monte-carlo-4,monte-carlo,Hard,Alexander Zverev,Cristian Garin,4-6 6-4 7-5,Round of 32 ,100,0,0,0,,0,0,0,R,198.0,GER,32.5,0,0,0,R,185.0,CHI,33.2,,3.0,5805.0,104.0,602.0
2026-monte-carlo-4,monte-carlo,Hard,Valentin Vacherot,Lorenzo Musetti,7-6 7-6,Round of 32 ,100,0,0,0,,0,0,0,R,193.0,MON,30.5,0,0,0,R,185.0,ITA,27.7,,16.0,2147.0,10.0,3415.0
2026-monte-carlo-4,monte-carlo,Hard,Felix Auger-Aliassime,Marin Cilic,7-6 6-4,Round of 32 ,100,0,0,0,,0,0,0,R,185.0,UNK,25.5,0,0,0,R,198.0,CRO,41.1,,150.0,0.0,47.0,980.0
2026-monte-carlo-4,monte-carlo,Hard,Matteo Berrettini,Daniil Medvedev,6-0 6-0,Round of 32 ,100,0,0,0,,0,0,0,R,196.0,ITA,33.6,0,0,0,R,198.0,RUS,33.7,,100.0,625.0,9.0,3460.0
2026-monte-carlo-4,monte-carlo,Hard,Casper Ruud,Corentin Moutet,7-5 6-3,Round of 32 ,100,0,0,0,,0,0,0,R,183.0,NOR,30.8,0,0,0,R,180.0,FRA,30.5,,25.0,1735.0,30.0,1413.0
2026-monte-carlo-4,monte-carlo,Hard,Alexander Blockx,Flavio Cobolli,6-3 6-3,Round of 32 ,100,0,0,0,,0,0,0,R,191.0,BEL,24.5,0,0,0,R,183.0,ITA,27.4,,36.0,1200.0,12.0,2750.0
2026-monte-carlo-4,monte-carlo,Hard,Jiri Lehecka,Alejandro Tabilo,4-6 7-6 6-4,Round of 32 ,100,0,0,0,,0,0,0,R,185.0,CZE,27.9,0,0,0,R,188.0,CHI,32.4,,13.0,2715.0,35.0,1248.0
2026-monte-carlo-4,monte-carlo,Hard,Zizou Bergs,Andrey Rublev,6-4 6-1,Round of 32 ,100,0,0,0,,0,0,0,R,185.0,BEL,30.4,0,0,0,R,188.0,RUS,32.0,,39.0,1140.0,14.0,2590.0
2026-monte-carlo-4,monte-carlo,Hard,Tomas Machac,Francisco Cerundolo,7-6 6-2,Round of 32 ,100,0,0,0,,0,0,0,R,183.0,CZE,29.0,0,0,0,R,185.0,ARG,31.2,,41.0,1100.0,27.0,1620.0
2026-monte-carlo-4,monte-carlo,Hard,Tomas Martin Etcheverry,Terence Atmane,3-6 6-3 6-2,Round of 32 ,100,0,0,0,,0,0,0,R,196.0,ARG,30.3,0,0,0,R,193.0,FRA,27.7,,26.0,1660.0,51.0,958.0
2026-monte-carlo-4,monte-carlo,Hard,Joao Fonseca,Arthur Rinderknech,7-5 4-6 6-3,Round of 32 ,100,0,0,0,,0,0,0,R,185.0,BRA,23.3,0,0,0,R,196.0,FRA,34.2,,29.0,1435.0,24.0,1736.0
2026-monte-carlo-4,monte-carlo,Hard,Hubert Hurkacz,Fabian Marozsan,6-2 6-3,Round of 32 ,100,0,0,0,,0,0,0,R,196.0,POL,32.7,0,0,0,R,193.0,HUN,30.0,,53.0,930.0,49.0,975.0
2026-monte-carlo-4,monte-carlo,Hard,Carlos Alcaraz,Sebastian Baez,6-1 6-3,Round of 32 ,100,0,0,0,,0,0,0,R,183.0,ESP,26.5,0,0,0,R,170.0,ARG,28.8,,2.0,12960.0,65.0,840.0
2026-monte-carlo-4,monte-carlo,Hard,Jannik Sinner,Ugo Humbert,6-3 6-0,Round of 32 ,100,0,0,0,,0,0,0,R,191.0,ITA,28.2,0,0,0,R,188.0,FRA,31.3,,1.0,14350.0,33.0,1280.0
2026-monte-carlo-4,monte-carlo,Hard,Alex de Minaur,Cameron Norrie,7-6 2-5 6-6,Round of 32 ,100,0,0,0,,0,0,0,R,185.0,UNK,25.5,0,0,0,R,188.0,GBR,34.2,,150.0,0.0,19.0,1918.0
2026-monte-carlo-4,monte-carlo,Hard,Alexander Bublik,Gael Monfils,6-4 6-4,Round of 32 ,100,0,0,0,,0,0,0,R,196.0,KAZ,32.3,0,0,0,R,193.0,FRA,43.1,,11.0,3355.0,222.0,260.0
2026-monte-carlo-4,monte-carlo,Hard,Casper Ruud,Alexei Popyrin,6-3 6-4,Round of 64 ,100,0,0,0,,0,0,0,R,183.0,NOR,30.8,0,0,0,R,196.0,AUS,30.2,,25.0,1735.0,60.0,870.0
2026-monte-carlo-4,monte-carlo,Hard,Hubert Hurkacz,Luciano Darderi,7-6 5-4 6-7,Round of 64 ,100,0,0,0,,0,0,0,R,196.0,POL,32.7,0,0,0,R,183.0,ITA,27.7,,53.0,930.0,20.0,1890.0
2026-monte-carlo-4,monte-carlo,Hard,Terence Atmane,Ethan Quinn,6-1 6-4,Round of 64 ,100,0,0,0,,0,0,0,R,193.0,FRA,27.7,0,0,0,R,191.0,USA,25.3,,51.0,958.0,48.0,977.0
2026-monte-carlo-4,monte-carlo,Hard,Matteo Berrettini,Roberto Bautista Agut,4-0,Round of 64 ,100,0,0,0,,0,0,0,R,196.0,ITA,33.6,0,0,0,R,183.0,ESP,41.5,,100.0,625.0,98.0,629.0
2026-monte-carlo-4,monte-carlo,Hard,Marin Cilic,Alexander Shevchenko,6-1 6-3,Round of 64 ,100,0,0,0,,0,0,0,R,198.0,CRO,41.1,0,0,0,R,185.0,KAZ,28.9,,47.0,980.0,92.0,0.0
2026-monte-carlo-4,monte-carlo,Hard,Tomas Martin Etcheverry,Grigor Dimitrov,6-4 2-6 6-3,Round of 64 ,100,0,0,0,,0,0,0,R,196.0,ARG,30.3,0,0,0,R,191.0,BUL,38.4,,26.0,1660.0,170.0,365.0
2026-monte-carlo-4,monte-carlo,Hard,Fabian Marozsan,Damir Dzumhur,6-2 6-1,Round of 64 ,100,0,0,0,,0,0,0,R,193.0,HUN,30.0,0,0,0,R,175.0,BIH,37.4,,49.0,975.0,87.0,674.0
2026-monte-carlo-4,monte-carlo,Hard,Corentin Moutet,Alexandre Muller,6-4 6-1,Round of 64 ,100,0,0,0,,0,0,0,R,180.0,FRA,30.5,0,0,0,R,183.0,FRA,32.7,,30.0,1413.0,105.0,601.0
2026-monte-carlo-4,monte-carlo,Hard,Flavio Cobolli,Francisco Comesana,7-5 2-6 6-3,Round of 64 ,100,0,0,0,,0,0,0,R,183.0,ITA,27.4,0,0,0,R,178.0,ARG,28.8,,12.0,2750.0,114.0,570.0
2026-monte-carlo-4,monte-carlo,Hard,Jiri Lehecka,Emilio Nava,7-6 6-1 8-7 6-2,Round of 64 ,100,0,0,0,,0,0,0,R,185.0,CZE,27.9,0,0,0,R,185.0,USA,27.6,,13.0,2715.0,108.0,594.0
2026-monte-carlo-4,monte-carlo,Hard,Arthur Rinderknech,Karen Khachanov,7-5 6-2,Round of 64 ,100,0,0,0,,0,0,0,R,196.0,FRA,34.2,0,0,0,R,198.0,RUS,33.4,,24.0,1736.0,15.0,2220.0
2026-monte-carlo-4,monte-carlo,Hard,Andrey Rublev,Nuno Borges,6-4 1-6 6-1,Round of 64 ,100,0,0,0,,0,0,0,R,188.0,RUS,32.0,0,0,0,R,185.0,POR,32.7,,14.0,2590.0,52.0,950.0
2026-monte-carlo-4,monte-carlo,Hard,Francisco Cerundolo,Stefanos Tsitsipas,7-5 6-4,Round of 64 ,100,0,0,0,,0,0,0,R,185.0,ARG,31.2,0,0,0,R,193.0,GRE,31.2,,27.0,1620.0,75.0,765.0
2026-monte-carlo-4,monte-carlo,Hard,Sebastian Baez,Stan Wawrinka,7-5 7-5,Round of 64 ,100,0,0,0,,0,0,0,R,170.0,ARG,28.8,0,0,0,R,183.0,SUI,44.6,,65.0,840.0,125.0,518.0
2026-monte-carlo-4,monte-carlo,Hard,Zizou Bergs,Adrian Mannarino,6-4 6-3,Round of 64 ,100,0,0,0,,0,0,0,R,185.0,BEL,30.4,0,0,0,R,180.0,FRA,41.3,,39.0,1140.0,45.0,1035.0
2026-monte-carlo-4,monte-carlo,Hard,Alexander Blockx,Denis Shapovalov,6-4 4-6 6-3,Round of 64 ,100,0,0,0,,0,0,0,R,191.0,BEL,24.5,0,0,0,R,185.0,CAN,30.5,,36.0,1200.0,37.0,1170.0
2026-monte-carlo-4,monte-carlo,Hard,Joao Fonseca,Gabriel Diallo,6-2 6-3,Round of 64 ,100,0,0,0,,0,0,0,R,185.0,BRA,23.3,0,0,0,R,203.0,CAN,28.1,,29.0,1435.0,46.0,1000.0
2026-monte-carlo-4,monte-carlo,Hard,Cristian Garin,Matteo Arnaldi,6-2 6-4,Round of 64 ,100,0,0,0,,0,0,0,R,185.0,CHI,33.2,0,0,0,R,185.0,ITA,28.6,,104.0,602.0,106.0,596.0
2026-monte-carlo-4,monte-carlo,Hard,Tomas Machac,Daniel Altmaier,6-4 1-6 6-3,Round of 64 ,100,0,0,0,,0,0,0,R,183.0,CZE,29.0,0,0,0,R,188.0,GER,31.1,,41.0,1100.0,64.0,860.0
2026-monte-carlo-4,monte-carlo,Hard,Valentin Vacherot,Juan Manuel Cerundolo,5-7 6-2 6-1,Round of 64 ,100,0,0,0,,0,0,0,R,193.0,MON,30.5,0,0,0,R,183.0,ARG,27.2,,16.0,2147.0,72.0,776.0
2026-monte-carlo-4,monte-carlo,Hard,Ugo Humbert,Moise Kouame,6-3 7-5,Round of 64 ,100,0,0,0,,0,0,0,R,188.0,FRA,31.3,0,0,0,R,185.0,UNK,25.5,,33.0,1280.0,313.0,165.0
2026-monte-carlo-4,monte-carlo,Hard,Gael Monfils,Tallon Griekspoor,6-7 7-1 6-4,Round of 64 ,100,0,0,0,,0,0,0,R,193.0,FRA,43.1,0,0,0,R,188.0,NED,33.3,,222.0,260.0,31.0,1360.0
2026-monte-carlo-4,monte-carlo,Hard,Cameron Norrie,Miomir Kecmanovic,6-2 4-6 7-6,Round of 64 ,100,0,0,0,,0,0,0,R,188.0,GBR,34.2,0,0,0,R,183.0,SRB,30.1,,19.0,1918.0,70.0,795.0
2026-monte-carlo-4,monte-carlo,Hard,Alejandro Tabilo,Marton Fucsovics,6-4 6-3,Round of 64 ,100,0,0,0,,0,0,0,R,188.0,CHI,32.4,0,0,0,R,188.0,HUN,37.7,,35.0,1248.0,57.0,884.0
2026-monte-carlo-4,monte-carlo,Hard,Francisco Comesana,Ethan Quinn,7-5 6-2,2nd Round Qualifying ,100,0,0,0,,0,0,0,R,178.0,ARG,28.8,0,0,0,R,191.0,USA,25.3,,114.0,570.0,48.0,977.0
2026-monte-carlo-4,monte-carlo,Hard,Juan Manuel Cerundolo,Pedro Martinez,6-2 2-6 6-3,2nd Round Qualifying ,100,0,0,0,,0,0,0,R,183.0,ARG,27.2,0,0,0,R,185.0,ESP,32.5,,72.0,776.0,136.0,461.0
2026-monte-carlo-4,monte-carlo,Hard,Alexander Blockx,Damir Dzumhur,7-6 6-8,2nd Round Qualifying ,100,0,0,0,,0,0,0,R,191.0,BEL,24.5,0,0,0,R,175.0,BIH,37.4,,36.0,1200.0,87.0,674.0
2026-monte-carlo-4,monte-carlo,Hard,Alexander Shevchenko,Roberto Bautista Agut,7-6 7-3,2nd Round Qualifying ,100,0,0,0,,0,0,0,R,185.0,KAZ,28.9,0,0,0,R,183.0,ESP,41.5,,92.0,0.0,98.0,629.0
2026-monte-carlo-4,monte-carlo,Hard,Alexandre Muller,Matteo Arnaldi,6-1 6-7 4-4,2nd Round Qualifying ,100,0,0,0,,0,0,0,R,183.0,FRA,32.7,0,0,0,R,185.0,ITA,28.6,,105.0,601.0,106.0,596.0
2026-monte-carlo-4,monte-carlo,Hard,Cristian Garin,Nikoloz Basilashvili,7-5 6-0,2nd Round Qualifying ,100,0,0,0,,0,0,0,R,185.0,CHI,33.2,0,0,0,R,185.0,GEO,36.0,,104.0,602.0,117.0,539.0
2026-monte-carlo-4,monte-carlo,Hard,Emilio Nava,David Goffin,6-3 6-7 6-6 7-2,2nd Round Qualifying ,100,0,0,0,,0,0,0,R,185.0,USA,27.6,0,0,0,R,180.0,BEL,37.3,,108.0,594.0,249.0,225.0
2026-monte-carlo-4,monte-carlo,Hard,Ethan Quinn,Otto Virtanen,3-6 6-2 6-3,1st Round Qualifying ,100,0,0,0,,0,0,0,R,191.0,USA,25.3,0,0,0,R,193.0,FIN,28.3,,48.0,977.0,127.0,512.0
2026-monte-carlo-4,monte-carlo,Hard,David Goffin,Ignacio Buse,2-6 6-3 6-3,1st Round Qualifying ,100,0,0,0,,0,0,0,R,180.0,BEL,37.3,0,0,0,R,185.0,PER,25.4,,249.0,225.0,62.0,863.0
2026-monte-carlo-4,monte-carlo,Hard,Juan Manuel Cerundolo,Hugo Nys,6-3 6-3,1st Round Qualifying ,100,0,0,0,,0,0,0,R,183.0,ARG,27.2,0,0,0,R,185.0,MON,37.0,,72.0,776.0,1117.0,0.0
2026-monte-carlo-4,monte-carlo,Hard,Matteo Arnaldi,Vit Kopriva,2-6 6-3 6-2,1st Round Qualifying ,100,0,0,0,,0,0,0,R,185.0,ITA,28.6,0,0,0,R,178.0,CZE,32.1,,106.0,596.0,55.0,896.0
2026-monte-carlo-4,monte-carlo,Hard,Damir Dzumhur,Nicolai Budkov Kjaer,7-6 7-4,1st Round Qualifying ,100,0,0,0,,0,0,0,R,175.0,BIH,37.4,0,0,0,R,188.0,NOR,23.0,,87.0,674.0,124.0,519.0
2026-monte-carlo-4,monte-carlo,Hard,Nikoloz Basilashvili,Jan-Lennard Struff,6-3 6-3,1st Round Qualifying ,100,0,0,0,,0,0,0,R,185.0,GEO,36.0,0,0,0,R,185.0,UNK,25.5,,117.0,539.0,150.0,0.0
2026-monte-carlo-4,monte-carlo,Hard,Alexander Shevchenko,Andrea Pellegrino,6-0,1st Round Qualifying ,100,0,0,0,,0,0,0,R,185.0,KAZ,28.9,0,0,0,R,185.0,ITA,32.3,,92.0,0.0,155.0,393.0
2026-monte-carlo-4,monte-carlo,Hard,Roberto Bautista Agut,Benjamin Bonzi,6-4 6-3,1st Round Qualifying ,100,0,0,0,,0,0,0,R,183.0,ESP,41.5,0,0,0,R,183.0,FRA,33.4,,98.0,629.0,101.0,616.0
2026-monte-carlo-4,monte-carlo,Hard,Pedro Martinez,Aleksandar Vukic,6-2 6-4,1st Round Qualifying ,100,0,0,0,,0,0,0,R,185.0,ESP,32.5,0,0,0,R,188.0,AUS,33.5,,136.0,461.0,99.0,626.0
2026-monte-carlo-4,monte-carlo,Hard,Francisco Comesana,Romain Arneodo,6-2 6-1,1st Round Qualifying ,100,0,0,0,,0,0,0,R,178.0,ARG,28.8,0,0,0,R,175.0,MON,35.5,,114.0,570.0,954.0,0.0
2026-monte-carlo-4,monte-carlo,Hard,Emilio Nava,Quentin Halys,6-4 6-4,1st Round Qualifying ,100,0,0,0,,0,0,0,R,185.0,USA,27.6,0,0,0,R,191.0,FRA,33.0,,108.0,594.0,93.0,653.0
2026-monte-carlo-4,monte-carlo,Hard,Alexander Blockx,Francesco Maestrelli,7-6 6-3,1st Round Qualifying ,100,0,0,0,,0,0,0,R,191.0,BEL,24.5,0,0,0,R,196.0,ITA,24.8,,36.0,1200.0,112.0,575.0
2026-monte-carlo-4,monte-carlo,Hard,Alexandre Muller,Jan Choinski,7-6 6-1,1st Round Qualifying ,100,0,0,0,,0,0,0,R,183.0,FRA,32.7,0,0,0,R,196.0,GBR,33.2,,105.0,601.0,122.0,526.0
2026-monte-carlo-4,monte-carlo,Hard,Cristian Garin,Jesper de Jong,7-5 1-6 6-1,1st Round Qualifying ,100,0,0,0,,0,0,0,R,185.0,CHI,33.2,0,0,0,R,185.0,UNK,25.5,,104.0,602.0,150.0,0.0
2026-barcelona-5,barcelona,Clay,Arthur Fils,Andrey Rublev,6-2 7-6,Final ,100,0,0,0,,0,0,0,R,185.0,FRA,25.5,0,0,0,R,188.0,RUS,32.0,,17.0,2130.0,14.0,2590.0
2026-barcelona-5,barcelona,Clay,Andrey Rublev,Hamad Medjedovic,3-6 6-2 6-2,Semifinals ,100,0,0,0,,0,0,0,R,188.0,RUS,32.0,0,0,0,R,188.0,SRB,26.3,,14.0,2590.0,67.0,804.0
2026-barcelona-5,barcelona,Clay,Arthur Fils,Rafael Jodar,3-6 6-3 6-2,Semifinals ,100,0,0,0,,0,0,0,R,185.0,FRA,25.5,0,0,0,R,185.0,UNK,25.5,,17.0,2130.0,34.0,1273.0
2026-barcelona-5,barcelona,Clay,Arthur Fils,Lorenzo Musetti,6-3 6-4,Quarterfinals ,100,0,0,0,,0,0,0,R,185.0,FRA,25.5,0,0,0,R,185.0,ITA,27.7,,17.0,2130.0,10.0,3415.0
2026-barcelona-5,barcelona,Clay,Andrey Rublev,Tomas Machac,6-4 6-3,Quarterfinals ,100,0,0,0,,0,0,0,R,188.0,RUS,32.0,0,0,0,R,183.0,CZE,29.0,,14.0,2590.0,41.0,1100.0
2026-barcelona-5,barcelona,Clay,Rafael Jodar,Cameron Norrie,6-3 6-2,Quarterfinals ,100,0,0,0,,0,0,0,R,185.0,UNK,25.5,0,0,0,R,188.0,GBR,34.2,,34.0,1273.0,19.0,1918.0
2026-barcelona-5,barcelona,Clay,Hamad Medjedovic,Nuno Borges,7-6 6-6,Quarterfinals ,100,0,0,0,,0,0,0,R,188.0,SRB,26.3,0,0,0,R,185.0,POR,32.7,,67.0,804.0,52.0,950.0
2026-barcelona-5,barcelona,Clay,Lorenzo Musetti,Corentin Moutet,6-3 6-4,Round of 16 ,100,0,0,0,,0,0,0,R,185.0,ITA,27.7,0,0,0,R,180.0,FRA,30.5,,10.0,3415.0,30.0,1413.0
2026-barcelona-5,barcelona,Clay,Andrey Rublev,Lorenzo Sonego,6-2 6-3,Round of 16 ,100,0,0,0,,0,0,0,R,188.0,RUS,32.0,0,0,0,R,191.0,ITA,34.4,,14.0,2590.0,66.0,830.0
2026-barcelona-5,barcelona,Clay,Arthur Fils,Brandon Nakashima,6-2 6-3,Round of 16 ,100,0,0,0,,0,0,0,R,185.0,FRA,25.5,0,0,0,R,188.0,USA,28.2,,17.0,2130.0,32.0,1295.0
2026-barcelona-5,barcelona,Clay,Hamad Medjedovic,Alex de Minaur,6-3 6-4,Round of 16 ,100,0,0,0,,0,0,0,R,188.0,SRB,26.3,0,0,0,R,185.0,UNK,25.5,,67.0,804.0,150.0,0.0
2026-barcelona-5,barcelona,Clay,Cameron Norrie,Ethan Quinn,6-3 4-6 6-4,Round of 16 ,100,0,0,0,,0,0,0,R,188.0,GBR,34.2,0,0,0,R,191.0,USA,25.3,,19.0,1918.0,48.0,977.0
2026-barcelona-5,barcelona,Clay,Nuno Borges,Tomas Martin Etcheverry,6-3 7-6,Round of 16 ,100,0,0,0,,0,0,0,R,185.0,POR,32.7,0,0,0,R,196.0,ARG,30.3,,52.0,950.0,26.0,1660.0
2026-barcelona-5,barcelona,Clay,Rafael Jodar,Camilo Ugo Carabelli,6-3 6-3,Round of 16 ,100,0,0,0,,0,0,0,R,185.0,UNK,25.5,0,0,0,R,185.0,ARG,30.1,,34.0,1273.0,61.0,865.0
2026-barcelona-5,barcelona,Clay,Tomas Machac,Carlos Alcaraz,,Round of 16 ,100,0,0,0,,0,0,0,R,183.0,CZE,29.0,0,0,0,R,183.0,ESP,26.5,,41.0,1100.0,2.0,12960.0
2026-barcelona-5,barcelona,Clay,Carlos Alcaraz,Otto Virtanen,6-4 6-2,Round of 32 ,100,0,0,0,,0,0,0,R,183.0,ESP,26.5,0,0,0,R,193.0,FIN,28.3,,2.0,12960.0,127.0,512.0
2026-barcelona-5,barcelona,Clay,Lorenzo Musetti,Martin Landaluce,7-5 6-2,Round of 32 ,100,0,0,0,,0,0,0,R,185.0,ITA,27.7,0,0,0,R,191.0,ESP,23.2,,10.0,3415.0,94.0,639.0
2026-barcelona-5,barcelona,Clay,Alex de Minaur,Sebastian Ofner,7-6 6-7,Round of 32 ,100,0,0,0,,0,0,0,R,185.0,UNK,25.5,0,0,0,R,191.0,AUT,33.2,,150.0,0.0,82.0,711.0
2026-barcelona-5,barcelona,Clay,Camilo Ugo Carabelli,Karen Khachanov,6-3 6-4,Round of 32 ,100,0,0,0,,0,0,0,R,185.0,ARG,30.1,0,0,0,R,198.0,RUS,33.4,,61.0,865.0,15.0,2220.0
2026-barcelona-5,barcelona,Clay,Andrey Rublev,Mariano Navone,6-4 7-5,Round of 32 ,100,0,0,0,,0,0,0,R,188.0,RUS,32.0,0,0,0,R,178.0,ARG,28.6,,14.0,2590.0,44.0,1046.0
2026-barcelona-5,barcelona,Clay,Arthur Fils,Terence Atmane,4-6 6-4 7-6,Round of 32 ,100,0,0,0,,0,0,0,R,185.0,FRA,25.5,0,0,0,R,193.0,FRA,27.7,,17.0,2130.0,51.0,958.0
2026-barcelona-5,barcelona,Clay,Tomas Machac,Sebastian Baez,2-6 6-4 6-1,Round of 32 ,100,0,0,0,,0,0,0,R,183.0,CZE,29.0,0,0,0,R,170.0,ARG,28.8,,41.0,1100.0,65.0,840.0
2026-barcelona-5,barcelona,Clay,Brandon Nakashima,Juan Manuel Cerundolo,6-3 7-5,Round of 32 ,100,0,0,0,,0,0,0,R,188.0,USA,28.2,0,0,0,R,183.0,ARG,27.2,,32.0,1295.0,72.0,776.0
2026-barcelona-5,barcelona,Clay,Lorenzo Sonego,Pedro Martinez,6-2 2-6 6-4,Round of 32 ,100,0,0,0,,0,0,0,R,191.0,ITA,34.4,0,0,0,R,185.0,ESP,32.5,,66.0,830.0,136.0,461.0
2026-barcelona-5,barcelona,Clay,Cameron Norrie,Stan Wawrinka,6-4 6-7 5-4,Round of 32 ,100,0,0,0,,0,0,0,R,188.0,GBR,34.2,0,0,0,R,183.0,SUI,44.6,,19.0,1918.0,125.0,518.0
2026-barcelona-5,barcelona,Clay,Tomas Martin Etcheverry,Jack Draper,3-6 6-3 4-1,Round of 32 ,100,0,0,0,,0,0,0,R,196.0,ARG,30.3,0,0,0,R,193.0,GBR,27.8,,26.0,1660.0,50.0,960.0
2026-barcelona-5,barcelona,Clay,Nuno Borges,Adrian Mannarino,6-3 6-4,Round of 32 ,100,0,0,0,,0,0,0,R,185.0,POR,32.7,0,0,0,R,180.0,FRA,41.3,,52.0,950.0,45.0,1035.0
2026-barcelona-5,barcelona,Clay,Rafael Jodar,Jaume Munar,6-1 6-2,Round of 32 ,100,0,0,0,,0,0,0,R,185.0,UNK,25.5,0,0,0,R,183.0,ESP,32.4,,34.0,1273.0,38.0,1155.0
2026-barcelona-5,barcelona,Clay,Hamad Medjedovic,Marco Trungelliti,7-5 6-4,Round of 32 ,100,0,0,0,,0,0,0,R,188.0,SRB,26.3,0,0,0,R,178.0,ARG,39.6,,67.0,804.0,78.0,743.0
2026-barcelona-5,barcelona,Clay,Corentin Moutet,Ignacio Buse,6-4 6-4,Round of 32 ,100,0,0,0,,0,0,0,R,180.0,FRA,30.5,0,0,0,R,185.0,PER,25.4,,30.0,1413.0,62.0,863.0
2026-barcelona-5,barcelona,Clay,Ethan Quinn,Reilly Opelka,7-5 7-6,Round of 32 ,100,0,0,0,,0,0,0,R,191.0,USA,25.3,0,0,0,R,211.0,USA,32.0,,48.0,977.0,74.0,768.0
2026-barcelona-5,barcelona,Clay,Ethan Quinn,Daniel Merida,6-3 6-1,2nd Round Qualifying ,100,0,0,0,,0,0,0,R,191.0,USA,25.3,0,0,0,R,185.0,UNK,25.5,,48.0,977.0,86.0,696.0
2026-barcelona-5,barcelona,Clay,Juan Manuel Cerundolo,Jesper de Jong,6-4 6-4,2nd Round Qualifying ,100,0,0,0,,0,0,0,R,183.0,ARG,27.2,0,0,0,R,185.0,UNK,25.5,,72.0,776.0,150.0,0.0
2026-barcelona-5,barcelona,Clay,Pedro Martinez,Marco Trungelliti,5-7 7-6 6-5,2nd Round Qualifying ,100,0,0,0,,0,0,0,R,185.0,ESP,32.5,0,0,0,R,178.0,ARG,39.6,,136.0,461.0,78.0,743.0
2026-barcelona-5,barcelona,Clay,Sebastian Ofner,Patrick Kypson,6-4 6-4,2nd Round Qualifying ,100,0,0,0,,0,0,0,R,191.0,AUT,33.2,0,0,0,R,188.0,USA,29.4,,82.0,711.0,89.0,669.0
2026-barcelona-5,barcelona,Clay,Hamad Medjedovic,Quentin Halys,6-2 3-6 7-6,2nd Round Qualifying ,100,0,0,0,,0,0,0,R,188.0,SRB,26.3,0,0,0,R,191.0,FRA,33.0,,67.0,804.0,93.0,653.0
2026-barcelona-5,barcelona,Clay,Otto Virtanen,Alexandre Muller,6-4 6-4,2nd Round Qualifying ,100,0,0,0,,0,0,0,R,193.0,FIN,28.3,0,0,0,R,183.0,FRA,32.7,,127.0,512.0,105.0,601.0
2026-barcelona-5,barcelona,Clay,Ethan Quinn,Nikoloz Basilashvili,2-6 7-6 6-9,1st Round Qualifying ,100,0,0,0,,0,0,0,R,191.0,USA,25.3,0,0,0,R,185.0,GEO,36.0,,48.0,977.0,117.0,539.0
2026-barcelona-5,barcelona,Clay,Juan Manuel Cerundolo,Giulio Zeppieri,6-1 7-5,1st Round Qualifying ,100,0,0,0,,0,0,0,R,183.0,ARG,27.2,0,0,0,R,183.0,ITA,27.4,,72.0,776.0,164.0,372.0
2026-barcelona-5,barcelona,Clay,Marco Trungelliti,Nicolai Budkov Kjaer,6-4 4-6 6-4,1st Round Qualifying ,100,0,0,0,,0,0,0,R,178.0,ARG,39.6,0,0,0,R,188.0,NOR,23.0,,78.0,743.0,124.0,519.0
2026-barcelona-5,barcelona,Clay,Sebastian Ofner,Alejo Sanchez Quilez,6-4 6-4,1st Round Qualifying ,100,0,0,0,,0,0,0,R,191.0,AUT,33.2,0,0,0,R,185.0,UNK,24.0,,82.0,711.0,150.0,0.0
2026-barcelona-5,barcelona,Clay,Hamad Medjedovic,Vilius Gaubas,7-6 6-13,1st Round Qualifying ,100,0,0,0,,0,0,0,R,188.0,SRB,26.3,0,0,0,R,178.0,LTU,24.6,,67.0,804.0,121.0,527.0
2026-barcelona-5,barcelona,Clay,Otto Virtanen,Aleksandar Vukic,6-3 6-7 7-4,1st Round Qualifying ,100,0,0,0,,0,0,0,R,193.0,FIN,28.3,0,0,0,R,188.0,AUS,33.5,,127.0,512.0,99.0,626.0
2026-barcelona-5,barcelona,Clay,Alexandre Muller,Max Alcala Gurri,6-2 6-2,1st Round Qualifying ,100,0,0,0,,0,0,0,R,183.0,FRA,32.7,0,0,0,R,185.0,UNK,28.5,,105.0,601.0,387.0,125.0
2026-barcelona-5,barcelona,Clay,Quentin Halys,Matteo Arnaldi,6-1 6-7 1-6 7-2,1st Round Qualifying ,100,0,0,0,,0,0,0,R,191.0,FRA,33.0,0,0,0,R,185.0,ITA,28.6,,93.0,653.0,106.0,596.0
2026-barcelona-5,barcelona,Clay,Pedro Martinez,Pablo Carreno Busta,6-3 4-3,1st Round Qualifying ,100,0,0,0,,0,0,0,R,185.0,ESP,32.5,0,0,0,R,188.0,ESP,38.2,,136.0,461.0,91.0,663.0
2026-barcelona-5,barcelona,Clay,Patrick Kypson,Arthur Gea,6-1 6-4,1st Round Qualifying ,100,0,0,0,,0,0,0,R,188.0,USA,29.4,0,0,0,R,185.0,UNK,25.5,,89.0,669.0,143.0,436.0
2026-barcelona-5,barcelona,Clay,Daniel Merida,Francesco Maestrelli,7-5 6-4,1st Round Qualifying ,100,0,0,0,,0,0,0,R,185.0,UNK,25.5,0,0,0,R,196.0,ITA,24.8,,86.0,696.0,112.0,575.0
2026-barcelona-5,barcelona,Clay,Jesper de Jong,Benjamin Bonzi,6-4 6-1,1st Round Qualifying ,100,0,0,0,,0,0,0,R,185.0,UNK,25.5,0,0,0,R,183.0,FRA,33.4,,150.0,0.0,101.0,616.0
2026-munich-6,munich,Clay,Ben Shelton,Flavio Cobolli,6-2 7-5,Final ,100,0,0,0,,0,0,0,R,193.0,USA,27.1,0,0,0,R,183.0,ITA,27.4,,6.0,4030.0,12.0,2750.0
2026-munich-6,munich,Clay,Flavio Cobolli,Alexander Zverev,6-3 6-3,Semifinals ,100,0,0,0,,0,0,0,R,183.0,ITA,27.4,0,0,0,R,198.0,GER,32.5,,12.0,2750.0,3.0,5805.0
2026-munich-6,munich,Clay,Ben Shelton,Alex Molcan,6-3 6-4,Semifinals ,100,0,0,0,,0,0,0,R,193.0,USA,27.1,0,0,0,R,178.0,SVK,31.2,,6.0,4030.0,113.0,571.0
2026-munich-6,munich,Clay,Alexander Zverev,Francisco Cerundolo,5-7 6-0 6-2,Quarterfinals ,100,0,0,0,,0,0,0,R,198.0,GER,32.5,0,0,0,R,185.0,ARG,31.2,,3.0,5805.0,27.0,1620.0
2026-munich-6,munich,Clay,Ben Shelton,Joao Fonseca,6-3 3-6 6-3,Quarterfinals ,100,0,0,0,,0,0,0,R,193.0,USA,27.1,0,0,0,R,185.0,BRA,23.3,,6.0,4030.0,29.0,1435.0
2026-munich-6,munich,Clay,Flavio Cobolli,Vit Kopriva,6-3 6-2,Quarterfinals ,100,0,0,0,,0,0,0,R,183.0,ITA,27.4,0,0,0,R,178.0,CZE,32.1,,12.0,2750.0,55.0,896.0
2026-munich-6,munich,Clay,Alex Molcan,Denis Shapovalov,6-4 6-4,Quarterfinals ,100,0,0,0,,0,0,0,R,178.0,SVK,31.2,0,0,0,R,185.0,CAN,30.5,,113.0,571.0,37.0,1170.0
2026-munich-6,munich,Clay,Alexander Zverev,Gabriel Diallo,6-1 6-2,Round of 16 ,100,0,0,0,,0,0,0,R,198.0,GER,32.5,0,0,0,R,203.0,CAN,28.1,,3.0,5805.0,46.0,1000.0
2026-munich-6,munich,Clay,Francisco Cerundolo,Botic van de Zandschulp,6-3 6-0,Round of 16 ,100,0,0,0,,0,0,0,R,185.0,ARG,31.2,0,0,0,R,185.0,UNK,25.5,,27.0,1620.0,150.0,0.0
2026-munich-6,munich,Clay,Alex Molcan,Daniel Altmaier,6-4 7-6,Round of 16 ,100,0,0,0,,0,0,0,R,178.0,SVK,31.2,0,0,0,R,188.0,GER,31.1,,113.0,571.0,64.0,860.0
2026-munich-6,munich,Clay,Denis Shapovalov,Fabian Marozsan,7-6 6-4,Round of 16 ,100,0,0,0,,0,0,0,R,185.0,CAN,30.5,0,0,0,R,193.0,HUN,30.0,,37.0,1170.0,49.0,975.0
2026-munich-6,munich,Clay,Ben Shelton,Alexander Blockx,6-4 7-6,Round of 16 ,100,0,0,0,,0,0,0,R,193.0,USA,27.1,0,0,0,R,191.0,BEL,24.5,,6.0,4030.0,36.0,1200.0
2026-munich-6,munich,Clay,Flavio Cobolli,Zizou Bergs,6-2 6-3,Round of 16 ,100,0,0,0,,0,0,0,R,183.0,ITA,27.4,0,0,0,R,185.0,BEL,30.4,,12.0,2750.0,39.0,1140.0
2026-munich-6,munich,Clay,Vit Kopriva,Luciano Darderi,2-6 6-4 6-1,Round of 16 ,100,0,0,0,,0,0,0,R,178.0,CZE,32.1,0,0,0,R,183.0,ITA,27.7,,55.0,896.0,20.0,1890.0
2026-munich-6,munich,Clay,Joao Fonseca,Arthur Rinderknech,6-3 6-2,Round of 16 ,100,0,0,0,,0,0,0,R,185.0,BRA,23.3,0,0,0,R,196.0,FRA,34.2,,29.0,1435.0,24.0,1736.0
2026-munich-6,munich,Clay,Alexander Zverev,Miomir Kecmanovic,6-3 3-6 7-6,Round of 32 ,100,0,0,0,,0,0,0,R,198.0,GER,32.5,0,0,0,R,183.0,SRB,30.1,,3.0,5805.0,70.0,795.0
2026-munich-6,munich,Clay,Alex Molcan,Alexander Bublik,6-4 6-2,Round of 32 ,100,0,0,0,,0,0,0,R,178.0,SVK,31.2,0,0,0,R,196.0,KAZ,32.3,,113.0,571.0,11.0,3355.0
2026-munich-6,munich,Clay,Flavio Cobolli,Diego Dedura,6-4 7-5,Round of 32 ,100,0,0,0,,0,0,0,R,183.0,ITA,27.4,0,0,0,R,185.0,UNK,28.5,,12.0,2750.0,283.0,185.0
2026-munich-6,munich,Clay,Luciano Darderi,Zhizhen Zhang,7-6 3-5 6-6,Round of 32 ,100,0,0,0,,0,0,0,R,183.0,ITA,27.7,0,0,0,R,193.0,CHN,33.0,,20.0,1890.0,239.0,240.0
2026-munich-6,munich,Clay,Denis Shapovalov,Tallon Griekspoor,6-4 3-6 6-2,Round of 32 ,100,0,0,0,,0,0,0,R,185.0,CAN,30.5,0,0,0,R,188.0,NED,33.3,,37.0,1170.0,31.0,1360.0
2026-munich-6,munich,Clay,Daniel Altmaier,Marin Cilic,6-2 6-3,Round of 32 ,100,0,0,0,,0,0,0,R,188.0,GER,31.1,0,0,0,R,198.0,CRO,41.1,,64.0,860.0,47.0,980.0
2026-munich-6,munich,Clay,Zizou Bergs,Marko Topo,6-1 6-4,Round of 32 ,100,0,0,0,,0,0,0,R,185.0,BEL,30.4,0,0,0,R,185.0,GER,24.0,,39.0,1140.0,251.0,218.0
2026-munich-6,munich,Clay,Joao Fonseca,Alejandro Tabilo,7-6 6-1,Round of 32 ,100,0,0,0,,0,0,0,R,185.0,BRA,23.3,0,0,0,R,188.0,CHI,32.4,,29.0,1435.0,35.0,1248.0
2026-munich-6,munich,Clay,Vit Kopriva,Justin Engel,6-3 5-7 6-2,Round of 32 ,100,0,0,0,,0,0,0,R,178.0,CZE,32.1,0,0,0,R,185.0,UNK,25.5,,55.0,896.0,185.0,323.0
2026-munich-6,munich,Clay,Fabian Marozsan,Stefanos Tsitsipas,3-6 7-6 6-5,Round of 32 ,100,0,0,0,,0,0,0,R,193.0,HUN,30.0,0,0,0,R,193.0,GRE,31.2,,49.0,975.0,75.0,765.0
2026-munich-6,munich,Clay,Ben Shelton,Emilio Nava,7-6 3-4 6-6,Round of 32 ,100,0,0,0,,0,0,0,R,193.0,USA,27.1,0,0,0,R,185.0,USA,27.6,,6.0,4030.0,108.0,594.0
2026-munich-6,munich,Clay,Francisco Cerundolo,Sumit Nagal,6-2 6-2,Round of 32 ,100,0,0,0,,0,0,0,R,185.0,ARG,31.2,0,0,0,R,178.0,IND,32.2,,27.0,1620.0,276.0,190.0
2026-munich-6,munich,Clay,Arthur Rinderknech,Alex Michelsen,6-3 6-3,Round of 32 ,100,0,0,0,,0,0,0,R,196.0,FRA,34.2,0,0,0,R,193.0,USA,25.3,,24.0,1736.0,42.0,1090.0
2026-munich-6,munich,Clay,Alexander Blockx,Yannick Hanfmann,7-6 6-2,Round of 32 ,100,0,0,0,,0,0,0,R,191.0,BEL,24.5,0,0,0,R,193.0,GER,37.8,,36.0,1200.0,59.0,879.0
2026-munich-6,munich,Clay,Gabriel Diallo,Vitaliy Sachko,6-1 6-2,Round of 32 ,100,0,0,0,,0,0,0,R,203.0,CAN,28.1,0,0,0,R,188.0,UKR,32.1,,46.0,1000.0,193.0,305.0
2026-munich-6,munich,Clay,Botic van de Zandschulp,Marc-Andrea Huesler,7-6 6-7,Round of 32 ,100,0,0,0,,0,0,0,R,185.0,UNK,25.5,0,0,0,R,185.0,UNK,28.5,,150.0,0.0,500.0,0.0
2026-munich-6,munich,Clay,Alex Molcan,Emilio Nava,6-1 7-6,2nd Round Qualifying ,100,0,0,0,,0,0,0,R,178.0,SVK,31.2,0,0,0,R,185.0,USA,27.6,,113.0,571.0,108.0,594.0
2026-munich-6,munich,Clay,Diego Dedura,Sumit Nagal,6-7 8-3 6-3,2nd Round Qualifying ,100,0,0,0,,0,0,0,R,185.0,UNK,28.5,0,0,0,R,178.0,IND,32.2,,283.0,185.0,276.0,190.0
2026-munich-6,munich,Clay,Marc-Andrea Huesler,Marko Topo,6-0 6-1,2nd Round Qualifying ,100,0,0,0,,0,0,0,R,185.0,UNK,28.5,0,0,0,R,185.0,GER,24.0,,500.0,0.0,251.0,218.0
2026-munich-6,munich,Clay,Vitaliy Sachko,Max Hans Rehberg,6-2 7-6,2nd Round Qualifying ,100,0,0,0,,0,0,0,R,188.0,UKR,32.1,0,0,0,R,183.0,GER,24.0,,193.0,305.0,500.0,0.0
2026-munich-6,munich,Clay,Diego Dedura,Alexander Shevchenko,6-3 7-6,1st Round Qualifying ,100,0,0,0,,0,0,0,R,185.0,UNK,28.5,0,0,0,R,185.0,KAZ,28.9,,283.0,185.0,92.0,0.0
2026-munich-6,munich,Clay,Vitaliy Sachko,Damir Dzumhur,7-5 6-4,1st Round Qualifying ,100,0,0,0,,0,0,0,R,188.0,UKR,32.1,0,0,0,R,175.0,BIH,37.4,,193.0,305.0,87.0,674.0
2026-munich-6,munich,Clay,Emilio Nava,David Goffin,6-4 6-2,1st Round Qualifying ,100,0,0,0,,0,0,0,R,185.0,USA,27.6,0,0,0,R,180.0,BEL,37.3,,108.0,594.0,249.0,225.0
2026-munich-6,munich,Clay,Marc-Andrea Huesler,Jan Choinski,6-4 4-6 6-4,1st Round Qualifying ,100,0,0,0,,0,0,0,R,185.0,UNK,28.5,0,0,0,R,196.0,GBR,33.2,,500.0,0.0,122.0,526.0
2026-munich-6,munich,Clay,Marko Topo,Ugo Blanchet,6-3 6-4,1st Round Qualifying ,100,0,0,0,,0,0,0,R,185.0,GER,24.0,0,0,0,R,175.0,FRA,30.5,,251.0,218.0,162.0,373.0
2026-munich-6,munich,Clay,Alex Molcan,Roberto Carballes Baena,0-6 6-3 6-4,1st Round Qualifying ,100,0,0,0,,0,0,0,R,178.0,SVK,31.2,0,0,0,R,183.0,ESP,36.6,,113.0,571.0,199.0,292.0
2026-munich-6,munich,Clay,Max Hans Rehberg,Arthur Fery,6-2 7-6,1st Round Qualifying ,100,0,0,0,,0,0,0,R,183.0,GER,24.0,0,0,0,R,175.0,GBR,26.9,,500.0,0.0,157.0,383.0
2026-munich-6,munich,Clay,Sumit Nagal,Lorenzo Giustino,1-6 6-3,1st Round Qualifying ,100,0,0,0,,0,0,0,R,178.0,IND,32.2,0,0,0,R,180.0,ITA,36.6,,276.0,190.0,205.0,283.0
2026-madrid-7,madrid,Clay,Jannik Sinner,Alexander Zverev,6-1 6-2,Final ,100,0,0,0,,0,0,0,R,191.0,ITA,28.2,0,0,0,R,198.0,GER,32.5,,1.0,14350.0,3.0,5805.0
2026-madrid-7,madrid,Clay,Jannik Sinner,Arthur Fils,6-2 6-4,Semifinals ,100,0,0,0,,0,0,0,R,191.0,ITA,28.2,0,0,0,R,185.0,FRA,25.5,,1.0,14350.0,17.0,2130.0
2026-madrid-7,madrid,Clay,Alexander Zverev,Alexander Blockx,6-2 7-5,Semifinals ,100,0,0,0,,0,0,0,R,198.0,GER,32.5,0,0,0,R,191.0,BEL,24.5,,3.0,5805.0,36.0,1200.0
2026-madrid-7,madrid,Clay,Alexander Zverev,Flavio Cobolli,6-1 6-4,Quarterfinals ,100,0,0,0,,0,0,0,R,198.0,GER,32.5,0,0,0,R,183.0,ITA,27.4,,3.0,5805.0,12.0,2750.0
2026-madrid-7,madrid,Clay,Alexander Blockx,Casper Ruud,6-4 6-4,Quarterfinals ,100,0,0,0,,0,0,0,R,191.0,BEL,24.5,0,0,0,R,183.0,NOR,30.8,,36.0,1200.0,25.0,1735.0
2026-madrid-7,madrid,Clay,Jannik Sinner,Rafael Jodar,6-2 7-6,Quarterfinals ,100,0,0,0,,0,0,0,R,191.0,ITA,28.2,0,0,0,R,185.0,UNK,25.5,,1.0,14350.0,34.0,1273.0
2026-madrid-7,madrid,Clay,Arthur Fils,Jiri Lehecka,6-3 6-4,Quarterfinals ,100,0,0,0,,0,0,0,R,185.0,FRA,25.5,0,0,0,R,185.0,CZE,27.9,,17.0,2130.0,13.0,2715.0
2026-madrid-7,madrid,Clay,Jannik Sinner,Cameron Norrie,6-2 7-5,Round of 16 ,100,0,0,0,,0,0,0,R,191.0,ITA,28.2,0,0,0,R,188.0,GBR,34.2,,1.0,14350.0,19.0,1918.0
2026-madrid-7,madrid,Clay,Alexander Zverev,Jakub Mensik,6-4 6-7 4-3,Round of 16 ,100,0,0,0,,0,0,0,R,198.0,GER,32.5,0,0,0,R,193.0,CZE,24.2,,3.0,5805.0,28.0,1600.0
2026-madrid-7,madrid,Clay,Jiri Lehecka,Lorenzo Musetti,6-3 6-3,Round of 16 ,100,0,0,0,,0,0,0,R,185.0,CZE,27.9,0,0,0,R,185.0,ITA,27.7,,13.0,2715.0,10.0,3415.0
2026-madrid-7,madrid,Clay,Flavio Cobolli,Daniil Medvedev,6-3 5-7 6-4,Round of 16 ,100,0,0,0,,0,0,0,R,183.0,ITA,27.4,0,0,0,R,198.0,RUS,33.7,,12.0,2750.0,9.0,3460.0
2026-madrid-7,madrid,Clay,Casper Ruud,Stefanos Tsitsipas,6-7 4-6 7-2 7-6,Round of 16 ,100,0,0,0,,0,0,0,R,183.0,NOR,30.8,0,0,0,R,193.0,GRE,31.2,,25.0,1735.0,75.0,765.0
2026-madrid-7,madrid,Clay,Alexander Blockx,Francisco Cerundolo,7-6 6-8,Round of 16 ,100,0,0,0,,0,0,0,R,191.0,BEL,24.5,0,0,0,R,185.0,ARG,31.2,,36.0,1200.0,27.0,1620.0
2026-madrid-7,madrid,Clay,Arthur Fils,Tomas Martin Etcheverry,6-3 6-4,Round of 16 ,100,0,0,0,,0,0,0,R,185.0,FRA,25.5,0,0,0,R,196.0,ARG,30.3,,17.0,2130.0,26.0,1660.0
2026-madrid-7,madrid,Clay,Rafael Jodar,Vit Kopriva,7-5 6-0,Round of 16 ,100,0,0,0,,0,0,0,R,185.0,UNK,25.5,0,0,0,R,178.0,CZE,32.1,,34.0,1273.0,55.0,896.0
2026-madrid-7,madrid,Clay,Alexander Zverev,Terence Atmane,6-3 7-6,Round of 32 ,100,0,0,0,,0,0,0,R,198.0,GER,32.5,0,0,0,R,193.0,FRA,27.7,,3.0,5805.0,51.0,958.0
2026-madrid-7,madrid,Clay,Alexander Blockx,Felix Auger-Aliassime,7-6 6-3,Round of 32 ,100,0,0,0,,0,0,0,R,191.0,BEL,24.5,0,0,0,R,185.0,UNK,25.5,,36.0,1200.0,150.0,0.0
2026-madrid-7,madrid,Clay,Daniil Medvedev,Nicolai Budkov Kjaer,6-3 6-2,Round of 32 ,100,0,0,0,,0,0,0,R,198.0,RUS,33.7,0,0,0,R,188.0,NOR,23.0,,9.0,3460.0,124.0,519.0
2026-madrid-7,madrid,Clay,Flavio Cobolli,Adolfo Daniel Vallejo,6-3 6-2,Round of 32 ,100,0,0,0,,0,0,0,R,183.0,ITA,27.4,0,0,0,R,185.0,UNK,25.5,,12.0,2750.0,84.0,703.0
2026-madrid-7,madrid,Clay,Casper Ruud,Alejandro Davidovich Fokina,6-3 6-1,Round of 32 ,100,0,0,0,,0,0,0,R,183.0,NOR,30.8,0,0,0,R,183.0,ESP,30.3,,25.0,1735.0,23.0,1820.0
2026-madrid-7,madrid,Clay,Jakub Mensik,Karen Khachanov,6-4 7-6,Round of 32 ,100,0,0,0,,0,0,0,R,193.0,CZE,24.2,0,0,0,R,198.0,RUS,33.4,,28.0,1600.0,15.0,2220.0
2026-madrid-7,madrid,Clay,Francisco Cerundolo,Luciano Darderi,6-2 6-3,Round of 32 ,100,0,0,0,,0,0,0,R,185.0,ARG,31.2,0,0,0,R,183.0,ITA,27.7,,27.0,1620.0,20.0,1890.0
2026-madrid-7,madrid,Clay,Stefanos Tsitsipas,Daniel Merida,6-4 6-2,Round of 32 ,100,0,0,0,,0,0,0,R,193.0,GRE,31.2,0,0,0,R,185.0,UNK,25.5,,75.0,765.0,86.0,696.0
2026-madrid-7,madrid,Clay,Jannik Sinner,Elmer Moller,6-2 6-3,Round of 32 ,100,0,0,0,,0,0,0,R,191.0,ITA,28.2,0,0,0,R,183.0,DEN,26.1,,1.0,14350.0,153.0,404.0
2026-madrid-7,madrid,Clay,Lorenzo Musetti,Tallon Griekspoor,6-4 7-5,Round of 32 ,100,0,0,0,,0,0,0,R,185.0,ITA,27.7,0,0,0,R,188.0,NED,33.3,,10.0,3415.0,31.0,1360.0
2026-madrid-7,madrid,Clay,Jiri Lehecka,Alex Michelsen,6-4 6-2,Round of 32 ,100,0,0,0,,0,0,0,R,185.0,CZE,27.9,0,0,0,R,193.0,USA,25.3,,13.0,2715.0,42.0,1090.0
2026-madrid-7,madrid,Clay,Cameron Norrie,Thiago Agustin Tirante,7-5 7-6,Round of 32 ,100,0,0,0,,0,0,0,R,188.0,GBR,34.2,0,0,0,R,185.0,ARG,28.5,,19.0,1918.0,69.0,801.0
2026-madrid-7,madrid,Clay,Arthur Fils,Emilio Nava,7-6 6-2,Round of 32 ,100,0,0,0,,0,0,0,R,185.0,FRA,25.5,0,0,0,R,185.0,USA,27.6,,17.0,2130.0,108.0,594.0
2026-madrid-7,madrid,Clay,Vit Kopriva,Arthur Rinderknech,6-4 3-6,Round of 32 ,100,0,0,0,,0,0,0,R,178.0,CZE,32.1,0,0,0,R,196.0,FRA,34.2,,55.0,896.0,24.0,1736.0
2026-madrid-7,madrid,Clay,Tomas Martin Etcheverry,Dino Prizmic,2-6 6-4 6-3,Round of 32 ,100,0,0,0,,0,0,0,R,196.0,ARG,30.3,0,0,0,R,188.0,CRO,23.5,,26.0,1660.0,79.0,740.0
2026-madrid-7,madrid,Clay,Rafael Jodar,Joao Fonseca,7-6 4-4 6-6,Round of 32 ,100,0,0,0,,0,0,0,R,185.0,UNK,25.5,0,0,0,R,185.0,BRA,23.3,,34.0,1273.0,29.0,1435.0
2026-madrid-7,madrid,Clay,Alexander Zverev,Mariano Navone,6-1 3-6 6-3,Round of 64 ,100,0,0,0,,0,0,0,R,198.0,GER,32.5,0,0,0,R,178.0,ARG,28.6,,3.0,5805.0,44.0,1046.0
2026-madrid-7,madrid,Clay,Felix Auger-Aliassime,Vilius Gaubas,6-3 6-4,Round of 64 ,100,0,0,0,,0,0,0,R,185.0,UNK,25.5,0,0,0,R,178.0,LTU,24.6,,150.0,0.0,121.0,527.0
2026-madrid-7,madrid,Clay,Daniil Medvedev,Fabian Marozsan,6-2 6-7 3-4,Round of 64 ,100,0,0,0,,0,0,0,R,198.0,RUS,33.7,0,0,0,R,193.0,HUN,30.0,,9.0,3460.0,49.0,975.0
2026-madrid-7,madrid,Clay,Stefanos Tsitsipas,Alexander Bublik,6-2 7-5,Round of 64 ,100,0,0,0,,0,0,0,R,193.0,GRE,31.2,0,0,0,R,196.0,KAZ,32.3,,75.0,765.0,11.0,3355.0
2026-madrid-7,madrid,Clay,Flavio Cobolli,Camilo Ugo Carabelli,6-7 7-1 6-4,Round of 64 ,100,0,0,0,,0,0,0,R,183.0,ITA,27.4,0,0,0,R,185.0,ARG,30.1,,12.0,2750.0,61.0,865.0
2026-madrid-7,madrid,Clay,Casper Ruud,Jaume Munar,6-0 6-1,Round of 64 ,100,0,0,0,,0,0,0,R,183.0,NOR,30.8,0,0,0,R,183.0,ESP,32.4,,25.0,1735.0,38.0,1155.0
2026-madrid-7,madrid,Clay,Karen Khachanov,Adam Walton,6-2 6-3,Round of 64 ,100,0,0,0,,0,0,0,R,198.0,RUS,33.4,0,0,0,R,183.0,AUS,30.4,,15.0,2220.0,103.0,608.0
2026-madrid-7,madrid,Clay,Francisco Cerundolo,Yannick Hanfmann,6-1 7-5,Round of 64 ,100,0,0,0,,0,0,0,R,185.0,ARG,31.2,0,0,0,R,193.0,GER,37.8,,27.0,1620.0,59.0,879.0
2026-madrid-7,madrid,Clay,Adolfo Daniel Vallejo,Learner Tien,6-4 6-3,Round of 64 ,100,0,0,0,,0,0,0,R,185.0,UNK,25.5,0,0,0,R,180.0,USA,24.0,,84.0,703.0,21.0,1870.0
2026-madrid-7,madrid,Clay,Luciano Darderi,Juan Manuel Cerundolo,6-1 6-3,Round of 64 ,100,0,0,0,,0,0,0,R,183.0,ITA,27.7,0,0,0,R,183.0,ARG,27.2,,20.0,1890.0,72.0,776.0
2026-madrid-7,madrid,Clay,Alejandro Davidovich Fokina,Pablo Carreno Busta,6-3 6-3,Round of 64 ,100,0,0,0,,0,0,0,R,183.0,ESP,30.3,0,0,0,R,188.0,ESP,38.2,,23.0,1820.0,91.0,663.0
2026-madrid-7,madrid,Clay,Jakub Mensik,Martin Damm,6-3 6-4,Round of 64 ,100,0,0,0,,0,0,0,R,193.0,CZE,24.2,0,0,0,R,203.0,USA,25.4,,28.0,1600.0,115.0,547.0
2026-madrid-7,madrid,Clay,Daniel Merida,Corentin Moutet,6-3 6-4,Round of 64 ,100,0,0,0,,0,0,0,R,185.0,UNK,25.5,0,0,0,R,180.0,FRA,30.5,,86.0,696.0,30.0,1413.0
2026-madrid-7,madrid,Clay,Alexander Blockx,Brandon Nakashima,3-6 6-3 6-4,Round of 64 ,100,0,0,0,,0,0,0,R,191.0,BEL,24.5,0,0,0,R,188.0,USA,28.2,,36.0,1200.0,32.0,1295.0
2026-madrid-7,madrid,Clay,Terence Atmane,Ugo Humbert,7-6 7-3,Round of 64 ,100,0,0,0,,0,0,0,R,193.0,FRA,27.7,0,0,0,R,188.0,FRA,31.3,,51.0,958.0,33.0,1280.0
2026-madrid-7,madrid,Clay,Nicolai Budkov Kjaer,Denis Shapovalov,6-2 6-1,Round of 64 ,100,0,0,0,,0,0,0,R,188.0,NOR,23.0,0,0,0,R,185.0,CAN,30.5,,124.0,519.0,37.0,1170.0
2026-madrid-7,madrid,Clay,Jannik Sinner,Benjamin Bonzi,6-7 6-1 6-4,Round of 64 ,100,0,0,0,,0,0,0,R,191.0,ITA,28.2,0,0,0,R,183.0,FRA,33.4,,1.0,14350.0,101.0,616.0
2026-madrid-7,madrid,Clay,Dino Prizmic,Ben Shelton,6-4 6-7 4-6 7-5,Round of 64 ,100,0,0,0,,0,0,0,R,188.0,CRO,23.5,0,0,0,R,193.0,USA,27.1,,79.0,740.0,6.0,4030.0
2026-madrid-7,madrid,Clay,Rafael Jodar,Alex de Minaur,6-3 6-1,Round of 64 ,100,0,0,0,,0,0,0,R,185.0,UNK,25.5,0,0,0,R,185.0,UNK,25.5,,34.0,1273.0,150.0,0.0
2026-madrid-7,madrid,Clay,Lorenzo Musetti,Hubert Hurkacz,6-4 7-6,Round of 64 ,100,0,0,0,,0,0,0,R,185.0,ITA,27.7,0,0,0,R,196.0,POL,32.7,,10.0,3415.0,53.0,930.0
2026-madrid-7,madrid,Clay,Vit Kopriva,Andrey Rublev,6-3 6-4,Round of 64 ,100,0,0,0,,0,0,0,R,178.0,CZE,32.1,0,0,0,R,188.0,RUS,32.0,,55.0,896.0,14.0,2590.0
2026-madrid-7,madrid,Clay,Jiri Lehecka,Alejandro Tabilo,3-6 7-6 6-3,Round of 64 ,100,0,0,0,,0,0,0,R,185.0,CZE,27.9,0,0,0,R,188.0,CHI,32.4,,13.0,2715.0,35.0,1248.0
2026-madrid-7,madrid,Clay,Emilio Nava,Valentin Vacherot,6-7 5-6 7-1 6-3,Round of 64 ,100,0,0,0,,0,0,0,R,185.0,USA,27.6,0,0,0,R,193.0,MON,30.5,,108.0,594.0,16.0,2147.0
2026-madrid-7,madrid,Clay,Thiago Agustin Tirante,Tommy Paul,7-5 6-4,Round of 64 ,100,0,0,0,,0,0,0,R,185.0,ARG,28.5,0,0,0,R,185.0,USA,32.4,,69.0,801.0,18.0,1975.0
2026-madrid-7,madrid,Clay,Cameron Norrie,Tomas Machac,6-2 6-7 6-6 7-5,Round of 64 ,100,0,0,0,,0,0,0,R,188.0,GBR,34.2,0,0,0,R,183.0,CZE,29.0,,19.0,1918.0,41.0,1100.0
2026-madrid-7,madrid,Clay,Arthur Fils,Ignacio Buse,6-7 4-6 7-3 7-5,Round of 64 ,100,0,0,0,,0,0,0,R,185.0,FRA,25.5,0,0,0,R,185.0,PER,25.4,,17.0,2130.0,62.0,863.0
2026-madrid-7,madrid,Clay,Arthur Rinderknech,Dusan Lajovic,6-3 6-2,Round of 64 ,100,0,0,0,,0,0,0,R,196.0,FRA,34.2,0,0,0,R,183.0,SRB,39.3,,24.0,1736.0,132.0,471.0
2026-madrid-7,madrid,Clay,Tomas Martin Etcheverry,Sebastian Ofner,6-4 6-4,Round of 64 ,100,0,0,0,,0,0,0,R,196.0,ARG,30.3,0,0,0,R,191.0,AUT,33.2,,26.0,1660.0,82.0,711.0
2026-madrid-7,madrid,Clay,Joao Fonseca,Marin Cilic,,Round of 64 ,100,0,0,0,,0,0,0,R,185.0,BRA,23.3,0,0,0,R,198.0,CRO,41.1,,29.0,1435.0,47.0,980.0
2026-madrid-7,madrid,Clay,Tallon Griekspoor,Damir Dzumhur,6-3 6-4,Round of 64 ,100,0,0,0,,0,0,0,R,188.0,NED,33.3,0,0,0,R,175.0,BIH,37.4,,31.0,1360.0,87.0,674.0
2026-madrid-7,madrid,Clay,Elmer Moller,Gabriel Diallo,7-5 3-3,Round of 64 ,100,0,0,0,,0,0,0,R,183.0,DEN,26.1,0,0,0,R,203.0,CAN,28.1,,153.0,404.0,46.0,1000.0
2026-madrid-7,madrid,Clay,Alex Michelsen,Jan-Lennard Struff,6-2 6-1,Round of 64 ,100,0,0,0,,0,0,0,R,193.0,USA,25.3,0,0,0,R,185.0,UNK,25.5,,42.0,1090.0,150.0,0.0
2026-madrid-7,madrid,Clay,Terence Atmane,Miomir Kecmanovic,6-4 7-5,Round of 128 ,100,0,0,0,,0,0,0,R,193.0,FRA,27.7,0,0,0,R,183.0,SRB,30.1,,51.0,958.0,70.0,795.0
2026-madrid-7,madrid,Clay,Alexander Blockx,Cristian Garin,4-6 7-5 7-5,Round of 128 ,100,0,0,0,,0,0,0,R,191.0,BEL,24.5,0,0,0,R,185.0,CHI,33.2,,36.0,1200.0,104.0,602.0
2026-madrid-7,madrid,Clay,Nicolai Budkov Kjaer,Reilly Opelka,5-3,Round of 128 ,100,0,0,0,,0,0,0,R,188.0,NOR,23.0,0,0,0,R,211.0,USA,32.0,,124.0,519.0,74.0,768.0
2026-madrid-7,madrid,Clay,Pablo Carreno Busta,Marton Fucsovics,4-6 7-6 6-5,Round of 128 ,100,0,0,0,,0,0,0,R,188.0,ESP,38.2,0,0,0,R,188.0,HUN,37.7,,91.0,663.0,57.0,884.0
2026-madrid-7,madrid,Clay,Juan Manuel Cerundolo,Daniel Altmaier,6-4 6-4,Round of 128 ,100,0,0,0,,0,0,0,R,183.0,ARG,27.2,0,0,0,R,188.0,GER,31.1,,72.0,776.0,64.0,860.0
2026-madrid-7,madrid,Clay,Martin Damm,Alexei Popyrin,7-6 6-7,Round of 128 ,100,0,0,0,,0,0,0,R,203.0,USA,25.4,0,0,0,R,196.0,AUS,30.2,,115.0,547.0,60.0,870.0
2026-madrid-7,madrid,Clay,Vilius Gaubas,Sebastian Baez,7-5 6-1,Round of 128 ,100,0,0,0,,0,0,0,R,178.0,LTU,24.6,0,0,0,R,170.0,ARG,28.8,,121.0,527.0,65.0,840.0
2026-madrid-7,madrid,Clay,Yannick Hanfmann,Marcos Giron,6-4 6-7 3-5,Round of 128 ,100,0,0,0,,0,0,0,R,193.0,GER,37.8,0,0,0,R,180.0,USA,36.2,,59.0,879.0,77.0,745.0
2026-madrid-7,madrid,Clay,Fabian Marozsan,Ethan Quinn,7-6 7-5,Round of 128 ,100,0,0,0,,0,0,0,R,193.0,HUN,30.0,0,0,0,R,191.0,USA,25.3,,49.0,975.0,48.0,977.0
2026-madrid-7,madrid,Clay,Daniel Merida,Marco Trungelliti,6-4 1-6 7-6,Round of 128 ,100,0,0,0,,0,0,0,R,185.0,UNK,25.5,0,0,0,R,178.0,ARG,39.6,,86.0,696.0,78.0,743.0
2026-madrid-7,madrid,Clay,Jaume Munar,Aleksandr Shevchenko,6-4 6-1,Round of 128 ,100,0,0,0,,0,0,0,R,183.0,ESP,32.4,0,0,0,R,185.0,UNK,24.0,,38.0,1155.0,85.0,698.0
2026-madrid-7,madrid,Clay,Mariano Navone,Nuno Borges,6-3 6-4,Round of 128 ,100,0,0,0,,0,0,0,R,178.0,ARG,28.6,0,0,0,R,185.0,POR,32.7,,44.0,1046.0,52.0,950.0
2026-madrid-7,madrid,Clay,Stefanos Tsitsipas,Patrick Kypson,3-6 7-6 7-6,Round of 128 ,100,0,0,0,,0,0,0,R,193.0,GRE,31.2,0,0,0,R,188.0,USA,29.4,,75.0,765.0,89.0,669.0
2026-madrid-7,madrid,Clay,Camilo Ugo Carabelli,Gael Monfils,6-3 6-4,Round of 128 ,100,0,0,0,,0,0,0,R,185.0,ARG,30.1,0,0,0,R,193.0,FRA,43.1,,61.0,865.0,222.0,260.0
2026-madrid-7,madrid,Clay,Adolfo Daniel Vallejo,Grigor Dimitrov,6-4 6-4,Round of 128 ,100,0,0,0,,0,0,0,R,185.0,UNK,25.5,0,0,0,R,191.0,BUL,38.4,,84.0,703.0,170.0,365.0
2026-madrid-7,madrid,Clay,Adam Walton,Martin Landaluce,6-2 6-3,Round of 128 ,100,0,0,0,,0,0,0,R,183.0,AUS,30.4,0,0,0,R,191.0,ESP,23.2,,103.0,608.0,94.0,639.0
2026-madrid-7,madrid,Clay,Benjamin Bonzi,Titouan Droguet,6-7 4-6 7-4 6-4,Round of 128 ,100,0,0,0,,0,0,0,R,183.0,FRA,33.4,0,0,0,R,191.0,FRA,28.3,,101.0,616.0,109.0,594.0
2026-madrid-7,madrid,Clay,Ignacio Buse,Adrian Mannarino,6-4 6-2,Round of 128 ,100,0,0,0,,0,0,0,R,185.0,PER,25.4,0,0,0,R,180.0,FRA,41.3,,62.0,863.0,45.0,1035.0
2026-madrid-7,madrid,Clay,Marin Cilic,Zizou Bergs,4-6 6-3 6-4,Round of 128 ,100,0,0,0,,0,0,0,R,198.0,CRO,41.1,0,0,0,R,185.0,BEL,30.4,,47.0,980.0,39.0,1140.0
2026-madrid-7,madrid,Clay,Damir Dzumhur,Mattia Bellucci,6-2 6-4,Round of 128 ,100,0,0,0,,0,0,0,R,175.0,BIH,37.4,0,0,0,R,175.0,ITA,28.3,,87.0,674.0,80.0,737.0
2026-madrid-7,madrid,Clay,Hubert Hurkacz,Jaime Faria,6-3 6-3,Round of 128 ,100,0,0,0,,0,0,0,R,196.0,POL,32.7,0,0,0,R,188.0,POR,26.0,,53.0,930.0,119.0,529.0
2026-madrid-7,madrid,Clay,Rafael Jodar,Jesper de Jong,2-6 7-5 6-4,Round of 128 ,100,0,0,0,,0,0,0,R,185.0,UNK,25.5,0,0,0,R,185.0,UNK,25.5,,34.0,1273.0,150.0,0.0
2026-madrid-7,madrid,Clay,Vit Kopriva,Zhizhen Zhang,6-2 6-0,Round of 128 ,100,0,0,0,,0,0,0,R,178.0,CZE,32.1,0,0,0,R,193.0,CHN,33.0,,55.0,896.0,239.0,240.0
2026-madrid-7,madrid,Clay,Dusan Lajovic,Lorenzo Sonego,6-3 7-6,Round of 128 ,100,0,0,0,,0,0,0,R,183.0,SRB,39.3,0,0,0,R,191.0,ITA,34.4,,132.0,471.0,66.0,830.0
2026-madrid-7,madrid,Clay,Tomas Machac,Francisco Comesana,3-6 7-6 6-3,Round of 128 ,100,0,0,0,,0,0,0,R,183.0,CZE,29.0,0,0,0,R,178.0,ARG,28.8,,41.0,1100.0,114.0,570.0
2026-madrid-7,madrid,Clay,Elmer Moller,Federico Cina,6-4 7-6,Round of 128 ,100,0,0,0,,0,0,0,R,183.0,DEN,26.1,0,0,0,R,185.0,UNK,25.5,,153.0,404.0,225.0,255.0
2026-madrid-7,madrid,Clay,Emilio Nava,Jenson Brooksby,6-3 7-5,Round of 128 ,100,0,0,0,,0,0,0,R,185.0,USA,27.6,0,0,0,R,188.0,USA,27.2,,108.0,594.0,63.0,862.0
2026-madrid-7,madrid,Clay,Sebastian Ofner,Nikoloz Basilashvili,7-6 7-5,Round of 128 ,100,0,0,0,,0,0,0,R,191.0,AUT,33.2,0,0,0,R,185.0,GEO,36.0,,82.0,711.0,117.0,539.0
2026-madrid-7,madrid,Clay,Dino Prizmic,Matteo Berrettini,6-3 6-4,Round of 128 ,100,0,0,0,,0,0,0,R,188.0,CRO,23.5,0,0,0,R,196.0,ITA,33.6,,79.0,740.0,100.0,625.0
2026-madrid-7,madrid,Clay,Jan-Lennard Struff,Alexandre Muller,7-6 6-3,Round of 128 ,100,0,0,0,,0,0,0,R,185.0,UNK,25.5,0,0,0,R,183.0,FRA,32.7,,150.0,0.0,105.0,601.0
2026-madrid-7,madrid,Clay,Alejandro Tabilo,Valentin Royer,6-2 6-4,Round of 128 ,100,0,0,0,,0,0,0,R,188.0,CHI,32.4,0,0,0,R,185.0,UNK,25.5,,35.0,1248.0,71.0,788.0
2026-madrid-7,madrid,Clay,Thiago Agustin Tirante,Roberto Bautista Agut,6-2 6-4,Round of 128 ,100,0,0,0,,0,0,0,R,185.0,ARG,28.5,0,0,0,R,183.0,ESP,41.5,,69.0,801.0,98.0,629.0
2026-madrid-7,madrid,Clay,Daniel Merida,Marco Trungelliti,7-6 6-4,2nd Round Qualifying ,100,0,0,0,,0,0,0,R,185.0,UNK,25.5,0,0,0,R,178.0,ARG,39.6,,86.0,696.0,78.0,743.0
2026-madrid-7,madrid,Clay,Martin Damm,Cristian Garin,2-6 6-4 7-6,2nd Round Qualifying ,100,0,0,0,,0,0,0,R,203.0,USA,25.4,0,0,0,R,185.0,CHI,33.2,,115.0,547.0,104.0,602.0
2026-madrid-7,madrid,Clay,Dino Prizmic,Zsombor Piros,6-3 6-2,2nd Round Qualifying ,100,0,0,0,,0,0,0,R,188.0,CRO,23.5,0,0,0,R,180.0,HUN,29.9,,79.0,740.0,163.0,373.0
2026-madrid-7,madrid,Clay,Nikoloz Basilashvili,Patrick Kypson,6-7 2-6 7-3 6-4,2nd Round Qualifying ,100,0,0,0,,0,0,0,R,185.0,GEO,36.0,0,0,0,R,188.0,USA,29.4,,117.0,539.0,89.0,669.0
2026-madrid-7,madrid,Clay,Adolfo Daniel Vallejo,Henrique Rocha,6-1 4-6 6-2,2nd Round Qualifying ,100,0,0,0,,0,0,0,R,185.0,UNK,25.5,0,0,0,R,180.0,POR,25.4,,84.0,703.0,120.0,529.0
2026-madrid-7,madrid,Clay,Titouan Droguet,Yibing Wu,6-0 7-6,2nd Round Qualifying ,100,0,0,0,,0,0,0,R,191.0,FRA,28.3,0,0,0,R,183.0,CHN,29.9,,109.0,594.0,88.0,669.0
2026-madrid-7,madrid,Clay,Benjamin Bonzi,Diego Dedura,6-2 6-1,2nd Round Qualifying ,100,0,0,0,,0,0,0,R,183.0,FRA,33.4,0,0,0,R,185.0,UNK,28.5,,101.0,616.0,283.0,185.0
2026-madrid-7,madrid,Clay,Vilius Gaubas,Rei Sakamoto,7-6 6-5 5-7 7-6,2nd Round Qualifying ,100,0,0,0,,0,0,0,R,178.0,LTU,24.6,0,0,0,R,185.0,UNK,25.5,,121.0,527.0,156.0,392.0
2026-madrid-7,madrid,Clay,Nicolai Budkov Kjaer,Moez Echargui,6-1 6-0,2nd Round Qualifying ,100,0,0,0,,0,0,0,R,188.0,NOR,23.0,0,0,0,R,178.0,TUN,36.5,,124.0,519.0,140.0,447.0
2026-madrid-7,madrid,Clay,Jaime Faria,Lloyd Harris,4-6 6-3,2nd Round Qualifying ,100,0,0,0,,0,0,0,R,188.0,POR,26.0,0,0,0,R,193.0,RSA,32.3,,119.0,529.0,146.0,423.0
2026-madrid-7,madrid,Clay,Dusan Lajovic,Chris Rodesch,6-4 6-4,2nd Round Qualifying ,100,0,0,0,,0,0,0,R,183.0,SRB,39.3,0,0,0,R,198.0,LUX,28.1,,132.0,471.0,166.0,369.0
2026-madrid-7,madrid,Clay,Elmer Moller,Pablo Llamas Ruiz,7-6 6-4,2nd Round Qualifying ,100,0,0,0,,0,0,0,R,183.0,DEN,26.1,0,0,0,R,188.0,ESP,26.5,,153.0,404.0,139.0,448.0
2026-madrid-7,madrid,Clay,Marco Trungelliti,Borna Gojo,6-4 6-3,1st Round Qualifying ,100,0,0,0,,0,0,0,R,178.0,ARG,39.6,0,0,0,R,196.0,CRO,30.0,,78.0,743.0,177.0,348.0
2026-madrid-7,madrid,Clay,Cristian Garin,Ugo Blanchet,7-5 6-4,1st Round Qualifying ,100,0,0,0,,0,0,0,R,185.0,CHI,33.2,0,0,0,R,175.0,FRA,30.5,,104.0,602.0,162.0,373.0
2026-madrid-7,madrid,Clay,Rei Sakamoto,Zachary Svajda,7-6 6-9,1st Round Qualifying ,100,0,0,0,,0,0,0,R,185.0,UNK,25.5,0,0,0,R,175.0,USA,26.8,,156.0,392.0,90.0,666.0
2026-madrid-7,madrid,Clay,Dino Prizmic,Christopher O'Connell,7-6 6-9 5-7 7-6,1st Round Qualifying ,100,0,0,0,,0,0,0,R,188.0,CRO,23.5,0,0,0,R,185.0,UNK,25.5,,79.0,740.0,150.0,413.0
2026-madrid-7,madrid,Clay,Pablo Llamas Ruiz,Aleksandar Vukic,6-4 6-2,1st Round Qualifying ,100,0,0,0,,0,0,0,R,188.0,ESP,26.5,0,0,0,R,188.0,AUS,33.5,,139.0,448.0,99.0,626.0
2026-madrid-7,madrid,Clay,Jaime Faria,Quentin Halys,6-7 9-3 6-4,1st Round Qualifying ,100,0,0,0,,0,0,0,R,188.0,POR,26.0,0,0,0,R,191.0,FRA,33.0,,119.0,529.0,93.0,653.0
2026-madrid-7,madrid,Clay,Patrick Kypson,Moise Kouame,6-2 6-2,1st Round Qualifying ,100,0,0,0,,0,0,0,R,188.0,USA,29.4,0,0,0,R,185.0,UNK,25.5,,89.0,669.0,313.0,165.0
2026-madrid-7,madrid,Clay,Adolfo Daniel Vallejo,Pedro Martinez,6-3 6-1,1st Round Qualifying ,100,0,0,0,,0,0,0,R,185.0,UNK,25.5,0,0,0,R,185.0,ESP,32.5,,84.0,703.0,136.0,461.0
2026-madrid-7,madrid,Clay,Moez Echargui,Aleksandar Kovacevic,4-6 6-4 7-6,1st Round Qualifying ,100,0,0,0,,0,0,0,R,178.0,TUN,36.5,0,0,0,R,183.0,USA,31.1,,140.0,447.0,95.0,639.0
2026-madrid-7,madrid,Clay,Diego Dedura,Luca Van Assche,6-3 6-2,1st Round Qualifying ,100,0,0,0,,0,0,0,R,185.0,UNK,28.5,0,0,0,R,178.0,FRA,25.5,,283.0,185.0,97.0,636.0
2026-madrid-7,madrid,Clay,Yibing Wu,Manas Dhamne,6-1 7-5,1st Round Qualifying ,100,0,0,0,,0,0,0,R,183.0,CHN,29.9,0,0,0,R,188.0,IND,18.5,,88.0,669.0,384.0,126.0
2026-madrid-7,madrid,Clay,Chris Rodesch,Rinky Hijikata,7-6 6-2,1st Round Qualifying ,100,0,0,0,,0,0,0,R,198.0,LUX,28.1,0,0,0,R,178.0,AUS,28.6,,166.0,369.0,96.0,637.0
2026-madrid-7,madrid,Clay,Daniel Merida,Billy Harris,6-3 7-5,1st Round Qualifying ,100,0,0,0,,0,0,0,R,185.0,UNK,25.5,0,0,0,R,193.0,GBR,34.6,,86.0,696.0,148.0,421.0
2026-madrid-7,madrid,Clay,Dusan Lajovic,Matteo Arnaldi,6-0 3-6 6-4,1st Round Qualifying ,100,0,0,0,,0,0,0,R,183.0,SRB,39.3,0,0,0,R,185.0,ITA,28.6,,132.0,471.0,106.0,596.0
2026-madrid-7,madrid,Clay,Benjamin Bonzi,Darwin Blanch,6-3 7-6,1st Round Qualifying ,100,0,0,0,,0,0,0,R,183.0,FRA,33.4,0,0,0,R,185.0,USA,20.0,,101.0,616.0,228.0,252.0
2026-madrid-7,madrid,Clay,Nicolai Budkov Kjaer,Francesco Maestrelli,6-4 6-4,1st Round Qualifying ,100,0,0,0,,0,0,0,R,188.0,NOR,23.0,0,0,0,R,196.0,ITA,24.8,,124.0,519.0,112.0,575.0
2026-madrid-7,madrid,Clay,Titouan Droguet,Otto Virtanen,2-6 6-3 6-3,1st Round Qualifying ,100,0,0,0,,0,0,0,R,191.0,FRA,28.3,0,0,0,R,193.0,FIN,28.3,,109.0,594.0,127.0,512.0
2026-madrid-7,madrid,Clay,Elmer Moller,Hugo Gaston,6-3 6-3,1st Round Qualifying ,100,0,0,0,,0,0,0,R,183.0,DEN,26.1,0,0,0,R,173.0,FRA,29.1,,153.0,404.0,118.0,535.0
2026-madrid-7,madrid,Clay,Henrique Rocha,Jan Choinski,7-6 6-5 5-7 7-5,1st Round Qualifying ,100,0,0,0,,0,0,0,R,180.0,POR,25.4,0,0,0,R,196.0,GBR,33.2,,120.0,529.0,122.0,526.0
2026-madrid-7,madrid,Clay,Nikoloz Basilashvili,Stefano Travaglia,7-6 6-4,1st Round Qualifying ,100,0,0,0,,0,0,0,R,185.0,GEO,36.0,0,0,0,R,185.0,ITA,36.6,,117.0,539.0,141.0,444.0
2026-madrid-7,madrid,Clay,Zsombor Piros,Tomas Barrios Vera,6-3 7-5,1st Round Qualifying ,100,0,0,0,,0,0,0,R,180.0,HUN,29.9,0,0,0,R,191.0,CHI,31.7,,163.0,373.0,134.0,464.0
2026-madrid-7,madrid,Clay,Vilius Gaubas,Arthur Gea,6-2 6-4,1st Round Qualifying ,100,0,0,0,,0,0,0,R,178.0,LTU,24.6,0,0,0,R,185.0,UNK,25.5,,121.0,527.0,143.0,436.0
2026-madrid-7,madrid,Clay,Lloyd Harris,Mackenzie McDonald,6-4 6-2,1st Round Qualifying ,100,0,0,0,,0,0,0,R,193.0,RSA,32.3,0,0,0,R,185.0,UNK,25.5,,146.0,423.0,150.0,0.0
2026-madrid-7,madrid,Clay,Martin Damm,Andrea Pellegrino,6-0 7-6,1st Round Qualifying ,100,0,0,0,,0,0,0,R,203.0,USA,25.4,0,0,0,R,185.0,ITA,32.3,,115.0,547.0,155.0,393.0
2026-rome-8,rome,Clay,Andrea Pellegrino,Luca Nardi,4-6 6-3 6-3,Round of 128 ,100,0,0,0,,0,0,0,R,185.0,ITA,32.3,0,0,0,R,185.0,ITA,26.1,,155.0,393.0,151.0,409.0
2026-rome-8,rome,Clay,Terence Atmane,Zizou Bergs,6-3 6-4,Round of 128 ,100,0,0,0,,0,0,0,R,193.0,FRA,27.7,0,0,0,R,185.0,BEL,30.4,,51.0,958.0,39.0,1140.0
2026-rome-8,rome,Clay,Nikoloz Basilashvili,Daniel Merida,6-4 2-6 6-3,Round of 128 ,100,0,0,0,,0,0,0,R,185.0,GEO,36.0,0,0,0,R,185.0,UNK,25.5,,117.0,539.0,86.0,696.0
2026-rome-8,rome,Clay,Roberto Bautista Agut,Francesco Maestrelli,6-3 7-6,Round of 128 ,100,0,0,0,,0,0,0,R,183.0,ESP,41.5,0,0,0,R,196.0,ITA,24.8,,98.0,629.0,112.0,575.0
2026-rome-8,rome,Clay,Mattia Bellucci,Roman Andres Burruchaga,6-4 6-4,Round of 128 ,100,0,0,0,,0,0,0,R,175.0,ITA,28.3,0,0,0,R,183.0,ARG,27.3,,80.0,737.0,56.0,885.0
2026-rome-8,rome,Clay,Alexander Blockx,Federico Cina,4-6 6-1 6-3,Round of 128 ,100,0,0,0,,0,0,0,R,191.0,BEL,24.5,0,0,0,R,185.0,UNK,25.5,,36.0,1200.0,225.0,255.0
2026-rome-8,rome,Clay,Ignacio Buse,Lorenzo Sonego,6-3 6-3,Round of 128 ,100,0,0,0,,0,0,0,R,185.0,PER,25.4,0,0,0,R,191.0,ITA,34.4,,62.0,863.0,66.0,830.0
2026-rome-8,rome,Clay,Marin Cilic,Marcos Giron,7-5 6-4,Round of 128 ,100,0,0,0,,0,0,0,R,198.0,CRO,41.1,0,0,0,R,180.0,USA,36.2,,47.0,980.0,77.0,745.0
2026-rome-8,rome,Clay,Cristian Garin,Juan Manuel Cerundolo,7-6 7-2,Round of 128 ,100,0,0,0,,0,0,0,R,185.0,CHI,33.2,0,0,0,R,183.0,ARG,27.2,,104.0,602.0,72.0,776.0
2026-rome-8,rome,Clay,Miomir Kecmanovic,Dalibor Svrcina,6-2 6-3,Round of 128 ,100,0,0,0,,0,0,0,R,183.0,SRB,30.1,0,0,0,R,178.0,CZE,26.3,,70.0,795.0,116.0,547.0
2026-rome-8,rome,Clay,Pablo Llamas Ruiz,Ethan Quinn,6-3 5-7 6-3,Round of 128 ,100,0,0,0,,0,0,0,R,188.0,ESP,26.5,0,0,0,R,191.0,USA,25.3,,139.0,448.0,48.0,977.0
2026-rome-8,rome,Clay,Tomas Machac,Stefanos Tsitsipas,6-4 7-6,Round of 128 ,100,0,0,0,,0,0,0,R,183.0,CZE,29.0,0,0,0,R,193.0,GRE,31.2,,41.0,1100.0,75.0,765.0
2026-rome-8,rome,Clay,Hamad Medjedovic,Valentin Royer,6-4 6-3,Round of 128 ,100,0,0,0,,0,0,0,R,188.0,SRB,26.3,0,0,0,R,185.0,UNK,25.5,,67.0,804.0,71.0,788.0
2026-rome-8,rome,Clay,Mariano Navone,Denis Shapovalov,6-4 6-2,Round of 128 ,100,0,0,0,,0,0,0,R,178.0,ARG,28.6,0,0,0,R,185.0,CAN,30.5,,44.0,1046.0,37.0,1170.0
2026-rome-8,rome,Clay,Sebastian Ofner,Alex Michelsen,6-3 6-3,Round of 128 ,100,0,0,0,,0,0,0,R,191.0,AUT,33.2,0,0,0,R,193.0,USA,25.3,,82.0,711.0,42.0,1090.0
2026-rome-8,rome,Clay,Alexei Popyrin,Matteo Berrettini,6-2 6-3,Round of 128 ,100,0,0,0,,0,0,0,R,196.0,AUS,30.2,0,0,0,R,196.0,ITA,33.6,,60.0,870.0,100.0,625.0
2026-rome-8,rome,Clay,Thiago Agustin Tirante,Gianluca Cadenasso,6-7 5-4 6-0,Round of 128 ,100,0,0,0,,0,0,0,R,185.0,ARG,28.5,0,0,0,R,185.0,UNK,24.0,,69.0,801.0,196.0,297.0
2026-rome-8,rome,Clay,Daniel Altmaier,Zhizhen Zhang,4-6 7-6 6-3,Round of 128 ,100,0,0,0,,0,0,0,R,188.0,GER,31.1,0,0,0,R,193.0,CHN,33.0,,64.0,860.0,239.0,240.0
2026-rome-8,rome,Clay,Matteo Arnaldi,Jaume Munar,6-3 3-6 6-3,Round of 128 ,100,0,0,0,,0,0,0,R,185.0,ITA,28.6,0,0,0,R,183.0,ESP,32.4,,106.0,596.0,38.0,1155.0
2026-rome-8,rome,Clay,Sebastian Baez,Jenson Brooksby,6-3 7-6,Round of 128 ,100,0,0,0,,0,0,0,R,170.0,ARG,28.8,0,0,0,R,188.0,USA,27.2,,65.0,840.0,63.0,862.0
2026-rome-8,rome,Clay,Nuno Borges,Jesper de Jong,6-3 6-0,Round of 128 ,100,0,0,0,,0,0,0,R,185.0,POR,32.7,0,0,0,R,185.0,UNK,25.5,,52.0,950.0,150.0,0.0
2026-rome-8,rome,Clay,Damir Dzumhur,Adrian Mannarino,6-4 6-0,Round of 128 ,100,0,0,0,,0,0,0,R,175.0,BIH,37.4,0,0,0,R,180.0,FRA,41.3,,87.0,674.0,45.0,1035.0
2026-rome-8,rome,Clay,Yannick Hanfmann,Hubert Hurkacz,6-7 3-6 7-2 6-2,Round of 128 ,100,0,0,0,,0,0,0,R,193.0,GER,37.8,0,0,0,R,196.0,POL,32.7,,59.0,879.0,53.0,930.0
2026-rome-8,rome,Clay,Vit Kopriva,Fabian Marozsan,6-3 6-3,Round of 128 ,100,0,0,0,,0,0,0,R,178.0,CZE,32.1,0,0,0,R,193.0,HUN,30.0,,55.0,896.0,49.0,975.0
2026-rome-8,rome,Clay,Giovanni Mpetshi Perricard,Jacob Fearnley,7-6 4-6 6-6,Round of 128 ,100,0,0,0,,0,0,0,R,203.0,FRA,26.3,0,0,0,R,183.0,GBR,28.2,,58.0,880.0,123.0,523.0
2026-rome-8,rome,Clay,Dino Prizmic,Marton Fucsovics,6-4 6-3,Round of 128 ,100,0,0,0,,0,0,0,R,188.0,CRO,23.5,0,0,0,R,188.0,HUN,37.7,,79.0,740.0,57.0,884.0
2026-rome-8,rome,Clay,Aleksandr Shevchenko,Camilo Ugo Carabelli,6-3 4-6 7-6,Round of 128 ,100,0,0,0,,0,0,0,R,185.0,UNK,24.0,0,0,0,R,185.0,ARG,30.1,,85.0,698.0,61.0,865.0
2026-rome-8,rome,Clay,Jan-Lennard Struff,Francisco Comesana,6-2 6-4,Round of 128 ,100,0,0,0,,0,0,0,R,185.0,UNK,25.5,0,0,0,R,178.0,ARG,28.8,,150.0,0.0,114.0,570.0
2026-rome-8,rome,Clay,Zachary Svajda,Marco Trungelliti,0-6 6-4 7-6,Round of 128 ,100,0,0,0,,0,0,0,R,175.0,USA,26.8,0,0,0,R,178.0,ARG,39.6,,90.0,666.0,78.0,743.0
2026-rome-8,rome,Clay,Alejandro Tabilo,Pablo Carreno Busta,6-2 6-1,Round of 128 ,100,0,0,0,,0,0,0,R,188.0,CHI,32.4,0,0,0,R,188.0,ESP,38.2,,35.0,1248.0,91.0,663.0
2026-rome-8,rome,Clay,Botic van de Zandschulp,Alexandre Muller,7-5 6-3,Round of 128 ,100,0,0,0,,0,0,0,R,185.0,UNK,25.5,0,0,0,R,183.0,FRA,32.7,,150.0,0.0,105.0,601.0
2026-rome-8,rome,Clay,Aleksandar Vukic,Patrick Kypson,6-3 5-7 6-0,Round of 128 ,100,0,0,0,,0,0,0,R,188.0,AUS,33.5,0,0,0,R,188.0,USA,29.4,,99.0,626.0,89.0,669.0
2026-rome-8,rome,Clay,Cristian Garin,Jan Choinski,6-2 3-6 6-2,2nd Round Qualifying ,100,0,0,0,,0,0,0,R,185.0,CHI,33.2,0,0,0,R,196.0,GBR,33.2,,104.0,602.0,122.0,526.0
2026-rome-8,rome,Clay,Dino Prizmic,Federico Bondioli,6-2 6-4,2nd Round Qualifying ,100,0,0,0,,0,0,0,R,188.0,CRO,23.5,0,0,0,R,185.0,UNK,24.0,,79.0,740.0,344.0,149.0
2026-rome-8,rome,Clay,Patrick Kypson,Titouan Droguet,7-6 6-6 5-7 7-6,2nd Round Qualifying ,100,0,0,0,,0,0,0,R,188.0,USA,29.4,0,0,0,R,191.0,FRA,28.3,,89.0,669.0,109.0,594.0
2026-rome-8,rome,Clay,Pablo Carreno Busta,Stan Wawrinka,,2nd Round Qualifying ,100,0,0,0,,0,0,0,R,188.0,ESP,38.2,0,0,0,R,183.0,SUI,44.6,,91.0,663.0,125.0,518.0
2026-rome-8,rome,Clay,Jacob Fearnley,Aleksandar Kovacevic,2-6 6-2 6-3,2nd Round Qualifying ,100,0,0,0,,0,0,0,R,183.0,GBR,28.2,0,0,0,R,183.0,USA,31.1,,123.0,523.0,95.0,639.0
2026-rome-8,rome,Clay,Andrea Pellegrino,Martin Landaluce,6-3 2-6 6-2,2nd Round Qualifying ,100,0,0,0,,0,0,0,R,185.0,ITA,32.3,0,0,0,R,191.0,ESP,23.2,,155.0,393.0,94.0,639.0
2026-rome-8,rome,Clay,Nikoloz Basilashvili,Rinky Hijikata,6-3 6-2,2nd Round Qualifying ,100,0,0,0,,0,0,0,R,185.0,GEO,36.0,0,0,0,R,178.0,AUS,28.6,,117.0,539.0,96.0,637.0
2026-rome-8,rome,Clay,Daniel Merida,Tomas Barrios Vera,6-3 3-6 7-6,2nd Round Qualifying ,100,0,0,0,,0,0,0,R,185.0,UNK,25.5,0,0,0,R,191.0,CHI,31.7,,86.0,696.0,134.0,464.0
2026-rome-8,rome,Clay,Francisco Comesana,Leandro Riedi,6-4 2-6 6-4,2nd Round Qualifying ,100,0,0,0,,0,0,0,R,178.0,ARG,28.8,0,0,0,R,191.0,SUI,27.4,,114.0,570.0,128.0,506.0
2026-rome-8,rome,Clay,Jesper de Jong,Hugo Dellien,4-6 6-2 7-6,2nd Round Qualifying ,100,0,0,0,,0,0,0,R,185.0,UNK,25.5,0,0,0,R,180.0,BOL,36.2,,150.0,0.0,133.0,468.0
2026-rome-8,rome,Clay,Pablo Llamas Ruiz,Jaime Faria,3-6 6-2 6-3,2nd Round Qualifying ,100,0,0,0,,0,0,0,R,188.0,ESP,26.5,0,0,0,R,188.0,POR,26.0,,139.0,448.0,119.0,529.0
2026-rome-8,rome,Clay,Dalibor Svrcina,Nicolai Budkov Kjaer,6-4 6-2,2nd Round Qualifying ,100,0,0,0,,0,0,0,R,178.0,CZE,26.3,0,0,0,R,188.0,NOR,23.0,,116.0,547.0,124.0,519.0
2026-rome-8,rome,Clay,Cristian Garin,Moez Echargui,6-0 6-2,1st Round Qualifying ,100,0,0,0,,0,0,0,R,185.0,CHI,33.2,0,0,0,R,178.0,TUN,36.5,,104.0,602.0,140.0,447.0
2026-rome-8,rome,Clay,Dino Prizmic,Chris Rodesch,6-4 6-3,1st Round Qualifying ,100,0,0,0,,0,0,0,R,188.0,CRO,23.5,0,0,0,R,198.0,LUX,28.1,,79.0,740.0,166.0,369.0
2026-rome-8,rome,Clay,Patrick Kypson,Jack Pinnington Jones,6-7 7-6 7-4 6-3,1st Round Qualifying ,100,0,0,0,,0,0,0,R,188.0,USA,29.4,0,0,0,R,185.0,UNK,25.5,,89.0,669.0,137.0,461.0
2026-rome-8,rome,Clay,Pablo Carreno Busta,Martin Damm,6-3 6-3,1st Round Qualifying ,100,0,0,0,,0,0,0,R,188.0,ESP,38.2,0,0,0,R,203.0,USA,25.4,,91.0,663.0,115.0,547.0
2026-rome-8,rome,Clay,Jaime Faria,Adolfo Daniel Vallejo,6-3 4-6 6-4,1st Round Qualifying ,100,0,0,0,,0,0,0,R,188.0,POR,26.0,0,0,0,R,185.0,UNK,25.5,,119.0,529.0,84.0,703.0
2026-rome-8,rome,Clay,Aleksandar Kovacevic,Lorenzo Carboni,6-4 7-6,1st Round Qualifying ,100,0,0,0,,0,0,0,R,183.0,USA,31.1,0,0,0,R,185.0,UNK,24.0,,95.0,639.0,150.0,0.0
2026-rome-8,rome,Clay,Hugo Dellien,Luca Van Assche,6-2 7-5,1st Round Qualifying ,100,0,0,0,,0,0,0,R,180.0,BOL,36.2,0,0,0,R,178.0,FRA,25.5,,133.0,468.0,97.0,636.0
2026-rome-8,rome,Clay,Martin Landaluce,Christopher O'Connell,6-2 6-3,1st Round Qualifying ,100,0,0,0,,0,0,0,R,191.0,ESP,23.2,0,0,0,R,185.0,UNK,25.5,,94.0,639.0,150.0,413.0
2026-rome-8,rome,Clay,Rinky Hijikata,Pierluigi Basile,5-7 7-6 7-4,1st Round Qualifying ,100,0,0,0,,0,0,0,R,178.0,AUS,28.6,0,0,0,R,185.0,UNK,28.5,,96.0,637.0,500.0,0.0
2026-rome-8,rome,Clay,Daniel Merida,Mackenzie McDonald,7-5 6-4,1st Round Qualifying ,100,0,0,0,,0,0,0,R,185.0,UNK,25.5,0,0,0,R,185.0,UNK,25.5,,86.0,696.0,150.0,0.0
2026-rome-8,rome,Clay,Dalibor Svrcina,Benjamin Bonzi,6-4 6-3,1st Round Qualifying ,100,0,0,0,,0,0,0,R,178.0,CZE,26.3,0,0,0,R,183.0,FRA,33.4,,116.0,547.0,101.0,616.0
2026-rome-8,rome,Clay,Francisco Comesana,Billy Harris,6-3 6-4,1st Round Qualifying ,100,0,0,0,,0,0,0,R,178.0,ARG,28.8,0,0,0,R,193.0,GBR,34.6,,114.0,570.0,148.0,421.0
2026-rome-8,rome,Clay,Stan Wawrinka,Stefano Travaglia,4-6 7-6 6-5,1st Round Qualifying ,100,0,0,0,,0,0,0,R,183.0,SUI,44.6,0,0,0,R,185.0,ITA,36.6,,125.0,518.0,141.0,444.0
2026-rome-8,rome,Clay,Jesper de Jong,Pedro Martinez,7-6 7-5,1st Round Qualifying ,100,0,0,0,,0,0,0,R,185.0,UNK,25.5,0,0,0,R,185.0,ESP,32.5,,150.0,0.0,136.0,461.0
2026-rome-8,rome,Clay,Jacob Fearnley,Shintaro Mochizuki,6-3 6-1,1st Round Qualifying ,100,0,0,0,,0,0,0,R,183.0,GBR,28.2,0,0,0,R,175.0,JPN,26.3,,123.0,523.0,130.0,480.0
2026-rome-8,rome,Clay,Titouan Droguet,Juan Cruz Martin Manzano,5-7 6-1 7-5,1st Round Qualifying ,100,0,0,0,,0,0,0,R,191.0,FRA,28.3,0,0,0,R,185.0,UNK,24.0,,109.0,594.0,150.0,0.0
2026-rome-8,rome,Clay,Andrea Pellegrino,Hugo Gaston,6-1 6-3,1st Round Qualifying ,100,0,0,0,,0,0,0,R,185.0,ITA,32.3,0,0,0,R,173.0,FRA,29.1,,155.0,393.0,118.0,535.0
2026-rome-8,rome,Clay,Federico Bondioli,Emilio Nava,4-6 7-6 7-6,1st Round Qualifying ,100,0,0,0,,0,0,0,R,185.0,UNK,24.0,0,0,0,R,185.0,USA,27.6,,344.0,149.0,108.0,594.0
2026-rome-8,rome,Clay,Pablo Llamas Ruiz,Henrique Rocha,4-6 6-3 6-1,1st Round Qualifying ,100,0,0,0,,0,0,0,R,188.0,ESP,26.5,0,0,0,R,180.0,POR,25.4,,139.0,448.0,120.0,529.0
2026-rome-8,rome,Clay,Jan Choinski,Dusan Lajovic,7-5 6-4,1st Round Qualifying ,100,0,0,0,,0,0,0,R,196.0,GBR,33.2,0,0,0,R,183.0,SRB,39.3,,122.0,526.0,132.0,471.0
2026-rome-8,rome,Clay,Nikoloz Basilashvili,Elmer Moller,4-6 6-2 7-6,1st Round Qualifying ,100,0,0,0,,0,0,0,R,185.0,GEO,36.0,0,0,0,R,183.0,DEN,26.1,,117.0,539.0,153.0,404.0
2026-rome-8,rome,Clay,Nicolai Budkov Kjaer,Otto Virtanen,6-7 5-6 7-3 6-3,1st Round Qualifying ,100,0,0,0,,0,0,0,R,188.0,NOR,23.0,0,0,0,R,193.0,FIN,28.3,,124.0,519.0,127.0,512.0
2026-rome-8,rome,Clay,Tomas Barrios Vera,Jacopo Vasami,6-3 6-4,1st Round Qualifying ,100,0,0,0,,0,0,0,R,191.0,CHI,31.7,0,0,0,R,185.0,UNK,28.5,,134.0,464.0,500.0,0.0
2026-rome-8,rome,Clay,Leandro Riedi,Vilius Gaubas,6-4 6-2,1st Round Qualifying ,100,0,0,0,,0,0,0,R,191.0,SUI,27.4,0,0,0,R,178.0,LTU,24.6,,128.0,506.0,121.0,527.0
