tourney_id,tourney_name,surface,winner_name,loser_name,score,round,minutes,draw_size,tourney_level,tourney_date,match_num,winner_id,winner_seed,winner_entry,winner_hand,winner_ht,winner_ioc,winner_age,loser_id,loser_seed,loser_entry,loser_hand,loser_ht,loser_ioc,loser_age,best_of,winner_rank,winner_rank_points,loser_rank,loser_rank_points
2026-perth-sydney-0,perth-sydney,Hard,Belinda Bencic,Iga Swiatek,3-6 6-0 6-3,Final ,100,0,0,0,0,0,0,0,0,0,0,0,0,0,0,0,0,0,0,0,0,0,0,0
2026-perth-sydney-0,perth-sydney,Hard,Hubert Hurkacz,Stan Wawrinka,6-3 3-6 6-3,Final ,100,0,0,0,0,0,0,0,0,0,0,0,0,0,0,0,0,0,0,0,0,0,0,0
2026-perth-sydney-0,perth-sydney,Hard,Coco Gauff,Iga Swiatek,6-4 6-2,Semifinals ,100,0,0,0,0,0,0,0,0,0,0,0,0,0,0,0,0,0,0,0,0,0,0,0
2026-perth-sydney-0,perth-sydney,Hard,Hubert Hurkacz,Taylor Fritz,7-6 7-1,Semifinals ,100,0,0,0,0,0,0,0,0,0,0,0,0,0,0,0,0,0,0,0,0,0,0,0
2026-perth-sydney-0,perth-sydney,Hard,Belinda Bencic,Elise Mertens,6-3 4-6 7-6,Semifinals ,100,0,0,0,0,0,0,0,0,0,0,0,0,0,0,0,0,0,0,0,0,0,0,0
2026-perth-sydney-0,perth-sydney,Hard,Zizou Bergs,Stan Wawrinka,6-3 6-7 4-3,Semifinals ,100,0,0,0,0,0,0,0,0,0,0,0,0,0,0,0,0,0,0,0,0,0,0,0
2026-perth-sydney-0,perth-sydney,Hard,Alex de Minaur,Hubert Hurkacz,6-4 4-6 6-4,Quarterfinals ,100,0,0,0,0,0,0,0,0,0,0,0,0,0,0,0,0,0,0,0,0,0,0,0
2026-perth-sydney-0,perth-sydney,Hard,Iga Swiatek,Maya Joint,6-1 6-1,Quarterfinals ,100,0,0,0,0,0,0,0,0,0,0,0,0,0,0,0,0,0,0,0,0,0,0,0
2026-perth-sydney-0,perth-sydney,Hard,Zizou Bergs,Jakub Mensik,6-2 7-6,Quarterfinals ,100,0,0,0,0,0,0,0,0,0,0,0,0,0,0,0,0,0,0,0,0,0,0,0
2026-perth-sydney-0,perth-sydney,Hard,Elise Mertens,Barbora Krejcikova,5-7 6-1 7-5,Quarterfinals ,100,0,0,0,0,0,0,0,0,0,0,0,0,0,0,0,0,0,0,0,0,0,0,0
2026-perth-sydney-0,perth-sydney,Hard,Coco Gauff,Maria Sakkari,6-3 6-2,Quarterfinals ,100,0,0,0,0,0,0,0,0,0,0,0,0,0,0,0,0,0,0,0,0,0,0,0
2026-perth-sydney-0,perth-sydney,Hard,Stefanos Tsitsipas,Taylor Fritz,6-4 7-5,Quarterfinals ,100,0,0,0,0,0,0,0,0,0,0,0,0,0,0,0,0,0,0,0,0,0,0,0
2026-perth-sydney-0,perth-sydney,Hard,Sebastian Baez,Stan Wawrinka,7-5 6-4,Quarterfinals ,100,0,0,0,0,0,0,0,0,0,0,0,0,0,0,0,0,0,0,0,0,0,0,0
2026-perth-sydney-0,perth-sydney,Hard,Belinda Bencic,Solana Sierra,6-2 6-2,Quarterfinals ,100,0,0,0,0,0,0,0,0,0,0,0,0,0,0,0,0,0,0,0,0,0,0,0
2026-perth-sydney-0,perth-sydney,Hard,Hubert Hurkacz,Tallon Griekspoor,6-3 7-6,Round Robin Day 6 ,100,0,0,0,0,0,0,0,0,0,0,0,0,0,0,0,0,0,0,0,0,0,0,0
2026-perth-sydney-0,perth-sydney,Hard,Iga Swiatek,Suzan Lamens,6-3 6-2,Round Robin Day 6 ,100,0,0,0,0,0,0,0,0,0,0,0,0,0,0,0,0,0,0,0,0,0,0,0
2026-perth-sydney-0,perth-sydney,Hard,Zizou Bergs,Felix Auger-Aliassime,6-4 6-2,Round Robin Day 5 ,100,0,0,0,0,0,0,0,0,0,0,0,0,0,0,0,0,0,0,0,0,0,0,0
2026-perth-sydney-0,perth-sydney,Hard,Elise Mertens,Victoria Mboko,6-3 3-6 6-3,Round Robin Day 5 ,100,0,0,0,0,0,0,0,0,0,0,0,0,0,0,0,0,0,0,0,0,0,0,0
2026-perth-sydney-0,perth-sydney,Hard,Jasmine Paolini,Leolia Jeanjean,6-2 6-3,Round Robin Day 5 ,100,0,0,0,0,0,0,0,0,0,0,0,0,0,0,0,0,0,0,0,0,0,0,0
2026-perth-sydney-0,perth-sydney,Hard,Arthur Rinderknech,Flavio Cobolli,6-7 4-6 7-5 7-5,Round Robin Day 5 ,100,0,0,0,0,0,0,0,0,0,0,0,0,0,0,0,0,0,0,0,0,0,0,0
2026-perth-sydney-0,perth-sydney,Hard,Alex de Minaur,Jakub Mensik,6-4 6-1,Round Robin Day 5 ,100,0,0,0,0,0,0,0,0,0,0,0,0,0,0,0,0,0,0,0,0,0,0,0
2026-perth-sydney-0,perth-sydney,Hard,Barbora Krejcikova,Maya Joint,6-4 6-1,Round Robin Day 5 ,100,0,0,0,0,0,0,0,0,0,0,0,0,0,0,0,0,0,0,0,0,0,0,0
2026-perth-sydney-0,perth-sydney,Hard,Jessica Bouzas Maneiro,Coco Gauff,6-1 6-7 3-0,Round Robin Day 4 ,100,0,0,0,0,0,0,0,0,0,0,0,0,0,0,0,0,0,0,0,0,0,0,0
2026-perth-sydney-0,perth-sydney,Hard,Taylor Fritz,Jaume Munar,7-6 3-4 7-6,Round Robin Day 4 ,100,0,0,0,0,0,0,0,0,0,0,0,0,0,0,0,0,0,0,0,0,0,0,0
2026-perth-sydney-0,perth-sydney,Hard,Maria Sakkari,Emma Raducanu,6-3 3-6 6-1,Round Robin Day 4 ,100,0,0,0,0,0,0,0,0,0,0,0,0,0,0,0,0,0,0,0,0,0,0,0
2026-perth-sydney-0,perth-sydney,Hard,Stefanos Tsitsipas,Billy Harris,4-6 6-1 7-6,Round Robin Day 4 ,100,0,0,0,0,0,0,0,0,0,0,0,0,0,0,0,0,0,0,0,0,0,0,0
2026-perth-sydney-0,perth-sydney,Hard,Hubert Hurkacz,Alexander Zverev,6-3 6-4,Round Robin Day 4 ,100,0,0,0,0,0,0,0,0,0,0,0,0,0,0,0,0,0,0,0,0,0,0,0
2026-perth-sydney-0,perth-sydney,Hard,Iga Swiatek,Eva Lys,3-6 6-3 6-4,Round Robin Day 4 ,100,0,0,0,0,0,0,0,0,0,0,0,0,0,0,0,0,0,0,0,0,0,0,0
2026-perth-sydney-0,perth-sydney,Hard,Barbora Krejcikova,Malene Helgo,6-4 6-3,Round Robin Day 4 ,100,0,0,0,0,0,0,0,0,0,0,0,0,0,0,0,0,0,0,0,0,0,0,0
2026-perth-sydney-0,perth-sydney,Hard,Jakub Mensik,Casper Ruud,7-5 7-6,Round Robin Day 4 ,100,0,0,0,0,0,0,0,0,0,0,0,0,0,0,0,0,0,0,0,0,0,0,0
2026-perth-sydney-0,perth-sydney,Hard,Felix Auger-Aliassime,Zhizhen Zhang,6-4 6-4,Round Robin Day 3 ,100,0,0,0,0,0,0,0,0,0,0,0,0,0,0,0,0,0,0,0,0,0,0,0
2026-perth-sydney-0,perth-sydney,Hard,Victoria Mboko,Lin Zhu,2-6 6-2 6-0,Round Robin Day 3 ,100,0,0,0,0,0,0,0,0,0,0,0,0,0,0,0,0,0,0,0,0,0,0,0
2026-perth-sydney-0,perth-sydney,Hard,Belinda Bencic,Jasmine Paolini,6-4 6-3,Round Robin Day 3 ,100,0,0,0,0,0,0,0,0,0,0,0,0,0,0,0,0,0,0,0,0,0,0,0
2026-perth-sydney-0,perth-sydney,Hard,Flavio Cobolli,Stan Wawrinka,6-4 6-7 2-6 7-4,Round Robin Day 3 ,100,0,0,0,0,0,0,0,0,0,0,0,0,0,0,0,0,0,0,0,0,0,0,0
2026-perth-sydney-0,perth-sydney,Hard,Billy Harris,Shintaro Mochizuki,7-6 6-4,Round Robin Day 3 ,100,0,0,0,0,0,0,0,0,0,0,0,0,0,0,0,0,0,0,0,0,0,0,0
2026-perth-sydney-0,perth-sydney,Hard,Naomi Osaka,Katie Swan,7-6 6-4,Round Robin Day 3 ,100,0,0,0,0,0,0,0,0,0,0,0,0,0,0,0,0,0,0,0,0,0,0,0
2026-perth-sydney-0,perth-sydney,Hard,Eva Lys,Suzan Lamens,6-2 6-2,Round Robin Day 3 ,100,0,0,0,0,0,0,0,0,0,0,0,0,0,0,0,0,0,0,0,0,0,0,0
2026-perth-sydney-0,perth-sydney,Hard,Alexander Zverev,Tallon Griekspoor,7-5 6-0,Round Robin Day 3 ,100,0,0,0,0,0,0,0,0,0,0,0,0,0,0,0,0,0,0,0,0,0,0,0
2026-perth-sydney-0,perth-sydney,Hard,Sebastian Baez,Taylor Fritz,4-6 7-5 6-4,Round Robin Day 2 ,100,0,0,0,0,0,0,0,0,0,0,0,0,0,0,0,0,0,0,0,0,0,0,0
2026-perth-sydney-0,perth-sydney,Hard,Coco Gauff,Solana Sierra,6-1 6-1,Round Robin Day 2 ,100,0,0,0,0,0,0,0,0,0,0,0,0,0,0,0,0,0,0,0,0,0,0,0
2026-perth-sydney-0,perth-sydney,Hard,Storm Hunter,Malene Helgo,6-2 7-6,Round Robin Day 2 ,100,0,0,0,0,0,0,0,0,0,0,0,0,0,0,0,0,0,0,0,0,0,0,0
2026-perth-sydney-0,perth-sydney,Hard,Casper Ruud,Alex de Minaur,6-3 6-3,Round Robin Day 2 ,100,0,0,0,0,0,0,0,0,0,0,0,0,0,0,0,0,0,0,0,0,0,0,0
2026-perth-sydney-0,perth-sydney,Hard,Elise Mertens,Lin Zhu,6-2 6-2,Round Robin Day 2 ,100,0,0,0,0,0,0,0,0,0,0,0,0,0,0,0,0,0,0,0,0,0,0,0
2026-perth-sydney-0,perth-sydney,Hard,Zhizhen Zhang,Zizou Bergs,6-7 2-6 7-3 7-5,Round Robin Day 2 ,100,0,0,0,0,0,0,0,0,0,0,0,0,0,0,0,0,0,0,0,0,0,0,0
2026-perth-sydney-0,perth-sydney,Hard,Belinda Bencic,Leolia Jeanjean,6-2 6-4,Round Robin Day 2 ,100,0,0,0,0,0,0,0,0,0,0,0,0,0,0,0,0,0,0,0,0,0,0,0
2026-perth-sydney-0,perth-sydney,Hard,Stan Wawrinka,Arthur Rinderknech,5-7 7-6 7-5,Round Robin Day 2 ,100,0,0,0,0,0,0,0,0,0,0,0,0,0,0,0,0,0,0,0,0,0,0,0
2026-perth-sydney-0,perth-sydney,Hard,Sebastian Baez,Jaume Munar,6-4 6-4,Round Robin ,100,0,0,0,0,0,0,0,0,0,0,0,0,0,0,0,0,0,0,0,0,0,0,0
2026-perth-sydney-0,perth-sydney,Hard,Solana Sierra,Jessica Bouzas Maneiro,6-4 5-7 6-0,Round Robin ,100,0,0,0,0,0,0,0,0,0,0,0,0,0,0,0,0,0,0,0,0,0,0,0
2026-perth-sydney-0,perth-sydney,Hard,Maria Sakkari,Naomi Osaka,6-4 6-2,Round Robin ,100,0,0,0,0,0,0,0,0,0,0,0,0,0,0,0,0,0,0,0,0,0,0,0
2026-perth-sydney-0,perth-sydney,Hard,Stefanos Tsitsipas,Shintaro Mochizuki,6-3 6-4,Round Robin ,100,0,0,0,0,0,0,0,0,0,0,0,0,0,0,0,0,0,0,0,0,0,0,0
2026-brisbane-1,brisbane,Hard,Daniil Medvedev,Brandon Nakashima,6-2 7-6,Final ,100,0,0,0,0,0,0,0,0,0,0,0,0,0,0,0,0,0,0,0,0,0,0,0
2026-brisbane-1,brisbane,Hard,Daniil Medvedev,Alex Michelsen,6-4 6-2,Semifinals ,100,0,0,0,0,0,0,0,0,0,0,0,0,0,0,0,0,0,0,0,0,0,0,0
2026-brisbane-1,brisbane,Hard,Brandon Nakashima,Aleksandar Kovacevic,7-6 6-4,Semifinals ,100,0,0,0,0,0,0,0,0,0,0,0,0,0,0,0,0,0,0,0,0,0,0,0
2026-brisbane-1,brisbane,Hard,Daniil Medvedev,Kamil Majchrzak,6-7 4-3 6-2,Quarterfinals ,100,0,0,0,0,0,0,0,0,0,0,0,0,0,0,0,0,0,0,0,0,0,0,0
2026-brisbane-1,brisbane,Hard,Aleksandar Kovacevic,Giovanni Mpetshi Perricard,7-6 4-3 6-6,Quarterfinals ,100,0,0,0,0,0,0,0,0,0,0,0,0,0,0,0,0,0,0,0,0,0,0,0
2026-brisbane-1,brisbane,Hard,Alex Michelsen,Sebastian Korda,6-3 7-6,Quarterfinals ,100,0,0,0,0,0,0,0,0,0,0,0,0,0,0,0,0,0,0,0,0,0,0,0
2026-brisbane-1,brisbane,Hard,Brandon Nakashima,Raphael Collignon,6-3 6-3,Quarterfinals ,100,0,0,0,0,0,0,0,0,0,0,0,0,0,0,0,0,0,0,0,0,0,0,0
2026-brisbane-1,brisbane,Hard,Aleksandar Kovacevic,Cameron Norrie,7-6 4-4 6-6,Round of 16 ,100,0,0,0,0,0,0,0,0,0,0,0,0,0,0,0,0,0,0,0,0,0,0,0
2026-brisbane-1,brisbane,Hard,Raphael Collignon,Grigor Dimitrov,7-6 6-1,Round of 16 ,100,0,0,0,0,0,0,0,0,0,0,0,0,0,0,0,0,0,0,0,0,0,0,0
2026-brisbane-1,brisbane,Hard,Giovanni Mpetshi Perricard,Rinky Hijikata,4-6 7-6 7-5,Round of 16 ,100,0,0,0,0,0,0,0,0,0,0,0,0,0,0,0,0,0,0,0,0,0,0,0
2026-brisbane-1,brisbane,Hard,Brandon Nakashima,Quentin Halys,6-2 6-4,Round of 16 ,100,0,0,0,0,0,0,0,0,0,0,0,0,0,0,0,0,0,0,0,0,0,0,0
2026-brisbane-1,brisbane,Hard,Daniil Medvedev,Frances Tiafoe,6-3 6-2,Round of 16 ,100,0,0,0,0,0,0,0,0,0,0,0,0,0,0,0,0,0,0,0,0,0,0,0
2026-brisbane-1,brisbane,Hard,Sebastian Korda,Jiri Lehecka,6-3 1-2,Round of 16 ,100,0,0,0,0,0,0,0,0,0,0,0,0,0,0,0,0,0,0,0,0,0,0,0
2026-brisbane-1,brisbane,Hard,Alex Michelsen,Learner Tien,6-4 6-2,Round of 16 ,100,0,0,0,0,0,0,0,0,0,0,0,0,0,0,0,0,0,0,0,0,0,0,0
2026-brisbane-1,brisbane,Hard,Kamil Majchrzak,Reilly Opelka,6-7 2-6 7-7 7-6,Round of 16 ,100,0,0,0,0,0,0,0,0,0,0,0,0,0,0,0,0,0,0,0,0,0,0,0
2026-brisbane-1,brisbane,Hard,Brandon Nakashima,Alejandro Davidovich Fokina,7-6 6-4,Round of 32 ,100,0,0,0,0,0,0,0,0,0,0,0,0,0,0,0,0,0,0,0,0,0,0,0
2026-brisbane-1,brisbane,Hard,Giovanni Mpetshi Perricard,Tommy Paul,7-6 3-2 7-6,Round of 32 ,100,0,0,0,0,0,0,0,0,0,0,0,0,0,0,0,0,0,0,0,0,0,0,0
2026-brisbane-1,brisbane,Hard,Raphael Collignon,Denis Shapovalov,6-4 6-2,Round of 32 ,100,0,0,0,0,0,0,0,0,0,0,0,0,0,0,0,0,0,0,0,0,0,0,0
2026-brisbane-1,brisbane,Hard,Cameron Norrie,Ugo Humbert,1-6 7-6 7-6,Round of 32 ,100,0,0,0,0,0,0,0,0,0,0,0,0,0,0,0,0,0,0,0,0,0,0,0
2026-brisbane-1,brisbane,Hard,Grigor Dimitrov,Pablo Carreno Busta,6-3 6-2,Round of 32 ,100,0,0,0,0,0,0,0,0,0,0,0,0,0,0,0,0,0,0,0,0,0,0,0
2026-brisbane-1,brisbane,Hard,Rinky Hijikata,Adam Walton,6-3 6-2,Round of 32 ,100,0,0,0,0,0,0,0,0,0,0,0,0,0,0,0,0,0,0,0,0,0,0,0
2026-brisbane-1,brisbane,Hard,Aleksandar Kovacevic,Nick Kyrgios,6-3 6-4,Round of 32 ,100,0,0,0,0,0,0,0,0,0,0,0,0,0,0,0,0,0,0,0,0,0,0,0
2026-brisbane-1,brisbane,Hard,Daniil Medvedev,Marton Fucsovics,6-2 6-3,Round of 32 ,100,0,0,0,0,0,0,0,0,0,0,0,0,0,0,0,0,0,0,0,0,0,0,0
2026-brisbane-1,brisbane,Hard,Jiri Lehecka,Tomas Machac,6-4 6-7 5-2,Round of 32 ,100,0,0,0,0,0,0,0,0,0,0,0,0,0,0,0,0,0,0,0,0,0,0,0
2026-brisbane-1,brisbane,Hard,Quentin Halys,Alexei Popyrin,5-7 6-3 6-4,Round of 32 ,100,0,0,0,0,0,0,0,0,0,0,0,0,0,0,0,0,0,0,0,0,0,0,0
2026-brisbane-1,brisbane,Hard,Sebastian Korda,Valentin Vacherot,7-6 6-1,Round of 32 ,100,0,0,0,0,0,0,0,0,0,0,0,0,0,0,0,0,0,0,0,0,0,0,0
2026-brisbane-1,brisbane,Hard,Kamil Majchrzak,Daniel Altmaier,7-6 6-4,Round of 32 ,100,0,0,0,0,0,0,0,0,0,0,0,0,0,0,0,0,0,0,0,0,0,0,0
2026-brisbane-1,brisbane,Hard,Alex Michelsen,James Duckworth,6-7 4-6 7-2 6-3,Round of 32 ,100,0,0,0,0,0,0,0,0,0,0,0,0,0,0,0,0,0,0,0,0,0,0,0
2026-brisbane-1,brisbane,Hard,Reilly Opelka,Dane Sweeny,6-3 7-5,Round of 32 ,100,0,0,0,0,0,0,0,0,0,0,0,0,0,0,0,0,0,0,0,0,0,0,0
2026-brisbane-1,brisbane,Hard,Learner Tien,Camilo Ugo Carabelli,7-6 6-4,Round of 32 ,100,0,0,0,0,0,0,0,0,0,0,0,0,0,0,0,0,0,0,0,0,0,0,0
2026-brisbane-1,brisbane,Hard,Frances Tiafoe,Aleksandar Vukic,6-2 6-2,Round of 32 ,100,0,0,0,0,0,0,0,0,0,0,0,0,0,0,0,0,0,0,0,0,0,0,0
2026-brisbane-1,brisbane,Hard,Rinky Hijikata,Matteo Arnaldi,,2nd Round Qualifying ,100,0,0,0,0,0,0,0,0,0,0,0,0,0,0,0,0,0,0,0,0,0,0,0
2026-brisbane-1,brisbane,Hard,Quentin Halys,Kamil Majchrzak,1-6 7-6 6-5,2nd Round Qualifying ,100,0,0,0,0,0,0,0,0,0,0,0,0,0,0,0,0,0,0,0,0,0,0,0
2026-brisbane-1,brisbane,Hard,James Duckworth,Terence Atmane,7-6 6-4,2nd Round Qualifying ,100,0,0,0,0,0,0,0,0,0,0,0,0,0,0,0,0,0,0,0,0,0,0,0
2026-brisbane-1,brisbane,Hard,Pablo Carreno Busta,Arthur Cazaux,5-3,2nd Round Qualifying ,100,0,0,0,0,0,0,0,0,0,0,0,0,0,0,0,0,0,0,0,0,0,0,0
2026-brisbane-1,brisbane,Hard,Raphael Collignon,Ethan Quinn,7-5 6-3,2nd Round Qualifying ,100,0,0,0,0,0,0,0,0,0,0,0,0,0,0,0,0,0,0,0,0,0,0,0
2026-brisbane-1,brisbane,Hard,Dane Sweeny,Christopher O'Connell,6-7 4-3 6-4,2nd Round Qualifying ,100,0,0,0,0,0,0,0,0,0,0,0,0,0,0,0,0,0,0,0,0,0,0,0
2026-brisbane-1,brisbane,Hard,Matteo Arnaldi,Hugo Gaston,6-1 5-7 7-6,1st Round Qualifying ,100,0,0,0,0,0,0,0,0,0,0,0,0,0,0,0,0,0,0,0,0,0,0,0
2026-brisbane-1,brisbane,Hard,Kamil Majchrzak,Cruz Hewitt,6-4 7-5,1st Round Qualifying ,100,0,0,0,0,0,0,0,0,0,0,0,0,0,0,0,0,0,0,0,0,0,0,0
2026-brisbane-1,brisbane,Hard,Terence Atmane,Yannick Hanfmann,6-4 7-6,1st Round Qualifying ,100,0,0,0,0,0,0,0,0,0,0,0,0,0,0,0,0,0,0,0,0,0,0,0
2026-brisbane-1,brisbane,Hard,Arthur Cazaux,Martin Landaluce,6-3 6-2,1st Round Qualifying ,100,0,0,0,0,0,0,0,0,0,0,0,0,0,0,0,0,0,0,0,0,0,0,0
2026-brisbane-1,brisbane,Hard,Ethan Quinn,Benjamin Bonzi,4-6 6-3 6-3,1st Round Qualifying ,100,0,0,0,0,0,0,0,0,0,0,0,0,0,0,0,0,0,0,0,0,0,0,0
2026-brisbane-1,brisbane,Hard,Dane Sweeny,Jacob Fearnley,6-1 7-6,1st Round Qualifying ,100,0,0,0,0,0,0,0,0,0,0,0,0,0,0,0,0,0,0,0,0,0,0,0
2026-brisbane-1,brisbane,Hard,Pablo Carreno Busta,Mattia Bellucci,6-4 2-6 7-6,1st Round Qualifying ,100,0,0,0,0,0,0,0,0,0,0,0,0,0,0,0,0,0,0,0,0,0,0,0
2026-brisbane-1,brisbane,Hard,Rinky Hijikata,Filip Misolic,6-3 6-3,1st Round Qualifying ,100,0,0,0,0,0,0,0,0,0,0,0,0,0,0,0,0,0,0,0,0,0,0,0
2026-brisbane-1,brisbane,Hard,Raphael Collignon,Alexander Shevchenko,7-5 6-4,1st Round Qualifying ,100,0,0,0,0,0,0,0,0,0,0,0,0,0,0,0,0,0,0,0,0,0,0,0
2026-brisbane-1,brisbane,Hard,James Duckworth,Tristan Schoolkate,6-3 6-2,1st Round Qualifying ,100,0,0,0,0,0,0,0,0,0,0,0,0,0,0,0,0,0,0,0,0,0,0,0
2026-brisbane-1,brisbane,Hard,Quentin Halys,Eliot Spizzirri,6-4 6-3,1st Round Qualifying ,100,0,0,0,0,0,0,0,0,0,0,0,0,0,0,0,0,0,0,0,0,0,0,0
2026-brisbane-1,brisbane,Hard,Christopher O'Connell,Nikoloz Basilashvili,6-2 6-3,1st Round Qualifying ,100,0,0,0,0,0,0,0,0,0,0,0,0,0,0,0,0,0,0,0,0,0,0,0
2026-hong-kong-2,hong-kong,Hard,Alexander Bublik,Lorenzo Musetti,7-6 6-2,Final ,100,0,0,0,0,0,0,0,0,0,0,0,0,0,0,0,0,0,0,0,0,0,0,0
2026-hong-kong-2,hong-kong,Hard,Lorenzo Musetti,Andrey Rublev,6-7 3-5 7-4,Semifinals ,100,0,0,0,0,0,0,0,0,0,0,0,0,0,0,0,0,0,0,0,0,0,0,0
2026-hong-kong-2,hong-kong,Hard,Alexander Bublik,Marcos Giron,3-6 6-4 6-2,Semifinals ,100,0,0,0,0,0,0,0,0,0,0,0,0,0,0,0,0,0,0,0,0,0,0,0
2026-hong-kong-2,hong-kong,Hard,Lorenzo Musetti,Coleman Wong,6-4 6-4,Quarterfinals ,100,0,0,0,0,0,0,0,0,0,0,0,0,0,0,0,0,0,0,0,0,0,0,0
2026-hong-kong-2,hong-kong,Hard,Alexander Bublik,Juncheng Shang,6-1 7-6,Quarterfinals ,100,0,0,0,0,0,0,0,0,0,0,0,0,0,0,0,0,0,0,0,0,0,0,0
2026-hong-kong-2,hong-kong,Hard,Andrey Rublev,Nuno Borges,6-3 6-4,Quarterfinals ,100,0,0,0,0,0,0,0,0,0,0,0,0,0,0,0,0,0,0,0,0,0,0,0
2026-hong-kong-2,hong-kong,Hard,Marcos Giron,Michael Mmoh,6-3 1-0,Quarterfinals ,100,0,0,0,0,0,0,0,0,0,0,0,0,0,0,0,0,0,0,0,0,0,0,0
2026-hong-kong-2,hong-kong,Hard,Alexander Bublik,Botic van de Zandschulp,6-3 6-3,Round of 16 ,100,0,0,0,0,0,0,0,0,0,0,0,0,0,0,0,0,0,0,0,0,0,0,0
2026-hong-kong-2,hong-kong,Hard,Michael Mmoh,Karen Khachanov,7-6 7-2,Round of 16 ,100,0,0,0,0,0,0,0,0,0,0,0,0,0,0,0,0,0,0,0,0,0,0,0
2026-hong-kong-2,hong-kong,Hard,Juncheng Shang,Lorenzo Sonego,6-3 6-4,Round of 16 ,100,0,0,0,0,0,0,0,0,0,0,0,0,0,0,0,0,0,0,0,0,0,0,0
2026-hong-kong-2,hong-kong,Hard,Marcos Giron,Alexandre Muller,6-4 7-6,Round of 16 ,100,0,0,0,0,0,0,0,0,0,0,0,0,0,0,0,0,0,0,0,0,0,0,0
2026-hong-kong-2,hong-kong,Hard,Lorenzo Musetti,Tomas Martin Etcheverry,6-7 3-2 6-4,Round of 16 ,100,0,0,0,0,0,0,0,0,0,0,0,0,0,0,0,0,0,0,0,0,0,0,0
2026-hong-kong-2,hong-kong,Hard,Andrey Rublev,Yibing Wu,3-6 6-2 6-1,Round of 16 ,100,0,0,0,0,0,0,0,0,0,0,0,0,0,0,0,0,0,0,0,0,0,0,0
2026-hong-kong-2,hong-kong,Hard,Coleman Wong,Gabriel Diallo,1-6 7-5 7-5,Round of 16 ,100,0,0,0,0,0,0,0,0,0,0,0,0,0,0,0,0,0,0,0,0,0,0,0
2026-hong-kong-2,hong-kong,Hard,Nuno Borges,Marin Cilic,7-5 6-3,Round of 16 ,100,0,0,0,0,0,0,0,0,0,0,0,0,0,0,0,0,0,0,0,0,0,0,0
2026-hong-kong-2,hong-kong,Hard,Lorenzo Sonego,Rei Sakamoto,6-2 7-6,Round of 32 ,100,0,0,0,0,0,0,0,0,0,0,0,0,0,0,0,0,0,0,0,0,0,0,0
2026-hong-kong-2,hong-kong,Hard,Gabriel Diallo,Jesper de Jong,6-4 7-6,Round of 32 ,100,0,0,0,0,0,0,0,0,0,0,0,0,0,0,0,0,0,0,0,0,0,0,0
2026-hong-kong-2,hong-kong,Hard,Alexandre Muller,Miomir Kecmanovic,7-5 6-4,Round of 32 ,100,0,0,0,0,0,0,0,0,0,0,0,0,0,0,0,0,0,0,0,0,0,0,0
2026-hong-kong-2,hong-kong,Hard,Tomas Martin Etcheverry,Valentin Royer,6-4 7-5,Round of 32 ,100,0,0,0,0,0,0,0,0,0,0,0,0,0,0,0,0,0,0,0,0,0,0,0
2026-hong-kong-2,hong-kong,Hard,Marcos Giron,Laslo Djere,6-2 6-0,Round of 32 ,100,0,0,0,0,0,0,0,0,0,0,0,0,0,0,0,0,0,0,0,0,0,0,0
2026-hong-kong-2,hong-kong,Hard,Michael Mmoh,Alejandro Tabilo,7-5 6-4,Round of 32 ,100,0,0,0,0,0,0,0,0,0,0,0,0,0,0,0,0,0,0,0,0,0,0,0
2026-hong-kong-2,hong-kong,Hard,Juncheng Shang,Francisco Comesana,6-4 6-4,Round of 32 ,100,0,0,0,0,0,0,0,0,0,0,0,0,0,0,0,0,0,0,0,0,0,0,0
2026-hong-kong-2,hong-kong,Hard,Botic van de Zandschulp,Jan-Lennard Struff,6-3 1-6 6-1,Round of 32 ,100,0,0,0,0,0,0,0,0,0,0,0,0,0,0,0,0,0,0,0,0,0,0,0
2026-hong-kong-2,hong-kong,Hard,Coleman Wong,Mariano Navone,6-3 7-5,Round of 32 ,100,0,0,0,0,0,0,0,0,0,0,0,0,0,0,0,0,0,0,0,0,0,0,0
2026-hong-kong-2,hong-kong,Hard,Nuno Borges,Damir Dzumhur,6-4 6-3,Round of 32 ,100,0,0,0,0,0,0,0,0,0,0,0,0,0,0,0,0,0,0,0,0,0,0,0
2026-hong-kong-2,hong-kong,Hard,Marin Cilic,Adrian Mannarino,6-3 6-2,Round of 32 ,100,0,0,0,0,0,0,0,0,0,0,0,0,0,0,0,0,0,0,0,0,0,0,0
2026-hong-kong-2,hong-kong,Hard,Yibing Wu,Fabian Marozsan,6-4 6-2,Round of 32 ,100,0,0,0,0,0,0,0,0,0,0,0,0,0,0,0,0,0,0,0,0,0,0,0
2026-hong-kong-2,hong-kong,Hard,Alejandro Tabilo,Yi Zhou,4-6 6-4 6-3,2nd Round Qualifying ,100,0,0,0,0,0,0,0,0,0,0,0,0,0,0,0,0,0,0,0,0,0,0,0
2026-hong-kong-2,hong-kong,Hard,Jan-Lennard Struff,Nishesh Basavareddy,7-6 6-5,2nd Round Qualifying ,100,0,0,0,0,0,0,0,0,0,0,0,0,0,0,0,0,0,0,0,0,0,0,0
2026-hong-kong-2,hong-kong,Hard,Laslo Djere,Emilio Nava,7-5 7-6,2nd Round Qualifying ,100,0,0,0,0,0,0,0,0,0,0,0,0,0,0,0,0,0,0,0,0,0,0,0
2026-hong-kong-2,hong-kong,Hard,Michael Mmoh,Patrick Kypson,6-2 3-6 6-4,2nd Round Qualifying ,100,0,0,0,0,0,0,0,0,0,0,0,0,0,0,0,0,0,0,0,0,0,0,0
2026-hong-kong-2,hong-kong,Hard,Michael Mmoh,Cristian Garin,3-6 6-3 7-5,1st Round Qualifying ,100,0,0,0,0,0,0,0,0,0,0,0,0,0,0,0,0,0,0,0,0,0,0,0
2026-hong-kong-2,hong-kong,Hard,Alejandro Tabilo,Luca Van Assche,7-6 3-3 6-6,1st Round Qualifying ,100,0,0,0,0,0,0,0,0,0,0,0,0,0,0,0,0,0,0,0,0,0,0,0
2026-hong-kong-2,hong-kong,Hard,Jan-Lennard Struff,Zsombor Piros,7-5 7-6,1st Round Qualifying ,100,0,0,0,0,0,0,0,0,0,0,0,0,0,0,0,0,0,0,0,0,0,0,0
2026-hong-kong-2,hong-kong,Hard,Emilio Nava,Kai Thompson,6-3 6-2,1st Round Qualifying ,100,0,0,0,0,0,0,0,0,0,0,0,0,0,0,0,0,0,0,0,0,0,0,0
2026-hong-kong-2,hong-kong,Hard,Laslo Djere,Elias Ymer,6-4 7-6,1st Round Qualifying ,100,0,0,0,0,0,0,0,0,0,0,0,0,0,0,0,0,0,0,0,0,0,0,0
2026-hong-kong-2,hong-kong,Hard,Patrick Kypson,Vitaliy Sachko,6-2 6-3,1st Round Qualifying ,100,0,0,0,0,0,0,0,0,0,0,0,0,0,0,0,0,0,0,0,0,0,0,0
2026-hong-kong-2,hong-kong,Hard,Nishesh Basavareddy,Yunchaokete Bu,7-6 6-9,1st Round Qualifying ,100,0,0,0,0,0,0,0,0,0,0,0,0,0,0,0,0,0,0,0,0,0,0,0
2026-hong-kong-2,hong-kong,Hard,Yi Zhou,Francesco Maestrelli,6-0 6-3,1st Round Qualifying ,100,0,0,0,0,0,0,0,0,0,0,0,0,0,0,0,0,0,0,0,0,0,0,0
2026-adelaide-3,adelaide,Hard,Tomas Machac,Ugo Humbert,6-4 6-7 2-2,Final ,100,0,0,0,0,0,0,0,0,0,0,0,0,0,0,0,0,0,0,0,0,0,0,0
2026-adelaide-3,adelaide,Hard,Ugo Humbert,Alejandro Davidovich Fokina,6-3 5-7 7-6,Semifinals ,100,0,0,0,0,0,0,0,0,0,0,0,0,0,0,0,0,0,0,0,0,0,0,0
2026-adelaide-3,adelaide,Hard,Tomas Machac,Tommy Paul,2-6 6-3 6-3,Semifinals ,100,0,0,0,0,0,0,0,0,0,0,0,0,0,0,0,0,0,0,0,0,0,0,0
2026-adelaide-3,adelaide,Hard,Alejandro Davidovich Fokina,Valentin Vacherot,7-6 6-4,Quarterfinals ,100,0,0,0,0,0,0,0,0,0,0,0,0,0,0,0,0,0,0,0,0,0,0,0
2026-adelaide-3,adelaide,Hard,Tommy Paul,Aleksandar Vukic,6-3 6-2,Quarterfinals ,100,0,0,0,0,0,0,0,0,0,0,0,0,0,0,0,0,0,0,0,0,0,0,0
2026-adelaide-3,adelaide,Hard,Tomas Machac,Jaume Munar,6-4 6-4,Quarterfinals ,100,0,0,0,0,0,0,0,0,0,0,0,0,0,0,0,0,0,0,0,0,0,0,0
2026-adelaide-3,adelaide,Hard,Ugo Humbert,Alexander Shevchenko,6-0 6-3,Quarterfinals ,100,0,0,0,0,0,0,0,0,0,0,0,0,0,0,0,0,0,0,0,0,0,0,0
2026-adelaide-3,adelaide,Hard,Alejandro Davidovich Fokina,Rinky Hijikata,6-3 6-2,Round of 16 ,100,0,0,0,0,0,0,0,0,0,0,0,0,0,0,0,0,0,0,0,0,0,0,0
2026-adelaide-3,adelaide,Hard,Tommy Paul,Reilly Opelka,6-4 6-4,Round of 16 ,100,0,0,0,0,0,0,0,0,0,0,0,0,0,0,0,0,0,0,0,0,0,0,0
2026-adelaide-3,adelaide,Hard,Jaume Munar,Francisco Cerundolo,3-6 7-5 6-4,Round of 16 ,100,0,0,0,0,0,0,0,0,0,0,0,0,0,0,0,0,0,0,0,0,0,0,0
2026-adelaide-3,adelaide,Hard,Ugo Humbert,Tallon Griekspoor,6-4 6-1,Round of 16 ,100,0,0,0,0,0,0,0,0,0,0,0,0,0,0,0,0,0,0,0,0,0,0,0
2026-adelaide-3,adelaide,Hard,Valentin Vacherot,Thanasi Kokkinakis,,Round of 16 ,100,0,0,0,0,0,0,0,0,0,0,0,0,0,0,0,0,0,0,0,0,0,0,0
2026-adelaide-3,adelaide,Hard,Tomas Machac,Quentin Halys,6-4 6-2,Round of 16 ,100,0,0,0,0,0,0,0,0,0,0,0,0,0,0,0,0,0,0,0,0,0,0,0
2026-adelaide-3,adelaide,Hard,Alexander Shevchenko,Marton Fucsovics,6-3 7-6,Round of 16 ,100,0,0,0,0,0,0,0,0,0,0,0,0,0,0,0,0,0,0,0,0,0,0,0
2026-adelaide-3,adelaide,Hard,Aleksandar Vukic,Andrea Vavassori,6-2 7-6,Round of 16 ,100,0,0,0,0,0,0,0,0,0,0,0,0,0,0,0,0,0,0,0,0,0,0,0
2026-adelaide-3,adelaide,Hard,Aleksandar Vukic,Stefanos Tsitsipas,7-6 7-3,Round of 32 ,100,0,0,0,0,0,0,0,0,0,0,0,0,0,0,0,0,0,0,0,0,0,0,0
2026-adelaide-3,adelaide,Hard,Tomas Machac,James Duckworth,6-3 6-3,Round of 32 ,100,0,0,0,0,0,0,0,0,0,0,0,0,0,0,0,0,0,0,0,0,0,0,0
2026-adelaide-3,adelaide,Hard,Marton Fucsovics,Ethan Quinn,6-4 6-4,Round of 32 ,100,0,0,0,0,0,0,0,0,0,0,0,0,0,0,0,0,0,0,0,0,0,0,0
2026-adelaide-3,adelaide,Hard,Quentin Halys,Jacob Fearnley,6-3 6-4,Round of 32 ,100,0,0,0,0,0,0,0,0,0,0,0,0,0,0,0,0,0,0,0,0,0,0,0
2026-adelaide-3,adelaide,Hard,Rinky Hijikata,Tristan Schoolkate,6-4 6-4,Round of 32 ,100,0,0,0,0,0,0,0,0,0,0,0,0,0,0,0,0,0,0,0,0,0,0,0
2026-adelaide-3,adelaide,Hard,Alexander Shevchenko,Damir Dzumhur,4-6 6-4 7-5,Round of 32 ,100,0,0,0,0,0,0,0,0,0,0,0,0,0,0,0,0,0,0,0,0,0,0,0
2026-adelaide-3,adelaide,Hard,Andrea Vavassori,Gabriel Diallo,6-3 7-6,Round of 32 ,100,0,0,0,0,0,0,0,0,0,0,0,0,0,0,0,0,0,0,0,0,0,0,0
2026-adelaide-3,adelaide,Hard,Valentin Vacherot,Miomir Kecmanovic,7-6 6-5,Round of 32 ,100,0,0,0,0,0,0,0,0,0,0,0,0,0,0,0,0,0,0,0,0,0,0,0
2026-adelaide-3,adelaide,Hard,Ugo Humbert,Terence Atmane,6-3 7-6,Round of 32 ,100,0,0,0,0,0,0,0,0,0,0,0,0,0,0,0,0,0,0,0,0,0,0,0
2026-adelaide-3,adelaide,Hard,Thanasi Kokkinakis,Sebastian Korda,3-6 6-3 7-6,Round of 32 ,100,0,0,0,0,0,0,0,0,0,0,0,0,0,0,0,0,0,0,0,0,0,0,0
2026-adelaide-3,adelaide,Hard,Jaume Munar,Daniel Altmaier,6-3 6-0,Round of 32 ,100,0,0,0,0,0,0,0,0,0,0,0,0,0,0,0,0,0,0,0,0,0,0,0
2026-adelaide-3,adelaide,Hard,Reilly Opelka,Alexei Popyrin,6-3 7-6,Round of 32 ,100,0,0,0,0,0,0,0,0,0,0,0,0,0,0,0,0,0,0,0,0,0,0,0
2026-adelaide-3,adelaide,Hard,Aleksandar Vukic,Jacob Fearnley,6-4 6-7 7-3,2nd Round Qualifying ,100,0,0,0,0,0,0,0,0,0,0,0,0,0,0,0,0,0,0,0,0,0,0,0
2026-adelaide-3,adelaide,Hard,Quentin Halys,Adam Walton,6-2 7-6,2nd Round Qualifying ,100,0,0,0,0,0,0,0,0,0,0,0,0,0,0,0,0,0,0,0,0,0,0,0
2026-adelaide-3,adelaide,Hard,Alexander Shevchenko,Filip Misolic,7-5 6-3,2nd Round Qualifying ,100,0,0,0,0,0,0,0,0,0,0,0,0,0,0,0,0,0,0,0,0,0,0,0
2026-adelaide-3,adelaide,Hard,Andrea Vavassori,Thiago Agustin Tirante,6-2 6-3,2nd Round Qualifying ,100,0,0,0,0,0,0,0,0,0,0,0,0,0,0,0,0,0,0,0,0,0,0,0
2026-adelaide-3,adelaide,Hard,Thiago Agustin Tirante,Jesper de Jong,3-6 6-1 6-3,1st Round Qualifying ,100,0,0,0,0,0,0,0,0,0,0,0,0,0,0,0,0,0,0,0,0,0,0,0
2026-adelaide-3,adelaide,Hard,Jacob Fearnley,Christopher O'Connell,7-6 7-4,1st Round Qualifying ,100,0,0,0,0,0,0,0,0,0,0,0,0,0,0,0,0,0,0,0,0,0,0,0
2026-adelaide-3,adelaide,Hard,Adam Walton,Jake Delaney,6-2 3-6 7-6,1st Round Qualifying ,100,0,0,0,0,0,0,0,0,0,0,0,0,0,0,0,0,0,0,0,0,0,0,0
2026-adelaide-3,adelaide,Hard,Filip Misolic,Daniel Jovanovski,7-5 6-4,1st Round Qualifying ,100,0,0,0,0,0,0,0,0,0,0,0,0,0,0,0,0,0,0,0,0,0,0,0
2026-adelaide-3,adelaide,Hard,Andrea Vavassori,Raphael Collignon,6-3 7-6,1st Round Qualifying ,100,0,0,0,0,0,0,0,0,0,0,0,0,0,0,0,0,0,0,0,0,0,0,0
2026-adelaide-3,adelaide,Hard,Aleksandar Vukic,Luca Nardi,6-7 4-3 6-2,1st Round Qualifying ,100,0,0,0,0,0,0,0,0,0,0,0,0,0,0,0,0,0,0,0,0,0,0,0
2026-adelaide-3,adelaide,Hard,Quentin Halys,Benjamin Bonzi,6-3 6-4,1st Round Qualifying ,100,0,0,0,0,0,0,0,0,0,0,0,0,0,0,0,0,0,0,0,0,0,0,0
2026-adelaide-3,adelaide,Hard,Alexander Shevchenko,Carlos Taberner,6-3 6-2,1st Round Qualifying ,100,0,0,0,0,0,0,0,0,0,0,0,0,0,0,0,0,0,0,0,0,0,0,0
2026-auckland-4,auckland,Hard,Jakub Mensik,Sebastian Baez,6-3 7-6,Final ,100,0,0,0,0,0,0,0,0,0,0,0,0,0,0,0,0,0,0,0,0,0,0,0
2026-auckland-4,auckland,Hard,Jakub Mensik,Fabian Marozsan,7-6 4-9 6-6,Semifinals ,100,0,0,0,0,0,0,0,0,0,0,0,0,0,0,0,0,0,0,0,0,0,0,0
2026-auckland-4,auckland,Hard,Sebastian Baez,Marcos Giron,6-1 6-4,Semifinals ,100,0,0,0,0,0,0,0,0,0,0,0,0,0,0,0,0,0,0,0,0,0,0,0
2026-auckland-4,auckland,Hard,Sebastian Baez,Ben Shelton,7-5 6-3,Quarterfinals ,100,0,0,0,0,0,0,0,0,0,0,0,0,0,0,0,0,0,0,0,0,0,0,0
2026-auckland-4,auckland,Hard,Jakub Mensik,Giovanni Mpetshi Perricard,6-4 6-2,Quarterfinals ,100,0,0,0,0,0,0,0,0,0,0,0,0,0,0,0,0,0,0,0,0,0,0,0
2026-auckland-4,auckland,Hard,Marcos Giron,Luciano Darderi,1-6 7-5 6-4,Quarterfinals ,100,0,0,0,0,0,0,0,0,0,0,0,0,0,0,0,0,0,0,0,0,0,0,0
2026-auckland-4,auckland,Hard,Fabian Marozsan,Eliot Spizzirri,6-4 2-6 6-2,Quarterfinals ,100,0,0,0,0,0,0,0,0,0,0,0,0,0,0,0,0,0,0,0,0,0,0,0
2026-auckland-4,auckland,Hard,Ben Shelton,Francisco Comesana,7-5 6-4,Round of 16 ,100,0,0,0,0,0,0,0,0,0,0,0,0,0,0,0,0,0,0,0,0,0,0,0
2026-auckland-4,auckland,Hard,Fabian Marozsan,Casper Ruud,6-4 6-4,Round of 16 ,100,0,0,0,0,0,0,0,0,0,0,0,0,0,0,0,0,0,0,0,0,0,0,0
2026-auckland-4,auckland,Hard,Jakub Mensik,Hamad Medjedovic,6-1 3-6 6-3,Round of 16 ,100,0,0,0,0,0,0,0,0,0,0,0,0,0,0,0,0,0,0,0,0,0,0,0
2026-auckland-4,auckland,Hard,Luciano Darderi,Alejandro Tabilo,1-6 7-5 6-3,Round of 16 ,100,0,0,0,0,0,0,0,0,0,0,0,0,0,0,0,0,0,0,0,0,0,0,0
2026-auckland-4,auckland,Hard,Giovanni Mpetshi Perricard,Cameron Norrie,4-6 6-3 7-6,Round of 16 ,100,0,0,0,0,0,0,0,0,0,0,0,0,0,0,0,0,0,0,0,0,0,0,0
2026-auckland-4,auckland,Hard,Marcos Giron,Alex Michelsen,6-4 6-4,Round of 16 ,100,0,0,0,0,0,0,0,0,0,0,0,0,0,0,0,0,0,0,0,0,0,0,0
2026-auckland-4,auckland,Hard,Sebastian Baez,Jenson Brooksby,7-5 6-0,Round of 16 ,100,0,0,0,0,0,0,0,0,0,0,0,0,0,0,0,0,0,0,0,0,0,0,0
2026-auckland-4,auckland,Hard,Eliot Spizzirri,Nuno Borges,7-6 6-6,Round of 16 ,100,0,0,0,0,0,0,0,0,0,0,0,0,0,0,0,0,0,0,0,0,0,0,0
2026-auckland-4,auckland,Hard,Alex Michelsen,Mariano Navone,2-6 6-2 7-5,Round of 32 ,100,0,0,0,0,0,0,0,0,0,0,0,0,0,0,0,0,0,0,0,0,0,0,0
2026-auckland-4,auckland,Hard,Nuno Borges,Tomas Martin Etcheverry,7-5 3-6 7-6,Round of 32 ,100,0,0,0,0,0,0,0,0,0,0,0,0,0,0,0,0,0,0,0,0,0,0,0
2026-auckland-4,auckland,Hard,Marcos Giron,Alexandre Muller,6-2 6-2,Round of 32 ,100,0,0,0,0,0,0,0,0,0,0,0,0,0,0,0,0,0,0,0,0,0,0,0
2026-auckland-4,auckland,Hard,Fabian Marozsan,Gael Monfils,5-7 6-3 6-4,Round of 32 ,100,0,0,0,0,0,0,0,0,0,0,0,0,0,0,0,0,0,0,0,0,0,0,0
2026-auckland-4,auckland,Hard,Hamad Medjedovic,Aleksandar Kovacevic,6-4 3-6 7-6,Round of 32 ,100,0,0,0,0,0,0,0,0,0,0,0,0,0,0,0,0,0,0,0,0,0,0,0
2026-auckland-4,auckland,Hard,Giovanni Mpetshi Perricard,Roberto Bautista Agut,6-3 7-6,Round of 32 ,100,0,0,0,0,0,0,0,0,0,0,0,0,0,0,0,0,0,0,0,0,0,0,0
2026-auckland-4,auckland,Hard,Alejandro Tabilo,Camilo Ugo Carabelli,6-4 6-2,Round of 32 ,100,0,0,0,0,0,0,0,0,0,0,0,0,0,0,0,0,0,0,0,0,0,0,0
2026-auckland-4,auckland,Hard,Cameron Norrie,Hugo Gaston,6-3 6-4,Round of 32 ,100,0,0,0,0,0,0,0,0,0,0,0,0,0,0,0,0,0,0,0,0,0,0,0
2026-auckland-4,auckland,Hard,Sebastian Baez,Emilio Nava,4-6 7-5 6-3,Round of 32 ,100,0,0,0,0,0,0,0,0,0,0,0,0,0,0,0,0,0,0,0,0,0,0,0
2026-auckland-4,auckland,Hard,Jenson Brooksby,James Watt,6-4 6-3,Round of 32 ,100,0,0,0,0,0,0,0,0,0,0,0,0,0,0,0,0,0,0,0,0,0,0,0
2026-auckland-4,auckland,Hard,Francisco Comesana,Valentin Royer,6-4 6-4,Round of 32 ,100,0,0,0,0,0,0,0,0,0,0,0,0,0,0,0,0,0,0,0,0,0,0,0
2026-auckland-4,auckland,Hard,Eliot Spizzirri,Adrian Mannarino,6-4 6-3,Round of 32 ,100,0,0,0,0,0,0,0,0,0,0,0,0,0,0,0,0,0,0,0,0,0,0,0
2026-auckland-4,auckland,Hard,Hamad Medjedovic,Mattia Bellucci,6-3 6-2,2nd Round Qualifying ,100,0,0,0,0,0,0,0,0,0,0,0,0,0,0,0,0,0,0,0,0,0,0,0
2026-auckland-4,auckland,Hard,Emilio Nava,Jan-Lennard Struff,3-6 6-4 6-3,2nd Round Qualifying ,100,0,0,0,0,0,0,0,0,0,0,0,0,0,0,0,0,0,0,0,0,0,0,0
2026-auckland-4,auckland,Hard,Eliot Spizzirri,Juan Manuel Cerundolo,6-4 6-3,2nd Round Qualifying ,100,0,0,0,0,0,0,0,0,0,0,0,0,0,0,0,0,0,0,0,0,0,0,0
2026-auckland-4,auckland,Hard,Hugo Gaston,Vit Kopriva,6-2 6-4,2nd Round Qualifying ,100,0,0,0,0,0,0,0,0,0,0,0,0,0,0,0,0,0,0,0,0,0,0,0
2026-auckland-4,auckland,Hard,Mattia Bellucci,Geoffrey Blancaneaux,6-3 6-4,1st Round Qualifying ,100,0,0,0,0,0,0,0,0,0,0,0,0,0,0,0,0,0,0,0,0,0,0,0
2026-auckland-4,auckland,Hard,Eliot Spizzirri,Cristian Garin,6-2 6-4,1st Round Qualifying ,100,0,0,0,0,0,0,0,0,0,0,0,0,0,0,0,0,0,0,0,0,0,0,0
2026-auckland-4,auckland,Hard,Hamad Medjedovic,Dalibor Svrcina,6-1 6-4,1st Round Qualifying ,100,0,0,0,0,0,0,0,0,0,0,0,0,0,0,0,0,0,0,0,0,0,0,0
2026-auckland-4,auckland,Hard,Jan-Lennard Struff,Anton Shepp,7-5 6-2,1st Round Qualifying ,100,0,0,0,0,0,0,0,0,0,0,0,0,0,0,0,0,0,0,0,0,0,0,0
2026-auckland-4,auckland,Hard,Juan Manuel Cerundolo,Shintaro Mochizuki,6-4 6-7 3-2,1st Round Qualifying ,100,0,0,0,0,0,0,0,0,0,0,0,0,0,0,0,0,0,0,0,0,0,0,0
2026-auckland-4,auckland,Hard,Hugo Gaston,Isaac Becroft,6-3 6-2,1st Round Qualifying ,100,0,0,0,0,0,0,0,0,0,0,0,0,0,0,0,0,0,0,0,0,0,0,0
2026-auckland-4,auckland,Hard,Vit Kopriva,Pablo Carreno Busta,6-3 1-6 6-4,1st Round Qualifying ,100,0,0,0,0,0,0,0,0,0,0,0,0,0,0,0,0,0,0,0,0,0,0,0
2026-auckland-4,auckland,Hard,Emilio Nava,Patrick Kypson,6-3 6-4,1st Round Qualifying ,100,0,0,0,0,0,0,0,0,0,0,0,0,0,0,0,0,0,0,0,0,0,0,0
2026-australian-open-5,australian-open,Hard,Carlos Alcaraz,Novak Djokovic,2-6 6-2 6-3 7-5,Final ,100,0,0,0,0,0,0,0,0,0,0,0,0,0,0,0,0,0,0,0,0,0,0,0
2026-australian-open-5,australian-open,Hard,Carlos Alcaraz,Alexander Zverev,6-4 7-6 6-5 3-7 6-7 4-5,Semifinals ,100,0,0,0,0,0,0,0,0,0,0,0,0,0,0,0,0,0,0,0,0,0,0,0
2026-australian-open-5,australian-open,Hard,Novak Djokovic,Jannik Sinner,3-6 6-3 4-6 6-4 6-4,Semifinals ,100,0,0,0,0,0,0,0,0,0,0,0,0,0,0,0,0,0,0,0,0,0,0,0
2026-australian-open-5,australian-open,Hard,Jannik Sinner,Ben Shelton,6-3 6-4 6-4,Quarterfinals ,100,0,0,0,0,0,0,0,0,0,0,0,0,0,0,0,0,0,0,0,0,0,0,0
2026-australian-open-5,australian-open,Hard,Novak Djokovic,Lorenzo Musetti,4-6 3-6 3-1,Quarterfinals ,100,0,0,0,0,0,0,0,0,0,0,0,0,0,0,0,0,0,0,0,0,0,0,0
2026-australian-open-5,australian-open,Hard,Carlos Alcaraz,Alex de Minaur,7-5 6-2 6-1,Quarterfinals ,100,0,0,0,0,0,0,0,0,0,0,0,0,0,0,0,0,0,0,0,0,0,0,0
2026-australian-open-5,australian-open,Hard,Alexander Zverev,Learner Tien,6-3 6-7 5-1 6-6 7-3,Quarterfinals ,100,0,0,0,0,0,0,0,0,0,0,0,0,0,0,0,0,0,0,0,0,0,0,0
2026-australian-open-5,australian-open,Hard,Jannik Sinner,Luciano Darderi,6-1 6-3 7-6,Round of 16 ,100,0,0,0,0,0,0,0,0,0,0,0,0,0,0,0,0,0,0,0,0,0,0,0
2026-australian-open-5,australian-open,Hard,Novak Djokovic,Jakub Mensik,,Round of 16 ,100,0,0,0,0,0,0,0,0,0,0,0,0,0,0,0,0,0,0,0,0,0,0,0
2026-australian-open-5,australian-open,Hard,Lorenzo Musetti,Taylor Fritz,6-2 7-5 6-4,Round of 16 ,100,0,0,0,0,0,0,0,0,0,0,0,0,0,0,0,0,0,0,0,0,0,0,0
2026-australian-open-5,australian-open,Hard,Ben Shelton,Casper Ruud,3-6 6-4 6-3 6-4,Round of 16 ,100,0,0,0,0,0,0,0,0,0,0,0,0,0,0,0,0,0,0,0,0,0,0,0
2026-australian-open-5,australian-open,Hard,Carlos Alcaraz,Tommy Paul,7-6 6-6 7-4,Round of 16 ,100,0,0,0,0,0,0,0,0,0,0,0,0,0,0,0,0,0,0,0,0,0,0,0
2026-australian-open-5,australian-open,Hard,Alexander Zverev,Francisco Cerundolo,6-2 6-4 6-4,Round of 16 ,100,0,0,0,0,0,0,0,0,0,0,0,0,0,0,0,0,0,0,0,0,0,0,0
2026-australian-open-5,australian-open,Hard,Alex de Minaur,Alexander Bublik,6-4 6-1 6-1,Round of 16 ,100,0,0,0,0,0,0,0,0,0,0,0,0,0,0,0,0,0,0,0,0,0,0,0
2026-australian-open-5,australian-open,Hard,Learner Tien,Daniil Medvedev,6-4 6-0 6-3,Round of 16 ,100,0,0,0,0,0,0,0,0,0,0,0,0,0,0,0,0,0,0,0,0,0,0,0
2026-australian-open-5,australian-open,Hard,Jannik Sinner,Eliot Spizzirri,4-6 6-3 6-4 6-4,Round of 32 ,100,0,0,0,0,0,0,0,0,0,0,0,0,0,0,0,0,0,0,0,0,0,0,0
2026-australian-open-5,australian-open,Hard,Novak Djokovic,Botic van de Zandschulp,6-3 6-4 7-6,Round of 32 ,100,0,0,0,0,0,0,0,0,0,0,0,0,0,0,0,0,0,0,0,0,0,0,0
2026-australian-open-5,australian-open,Hard,Ben Shelton,Valentin Vacherot,6-4 6-4 7-6,Round of 32 ,100,0,0,0,0,0,0,0,0,0,0,0,0,0,0,0,0,0,0,0,0,0,0,0
2026-australian-open-5,australian-open,Hard,Taylor Fritz,Stan Wawrinka,7-6 2-5 6-6 6-4,Round of 32 ,100,0,0,0,0,0,0,0,0,0,0,0,0,0,0,0,0,0,0,0,0,0,0,0
2026-australian-open-5,australian-open,Hard,Casper Ruud,Marin Cilic,6-4 6-4 3-6 7-5,Round of 32 ,100,0,0,0,0,0,0,0,0,0,0,0,0,0,0,0,0,0,0,0,0,0,0,0
2026-australian-open-5,australian-open,Hard,Jakub Mensik,Ethan Quinn,6-2 7-6 7-5,Round of 32 ,100,0,0,0,0,0,0,0,0,0,0,0,0,0,0,0,0,0,0,0,0,0,0,0
2026-australian-open-5,australian-open,Hard,Carlos Alcaraz,Corentin Moutet,6-2 6-4 6-1,Round of 32 ,100,0,0,0,0,0,0,0,0,0,0,0,0,0,0,0,0,0,0,0,0,0,0,0
2026-australian-open-5,australian-open,Hard,Alexander Zverev,Cameron Norrie,7-5 4-6 6-3 6-1,Round of 32 ,100,0,0,0,0,0,0,0,0,0,0,0,0,0,0,0,0,0,0,0,0,0,0,0
2026-australian-open-5,australian-open,Hard,Lorenzo Musetti,Tomas Machac,5-7 6-4 6-2 5-7 6-2,Round of 32 ,100,0,0,0,0,0,0,0,0,0,0,0,0,0,0,0,0,0,0,0,0,0,0,0
2026-australian-open-5,australian-open,Hard,Alex de Minaur,Frances Tiafoe,6-3 6-4 7-5,Round of 32 ,100,0,0,0,0,0,0,0,0,0,0,0,0,0,0,0,0,0,0,0,0,0,0,0
2026-australian-open-5,australian-open,Hard,Alexander Bublik,Tomas Martin Etcheverry,7-6 7-4 6-6,Round of 32 ,100,0,0,0,0,0,0,0,0,0,0,0,0,0,0,0,0,0,0,0,0,0,0,0
2026-australian-open-5,australian-open,Hard,Daniil Medvedev,Fabian Marozsan,6-7 5-6 4-5 7-0 6-3,Round of 32 ,100,0,0,0,0,0,0,0,0,0,0,0,0,0,0,0,0,0,0,0,0,0,0,0
2026-australian-open-5,australian-open,Hard,Francisco Cerundolo,Andrey Rublev,6-3 7-6 6-4,Round of 32 ,100,0,0,0,0,0,0,0,0,0,0,0,0,0,0,0,0,0,0,0,0,0,0,0
2026-australian-open-5,australian-open,Hard,Tommy Paul,Alejandro Davidovich Fokina,6-1 6-1,Round of 32 ,100,0,0,0,0,0,0,0,0,0,0,0,0,0,0,0,0,0,0,0,0,0,0,0
2026-australian-open-5,australian-open,Hard,Luciano Darderi,Karen Khachanov,7-6 3-5 6-6 6-3,Round of 32 ,100,0,0,0,0,0,0,0,0,0,0,0,0,0,0,0,0,0,0,0,0,0,0,0
2026-australian-open-5,australian-open,Hard,Learner Tien,Nuno Borges,7-6 6-9 6-4,Round of 32 ,100,0,0,0,0,0,0,0,0,0,0,0,0,0,0,0,0,0,0,0,0,0,0,0
2026-australian-open-5,australian-open,Hard,Jannik Sinner,James Duckworth,6-1 6-4 6-2,Round of 64 ,100,0,0,0,0,0,0,0,0,0,0,0,0,0,0,0,0,0,0,0,0,0,0,0
2026-australian-open-5,australian-open,Hard,Novak Djokovic,Francesco Maestrelli,6-3 6-2 6-2,Round of 64 ,100,0,0,0,0,0,0,0,0,0,0,0,0,0,0,0,0,0,0,0,0,0,0,0
2026-australian-open-5,australian-open,Hard,Lorenzo Musetti,Lorenzo Sonego,6-3 6-3 6-4,Round of 64 ,100,0,0,0,0,0,0,0,0,0,0,0,0,0,0,0,0,0,0,0,0,0,0,0
2026-australian-open-5,australian-open,Hard,Ben Shelton,Dane Sweeny,6-3 6-2 6-2,Round of 64 ,100,0,0,0,0,0,0,0,0,0,0,0,0,0,0,0,0,0,0,0,0,0,0,0
2026-australian-open-5,australian-open,Hard,Taylor Fritz,Vit Kopriva,6-1 6-4 7-6,Round of 64 ,100,0,0,0,0,0,0,0,0,0,0,0,0,0,0,0,0,0,0,0,0,0,0,0
2026-australian-open-5,australian-open,Hard,Casper Ruud,Jaume Munar,6-3 7-5 6-4,Round of 64 ,100,0,0,0,0,0,0,0,0,0,0,0,0,0,0,0,0,0,0,0,0,0,0,0
2026-australian-open-5,australian-open,Hard,Karen Khachanov,Nishesh Basavareddy,6-1 6-4 6-3,Round of 64 ,100,0,0,0,0,0,0,0,0,0,0,0,0,0,0,0,0,0,0,0,0,0,0,0
2026-australian-open-5,australian-open,Hard,Jakub Mensik,Rafael Jodar,6-2 6-4 6-4,Round of 64 ,100,0,0,0,0,0,0,0,0,0,0,0,0,0,0,0,0,0,0,0,0,0,0,0
2026-australian-open-5,australian-open,Hard,Marin Cilic,Denis Shapovalov,6-4 6-3 6-2,Round of 64 ,100,0,0,0,0,0,0,0,0,0,0,0,0,0,0,0,0,0,0,0,0,0,0,0
2026-australian-open-5,australian-open,Hard,Luciano Darderi,Sebastian Baez,6-3 1-6 6-4 6-3,Round of 64 ,100,0,0,0,0,0,0,0,0,0,0,0,0,0,0,0,0,0,0,0,0,0,0,0
2026-australian-open-5,australian-open,Hard,Valentin Vacherot,Rinky Hijikata,6-1 6-3 4-6 6-2,Round of 64 ,100,0,0,0,0,0,0,0,0,0,0,0,0,0,0,0,0,0,0,0,0,0,0,0
2026-australian-open-5,australian-open,Hard,Tomas Machac,Stefanos Tsitsipas,6-4 3-6 7-6 7-5,Round of 64 ,100,0,0,0,0,0,0,0,0,0,0,0,0,0,0,0,0,0,0,0,0,0,0,0
2026-australian-open-5,australian-open,Hard,Ethan Quinn,Hubert Hurkacz,6-4 7-6 6-5,Round of 64 ,100,0,0,0,0,0,0,0,0,0,0,0,0,0,0,0,0,0,0,0,0,0,0,0
2026-australian-open-5,australian-open,Hard,Eliot Spizzirri,Yibing Wu,6-2 6-4 6-7 4-6 4-3,Round of 64 ,100,0,0,0,0,0,0,0,0,0,0,0,0,0,0,0,0,0,0,0,0,0,0,0
2026-australian-open-5,australian-open,Hard,Botic van de Zandschulp,Juncheng Shang,7-6 6-6 6-2,Round of 64 ,100,0,0,0,0,0,0,0,0,0,0,0,0,0,0,0,0,0,0,0,0,0,0,0
2026-australian-open-5,australian-open,Hard,Stan Wawrinka,Arthur Gea,4-6 6-3 3-6 7-5 7-6,Round of 64 ,100,0,0,0,0,0,0,0,0,0,0,0,0,0,0,0,0,0,0,0,0,0,0,0
2026-australian-open-5,australian-open,Hard,Carlos Alcaraz,Yannick Hanfmann,7-6 6-4 6-3,Round of 64 ,100,0,0,0,0,0,0,0,0,0,0,0,0,0,0,0,0,0,0,0,0,0,0,0
2026-australian-open-5,australian-open,Hard,Alexander Zverev,Alexandre Muller,6-3 4-6 6-3 6-4,Round of 64 ,100,0,0,0,0,0,0,0,0,0,0,0,0,0,0,0,0,0,0,0,0,0,0,0
2026-australian-open-5,australian-open,Hard,Alex de Minaur,Hamad Medjedovic,6-7 5-2 6-2 6-1,Round of 64 ,100,0,0,0,0,0,0,0,0,0,0,0,0,0,0,0,0,0,0,0,0,0,0,0
2026-australian-open-5,australian-open,Hard,Alexander Bublik,Marton Fucsovics,7-5 6-4 7-5,Round of 64 ,100,0,0,0,0,0,0,0,0,0,0,0,0,0,0,0,0,0,0,0,0,0,0,0
2026-australian-open-5,australian-open,Hard,Daniil Medvedev,Quentin Halys,6-7 9-3 6-4 6-2,Round of 64 ,100,0,0,0,0,0,0,0,0,0,0,0,0,0,0,0,0,0,0,0,0,0,0,0
2026-australian-open-5,australian-open,Hard,Andrey Rublev,Jaime Faria,6-4 6-3 4-6 7-5,Round of 64 ,100,0,0,0,0,0,0,0,0,0,0,0,0,0,0,0,0,0,0,0,0,0,0,0
2026-australian-open-5,australian-open,Hard,Alejandro Davidovich Fokina,Reilly Opelka,6-3 7-6 5-3 4-7 6-6,Round of 64 ,100,0,0,0,0,0,0,0,0,0,0,0,0,0,0,0,0,0,0,0,0,0,0,0
2026-australian-open-5,australian-open,Hard,Francisco Cerundolo,Damir Dzumhur,6-3 6-2 6-1,Round of 64 ,100,0,0,0,0,0,0,0,0,0,0,0,0,0,0,0,0,0,0,0,0,0,0,0
2026-australian-open-5,australian-open,Hard,Tommy Paul,Thiago Agustin Tirante,6-3 6-4 6-2,Round of 64 ,100,0,0,0,0,0,0,0,0,0,0,0,0,0,0,0,0,0,0,0,0,0,0,0
2026-australian-open-5,australian-open,Hard,Learner Tien,Alexander Shevchenko,6-2 5-7 6-1 6-0,Round of 64 ,100,0,0,0,0,0,0,0,0,0,0,0,0,0,0,0,0,0,0,0,0,0,0,0
2026-australian-open-5,australian-open,Hard,Cameron Norrie,Emilio Nava,6-1 7-6 4-3 7-6,Round of 64 ,100,0,0,0,0,0,0,0,0,0,0,0,0,0,0,0,0,0,0,0,0,0,0,0
2026-australian-open-5,australian-open,Hard,Frances Tiafoe,Francisco Comesana,6-4 6-3 4-6 6-2,Round of 64 ,100,0,0,0,0,0,0,0,0,0,0,0,0,0,0,0,0,0,0,0,0,0,0,0
2026-australian-open-5,australian-open,Hard,Corentin Moutet,Michael Zheng,3-6 6-1 6-3 2-0,Round of 64 ,100,0,0,0,0,0,0,0,0,0,0,0,0,0,0,0,0,0,0,0,0,0,0,0
2026-australian-open-5,australian-open,Hard,Nuno Borges,Jordan Thompson,6-7 9-3 6-2 6-4,Round of 64 ,100,0,0,0,0,0,0,0,0,0,0,0,0,0,0,0,0,0,0,0,0,0,0,0
2026-australian-open-5,australian-open,Hard,Tomas Martin Etcheverry,Arthur Fery,7-6 6-4 6-1,Round of 64 ,100,0,0,0,0,0,0,0,0,0,0,0,0,0,0,0,0,0,0,0,0,0,0,0
2026-australian-open-5,australian-open,Hard,Fabian Marozsan,Kamil Majchrzak,6-3 6-4 7-6,Round of 64 ,100,0,0,0,0,0,0,0,0,0,0,0,0,0,0,0,0,0,0,0,0,0,0,0
2026-australian-open-5,australian-open,Hard,Jannik Sinner,Hugo Gaston,6-2 6-1,Round of 128 ,100,0,0,0,0,0,0,0,0,0,0,0,0,0,0,0,0,0,0,0,0,0,0,0
2026-australian-open-5,australian-open,Hard,Lorenzo Musetti,Raphael Collignon,4-6 7-6 7-3 3-5,Round of 128 ,100,0,0,0,0,0,0,0,0,0,0,0,0,0,0,0,0,0,0,0,0,0,0,0
2026-australian-open-5,australian-open,Hard,Ben Shelton,Ugo Humbert,6-3 7-6 7-2,Round of 128 ,100,0,0,0,0,0,0,0,0,0,0,0,0,0,0,0,0,0,0,0,0,0,0,0
2026-australian-open-5,australian-open,Hard,Taylor Fritz,Valentin Royer,7-6 5-5 6-7 6-1,Round of 128 ,100,0,0,0,0,0,0,0,0,0,0,0,0,0,0,0,0,0,0,0,0,0,0,0
2026-australian-open-5,australian-open,Hard,Karen Khachanov,Alex Michelsen,4-6 6-4 6-3 5-7 6-3,Round of 128 ,100,0,0,0,0,0,0,0,0,0,0,0,0,0,0,0,0,0,0,0,0,0,0,0
2026-australian-open-5,australian-open,Hard,Jakub Mensik,Pablo Carreno Busta,7-5 4-6 2-6 7-6 6-1,Round of 128 ,100,0,0,0,0,0,0,0,0,0,0,0,0,0,0,0,0,0,0,0,0,0,0,0
2026-australian-open-5,australian-open,Hard,Luciano Darderi,Cristian Garin,7-6 7-5 7-5,Round of 128 ,100,0,0,0,0,0,0,0,0,0,0,0,0,0,0,0,0,0,0,0,0,0,0,0
2026-australian-open-5,australian-open,Hard,Ethan Quinn,Tallon Griekspoor,6-2 6-3 6-2,Round of 128 ,100,0,0,0,0,0,0,0,0,0,0,0,0,0,0,0,0,0,0,0,0,0,0,0
2026-australian-open-5,australian-open,Hard,Eliot Spizzirri,Joao Fonseca,6-4 2-6 6-1 6-2,Round of 128 ,100,0,0,0,0,0,0,0,0,0,0,0,0,0,0,0,0,0,0,0,0,0,0,0
2026-australian-open-5,australian-open,Hard,Stefanos Tsitsipas,Shintaro Mochizuki,4-6 6-3 6-2 6-2,Round of 128 ,100,0,0,0,0,0,0,0,0,0,0,0,0,0,0,0,0,0,0,0,0,0,0,0
2026-australian-open-5,australian-open,Hard,Sebastian Baez,Giovanni Mpetshi Perricard,6-4 6-4 3-6 5-7 6-3,Round of 128 ,100,0,0,0,0,0,0,0,0,0,0,0,0,0,0,0,0,0,0,0,0,0,0,0
2026-australian-open-5,australian-open,Hard,Nishesh Basavareddy,Christopher O'Connell,4-6 7-6 6-7 3-7 6-2 6-3,Round of 128 ,100,0,0,0,0,0,0,0,0,0,0,0,0,0,0,0,0,0,0,0,0,0,0,0
2026-australian-open-5,australian-open,Hard,James Duckworth,Dino Prizmic,7-6 3-4 1-6 7-6 6-5,Round of 128 ,100,0,0,0,0,0,0,0,0,0,0,0,0,0,0,0,0,0,0,0,0,0,0,0
2026-australian-open-5,australian-open,Hard,Hubert Hurkacz,Zizou Bergs,6-7 6-6 7-6 6-3 6-3,Round of 128 ,100,0,0,0,0,0,0,0,0,0,0,0,0,0,0,0,0,0,0,0,0,0,0,0
2026-australian-open-5,australian-open,Hard,Rafael Jodar,Rei Sakamoto,7-6 6-6 5-1 4-7 6-6,Round of 128 ,100,0,0,0,0,0,0,0,0,0,0,0,0,0,0,0,0,0,0,0,0,0,0,0
2026-australian-open-5,australian-open,Hard,Vit Kopriva,Jan-Lennard Struff,4-6 6-2 2-6 6-3 6-1,Round of 128 ,100,0,0,0,0,0,0,0,0,0,0,0,0,0,0,0,0,0,0,0,0,0,0,0
2026-australian-open-5,australian-open,Hard,Tomas Machac,Grigor Dimitrov,6-4 6-4 6-3,Round of 128 ,100,0,0,0,0,0,0,0,0,0,0,0,0,0,0,0,0,0,0,0,0,0,0,0
2026-australian-open-5,australian-open,Hard,Lorenzo Sonego,Carlos Taberner,6-4 6-0 6-3,Round of 128 ,100,0,0,0,0,0,0,0,0,0,0,0,0,0,0,0,0,0,0,0,0,0,0,0
2026-australian-open-5,australian-open,Hard,Dane Sweeny,Gael Monfils,6-7 3-5 7-4 6-5,Round of 128 ,100,0,0,0,0,0,0,0,0,0,0,0,0,0,0,0,0,0,0,0,0,0,0,0
2026-australian-open-5,australian-open,Hard,Yibing Wu,Luca Nardi,7-5 4-6 6-4 6-2,Round of 128 ,100,0,0,0,0,0,0,0,0,0,0,0,0,0,0,0,0,0,0,0,0,0,0,0
2026-australian-open-5,australian-open,Hard,Novak Djokovic,Pedro Martinez,6-3 6-2 6-2,Round of 128 ,100,0,0,0,0,0,0,0,0,0,0,0,0,0,0,0,0,0,0,0,0,0,0,0
2026-australian-open-5,australian-open,Hard,Alex de Minaur,Mackenzie McDonald,6-2 6-2 6-3,Round of 128 ,100,0,0,0,0,0,0,0,0,0,0,0,0,0,0,0,0,0,0,0,0,0,0,0
2026-australian-open-5,australian-open,Hard,Nuno Borges,Felix Auger-Aliassime,3-6 6-4 6-4,Round of 128 ,100,0,0,0,0,0,0,0,0,0,0,0,0,0,0,0,0,0,0,0,0,0,0,0
2026-australian-open-5,australian-open,Hard,Daniil Medvedev,Jesper de Jong,7-5 6-2 7-6,Round of 128 ,100,0,0,0,0,0,0,0,0,0,0,0,0,0,0,0,0,0,0,0,0,0,0,0
2026-australian-open-5,australian-open,Hard,Casper Ruud,Mattia Bellucci,6-1 6-2 6-4,Round of 128 ,100,0,0,0,0,0,0,0,0,0,0,0,0,0,0,0,0,0,0,0,0,0,0,0
2026-australian-open-5,australian-open,Hard,Andrey Rublev,Matteo Arnaldi,6-4 6-2 6-3,Round of 128 ,100,0,0,0,0,0,0,0,0,0,0,0,0,0,0,0,0,0,0,0,0,0,0,0
2026-australian-open-5,australian-open,Hard,Alejandro Davidovich Fokina,Filip Misolic,6-2 6-3 6-3,Round of 128 ,100,0,0,0,0,0,0,0,0,0,0,0,0,0,0,0,0,0,0,0,0,0,0,0
2026-australian-open-5,australian-open,Hard,Arthur Gea,Jiri Lehecka,7-5 7-6 7-1,Round of 128 ,100,0,0,0,0,0,0,0,0,0,0,0,0,0,0,0,0,0,0,0,0,0,0,0
2026-australian-open-5,australian-open,Hard,Tommy Paul,Aleksandar Kovacevic,6-4 6-3 6-3,Round of 128 ,100,0,0,0,0,0,0,0,0,0,0,0,0,0,0,0,0,0,0,0,0,0,0,0
2026-australian-open-5,australian-open,Hard,Denis Shapovalov,Yunchaokete Bu,6-3 7-6 6-3,Round of 128 ,100,0,0,0,0,0,0,0,0,0,0,0,0,0,0,0,0,0,0,0,0,0,0,0
2026-australian-open-5,australian-open,Hard,Fabian Marozsan,Arthur Rinderknech,6-3 6-4 6-7 2-4,Round of 128 ,100,0,0,0,0,0,0,0,0,0,0,0,0,0,0,0,0,0,0,0,0,0,0,0
2026-australian-open-5,australian-open,Hard,Learner Tien,Marcos Giron,7-6 4-2 3-6 7-6 6-6,Round of 128 ,100,0,0,0,0,0,0,0,0,0,0,0,0,0,0,0,0,0,0,0,0,0,0,0
2026-australian-open-5,australian-open,Hard,Botic van de Zandschulp,Brandon Nakashima,6-3 4-6 7-6 7-1,Round of 128 ,100,0,0,0,0,0,0,0,0,0,0,0,0,0,0,0,0,0,0,0,0,0,0,0
2026-australian-open-5,australian-open,Hard,Valentin Vacherot,Martin Damm,6-4 6-4 6-4,Round of 128 ,100,0,0,0,0,0,0,0,0,0,0,0,0,0,0,0,0,0,0,0,0,0,0,0
2026-australian-open-5,australian-open,Hard,Marin Cilic,Daniel Altmaier,6-0 6-0 7-6,Round of 128 ,100,0,0,0,0,0,0,0,0,0,0,0,0,0,0,0,0,0,0,0,0,0,0,0
2026-australian-open-5,australian-open,Hard,Quentin Halys,Alejandro Tabilo,6-2 6-2 7-6,Round of 128 ,100,0,0,0,0,0,0,0,0,0,0,0,0,0,0,0,0,0,0,0,0,0,0,0
2026-australian-open-5,australian-open,Hard,Rinky Hijikata,Adrian Mannarino,6-3 6-3 6-1,Round of 128 ,100,0,0,0,0,0,0,0,0,0,0,0,0,0,0,0,0,0,0,0,0,0,0,0
2026-australian-open-5,australian-open,Hard,Francesco Maestrelli,Terence Atmane,6-4 3-6 6-7 4-1 6-1,Round of 128 ,100,0,0,0,0,0,0,0,0,0,0,0,0,0,0,0,0,0,0,0,0,0,0,0
2026-australian-open-5,australian-open,Hard,Kamil Majchrzak,Jacob Fearnley,7-6 7-2 3-5 7-6,Round of 128 ,100,0,0,0,0,0,0,0,0,0,0,0,0,0,0,0,0,0,0,0,0,0,0,0
2026-australian-open-5,australian-open,Hard,Hamad Medjedovic,Mariano Navone,6-2 6-7 3-4 6-2,Round of 128 ,100,0,0,0,0,0,0,0,0,0,0,0,0,0,0,0,0,0,0,0,0,0,0,0
2026-australian-open-5,australian-open,Hard,Alexandre Muller,Alexei Popyrin,2-6 6-3 3-6 7-6 7-5,Round of 128 ,100,0,0,0,0,0,0,0,0,0,0,0,0,0,0,0,0,0,0,0,0,0,0,0
2026-australian-open-5,australian-open,Hard,Jaume Munar,Dalibor Svrcina,3-6 6-2 6-7 5-5 7-3,Round of 128 ,100,0,0,0,0,0,0,0,0,0,0,0,0,0,0,0,0,0,0,0,0,0,0,0
2026-australian-open-5,australian-open,Hard,Reilly Opelka,Nicolai Budkov Kjaer,6-4 6-3 6-4,Round of 128 ,100,0,0,0,0,0,0,0,0,0,0,0,0,0,0,0,0,0,0,0,0,0,0,0
2026-australian-open-5,australian-open,Hard,Juncheng Shang,Roberto Bautista Agut,6-4 6-7 2-4 6-0,Round of 128 ,100,0,0,0,0,0,0,0,0,0,0,0,0,0,0,0,0,0,0,0,0,0,0,0
2026-australian-open-5,australian-open,Hard,Alexander Shevchenko,Elias Ymer,3-6 7-5 6-4 6-1,Round of 128 ,100,0,0,0,0,0,0,0,0,0,0,0,0,0,0,0,0,0,0,0,0,0,0,0
2026-australian-open-5,australian-open,Hard,Jordan Thompson,Juan Manuel Cerundolo,6-7 3-5 7-1 6-1,Round of 128 ,100,0,0,0,0,0,0,0,0,0,0,0,0,0,0,0,0,0,0,0,0,0,0,0
2026-australian-open-5,australian-open,Hard,Thiago Agustin Tirante,Aleksandar Vukic,7-5 6-2 6-2,Round of 128 ,100,0,0,0,0,0,0,0,0,0,0,0,0,0,0,0,0,0,0,0,0,0,0,0
2026-australian-open-5,australian-open,Hard,Stan Wawrinka,Laslo Djere,5-7 6-3 6-4 7-6,Round of 128 ,100,0,0,0,0,0,0,0,0,0,0,0,0,0,0,0,0,0,0,0,0,0,0,0
2026-australian-open-5,australian-open,Hard,Carlos Alcaraz,Adam Walton,6-3 7-6 6-2,Round of 128 ,100,0,0,0,0,0,0,0,0,0,0,0,0,0,0,0,0,0,0,0,0,0,0,0
2026-australian-open-5,australian-open,Hard,Alexander Zverev,Gabriel Diallo,6-7 1-1 6-4 6-2,Round of 128 ,100,0,0,0,0,0,0,0,0,0,0,0,0,0,0,0,0,0,0,0,0,0,0,0
2026-australian-open-5,australian-open,Hard,Alexander Bublik,Jenson Brooksby,6-4 6-4 6-4,Round of 128 ,100,0,0,0,0,0,0,0,0,0,0,0,0,0,0,0,0,0,0,0,0,0,0,0
2026-australian-open-5,australian-open,Hard,Francisco Cerundolo,Zhizhen Zhang,6-3 7-6 6-0,Round of 128 ,100,0,0,0,0,0,0,0,0,0,0,0,0,0,0,0,0,0,0,0,0,0,0,0
2026-australian-open-5,australian-open,Hard,Arthur Fery,Flavio Cobolli,7-6 6-1 6-4,Round of 128 ,100,0,0,0,0,0,0,0,0,0,0,0,0,0,0,0,0,0,0,0,0,0,0,0
2026-australian-open-5,australian-open,Hard,Cameron Norrie,Benjamin Bonzi,6-0 6-7 2-6 4-3 6-4,Round of 128 ,100,0,0,0,0,0,0,0,0,0,0,0,0,0,0,0,0,0,0,0,0,0,0,0
2026-australian-open-5,australian-open,Hard,Frances Tiafoe,Jason Kubler,7-6 6-4 6-3,Round of 128 ,100,0,0,0,0,0,0,0,0,0,0,0,0,0,0,0,0,0,0,0,0,0,0,0
2026-australian-open-5,australian-open,Hard,Corentin Moutet,Tristan Schoolkate,6-4 7-6 6-1,Round of 128 ,100,0,0,0,0,0,0,0,0,0,0,0,0,0,0,0,0,0,0,0,0,0,0,0
2026-australian-open-5,australian-open,Hard,Francisco Comesana,Patrick Kypson,6-2 6-3 3-6 6-3,Round of 128 ,100,0,0,0,0,0,0,0,0,0,0,0,0,0,0,0,0,0,0,0,0,0,0,0
2026-australian-open-5,australian-open,Hard,Damir Dzumhur,Liam Draxl,7-5 6-0 6-4,Round of 128 ,100,0,0,0,0,0,0,0,0,0,0,0,0,0,0,0,0,0,0,0,0,0,0,0
2026-australian-open-5,australian-open,Hard,Tomas Martin Etcheverry,Miomir Kecmanovic,6-2 3-6 4-6 6-3 6-4,Round of 128 ,100,0,0,0,0,0,0,0,0,0,0,0,0,0,0,0,0,0,0,0,0,0,0,0
2026-australian-open-5,australian-open,Hard,Jaime Faria,Alexander Blockx,6-3 3-6 6-3 6-4,Round of 128 ,100,0,0,0,0,0,0,0,0,0,0,0,0,0,0,0,0,0,0,0,0,0,0,0
2026-australian-open-5,australian-open,Hard,Marton Fucsovics,Camilo Ugo Carabelli,7-6 6-5 6-1,Round of 128 ,100,0,0,0,0,0,0,0,0,0,0,0,0,0,0,0,0,0,0,0,0,0,0,0
2026-australian-open-5,australian-open,Hard,Yannick Hanfmann,Zachary Svajda,7-5 4-6 6-4 7-6,Round of 128 ,100,0,0,0,0,0,0,0,0,0,0,0,0,0,0,0,0,0,0,0,0,0,0,0
2026-australian-open-5,australian-open,Hard,Emilio Nava,Kyrian Jacquet,6-2 7-5 6-7 5-6 4-6 7-6,Round of 128 ,100,0,0,0,0,0,0,0,0,0,0,0,0,0,0,0,0,0,0,0,0,0,0,0
2026-australian-open-5,australian-open,Hard,Michael Zheng,Sebastian Korda,6-4 6-4 3-6 6-7 0-3,Round of 128 ,100,0,0,0,0,0,0,0,0,0,0,0,0,0,0,0,0,0,0,0,0,0,0,0
2026-australian-open-5,australian-open,Hard,Liam Draxl,Mackenzie McDonald,3-6 7-6 6-2,3rd Round Qualifying ,100,0,0,0,0,0,0,0,0,0,0,0,0,0,0,0,0,0,0,0,0,0,0,0
2026-australian-open-5,australian-open,Hard,Jason Kubler,Alexander Blockx,3-6 6-3 1-0,3rd Round Qualifying ,100,0,0,0,0,0,0,0,0,0,0,0,0,0,0,0,0,0,0,0,0,0,0,0
2026-australian-open-5,australian-open,Hard,Francesco Maestrelli,Dusan Lajovic,4-6 6-4 6-3,3rd Round Qualifying ,100,0,0,0,0,0,0,0,0,0,0,0,0,0,0,0,0,0,0,0,0,0,0,0
2026-australian-open-5,australian-open,Hard,Arthur Fery,Dino Prizmic,6-4 6-1,3rd Round Qualifying ,100,0,0,0,0,0,0,0,0,0,0,0,0,0,0,0,0,0,0,0,0,0,0,0
2026-australian-open-5,australian-open,Hard,Jaime Faria,Marco Trungelliti,7-6 6-5,3rd Round Qualifying ,100,0,0,0,0,0,0,0,0,0,0,0,0,0,0,0,0,0,0,0,0,0,0,0
2026-australian-open-5,australian-open,Hard,Nicolai Budkov Kjaer,Pierre-Hugues Herbert,6-2 6-3,3rd Round Qualifying ,100,0,0,0,0,0,0,0,0,0,0,0,0,0,0,0,0,0,0,0,0,0,0,0
2026-australian-open-5,australian-open,Hard,Michael Zheng,Lukas Klein,4-6 6-3 7-6,3rd Round Qualifying ,100,0,0,0,0,0,0,0,0,0,0,0,0,0,0,0,0,0,0,0,0,0,0,0
2026-australian-open-5,australian-open,Hard,Zachary Svajda,Kimmer Coppejans,7-6 6-5,3rd Round Qualifying ,100,0,0,0,0,0,0,0,0,0,0,0,0,0,0,0,0,0,0,0,0,0,0,0
2026-australian-open-5,australian-open,Hard,Arthur Gea,Adolfo Daniel Vallejo,6-2 6-2,3rd Round Qualifying ,100,0,0,0,0,0,0,0,0,0,0,0,0,0,0,0,0,0,0,0,0,0,0,0
2026-australian-open-5,australian-open,Hard,Nishesh Basavareddy,George Loffhagen,5-7 6-4 6-4,3rd Round Qualifying ,100,0,0,0,0,0,0,0,0,0,0,0,0,0,0,0,0,0,0,0,0,0,0,0
2026-australian-open-5,australian-open,Hard,Martin Damm,Gilles Arnaud Bailly,7-5 7-5,3rd Round Qualifying ,100,0,0,0,0,0,0,0,0,0,0,0,0,0,0,0,0,0,0,0,0,0,0,0
2026-australian-open-5,australian-open,Hard,Rafael Jodar,Luca Van Assche,6-3 0-6 6-1,3rd Round Qualifying ,100,0,0,0,0,0,0,0,0,0,0,0,0,0,0,0,0,0,0,0,0,0,0,0
2026-australian-open-5,australian-open,Hard,Rei Sakamoto,Giulio Zeppieri,6-2 6-2,3rd Round Qualifying ,100,0,0,0,0,0,0,0,0,0,0,0,0,0,0,0,0,0,0,0,0,0,0,0
2026-australian-open-5,australian-open,Hard,Dane Sweeny,Stefano Travaglia,7-6 7-5,3rd Round Qualifying ,100,0,0,0,0,0,0,0,0,0,0,0,0,0,0,0,0,0,0,0,0,0,0,0
2026-australian-open-5,australian-open,Hard,Yibing Wu,Tristan Boyer,6-3 6-2,3rd Round Qualifying ,100,0,0,0,0,0,0,0,0,0,0,0,0,0,0,0,0,0,0,0,0,0,0,0
2026-australian-open-5,australian-open,Hard,Elias Ymer,Coleman Wong,7-6 4-4 6-6,3rd Round Qualifying ,100,0,0,0,0,0,0,0,0,0,0,0,0,0,0,0,0,0,0,0,0,0,0,0
2026-australian-open-5,australian-open,Hard,Arthur Gea,Roman Andres Burruchaga,6-2 6-3,2nd Round Qualifying ,100,0,0,0,0,0,0,0,0,0,0,0,0,0,0,0,0,0,0,0,0,0,0,0
2026-australian-open-5,australian-open,Hard,Michael Zheng,Tomas Barrios Vera,6-4 6-7 5-2,2nd Round Qualifying ,100,0,0,0,0,0,0,0,0,0,0,0,0,0,0,0,0,0,0,0,0,0,0,0
2026-australian-open-5,australian-open,Hard,Mackenzie McDonald,Hugo Grenier,7-6 6-4,2nd Round Qualifying ,100,0,0,0,0,0,0,0,0,0,0,0,0,0,0,0,0,0,0,0,0,0,0,0
2026-australian-open-5,australian-open,Hard,Alexander Blockx,Alex Molcan,6-1 6-1,2nd Round Qualifying ,100,0,0,0,0,0,0,0,0,0,0,0,0,0,0,0,0,0,0,0,0,0,0,0
2026-australian-open-5,australian-open,Hard,Elias Ymer,Elmer Moller,4-6 6-4 7-5,2nd Round Qualifying ,100,0,0,0,0,0,0,0,0,0,0,0,0,0,0,0,0,0,0,0,0,0,0,0
2026-australian-open-5,australian-open,Hard,Dusan Lajovic,Murphy Cassone,7-5 6-3,2nd Round Qualifying ,100,0,0,0,0,0,0,0,0,0,0,0,0,0,0,0,0,0,0,0,0,0,0,0
2026-australian-open-5,australian-open,Hard,Dino Prizmic,Gustavo Heide,7-5 6-2,2nd Round Qualifying ,100,0,0,0,0,0,0,0,0,0,0,0,0,0,0,0,0,0,0,0,0,0,0,0
2026-australian-open-5,australian-open,Hard,Jason Kubler,Vilius Gaubas,7-5 6-2,2nd Round Qualifying ,100,0,0,0,0,0,0,0,0,0,0,0,0,0,0,0,0,0,0,0,0,0,0,0
2026-australian-open-5,australian-open,Hard,Marco Trungelliti,Henrique Rocha,7-5 4-6 6-3,2nd Round Qualifying ,100,0,0,0,0,0,0,0,0,0,0,0,0,0,0,0,0,0,0,0,0,0,0,0
2026-australian-open-5,australian-open,Hard,Liam Draxl,Vitaliy Sachko,6-3 5-7 7-6,2nd Round Qualifying ,100,0,0,0,0,0,0,0,0,0,0,0,0,0,0,0,0,0,0,0,0,0,0,0
2026-australian-open-5,australian-open,Hard,Nicolai Budkov Kjaer,James McCabe,4-6 6-3 7-6,2nd Round Qualifying ,100,0,0,0,0,0,0,0,0,0,0,0,0,0,0,0,0,0,0,0,0,0,0,0
2026-australian-open-5,australian-open,Hard,Francesco Maestrelli,Thiago Seyboth Wild,7-6 6-2,2nd Round Qualifying ,100,0,0,0,0,0,0,0,0,0,0,0,0,0,0,0,0,0,0,0,0,0,0,0
2026-australian-open-5,australian-open,Hard,Tristan Boyer,Francesco Passaro,6-7 4-4 6-2,2nd Round Qualifying ,100,0,0,0,0,0,0,0,0,0,0,0,0,0,0,0,0,0,0,0,0,0,0,0
2026-australian-open-5,australian-open,Hard,Lukas Klein,Daniel Merida,6-3 6-7 2-4,2nd Round Qualifying ,100,0,0,0,0,0,0,0,0,0,0,0,0,0,0,0,0,0,0,0,0,0,0,0
2026-australian-open-5,australian-open,Hard,Zachary Svajda,Jurij Rodionov,6-1 6-4,2nd Round Qualifying ,100,0,0,0,0,0,0,0,0,0,0,0,0,0,0,0,0,0,0,0,0,0,0,0
2026-australian-open-5,australian-open,Hard,Adolfo Daniel Vallejo,Federico Cina,4-6 6-2 6-3,2nd Round Qualifying ,100,0,0,0,0,0,0,0,0,0,0,0,0,0,0,0,0,0,0,0,0,0,0,0
2026-australian-open-5,australian-open,Hard,Kimmer Coppejans,Leandro Riedi,3-6 6-3 6-4,2nd Round Qualifying ,100,0,0,0,0,0,0,0,0,0,0,0,0,0,0,0,0,0,0,0,0,0,0,0
2026-australian-open-5,australian-open,Hard,Jaime Faria,Benjamin Hassan,6-3 6-4,2nd Round Qualifying ,100,0,0,0,0,0,0,0,0,0,0,0,0,0,0,0,0,0,0,0,0,0,0,0
2026-australian-open-5,australian-open,Hard,Arthur Fery,Bernard Tomic,6-4 6-2,2nd Round Qualifying ,100,0,0,0,0,0,0,0,0,0,0,0,0,0,0,0,0,0,0,0,0,0,0,0
2026-australian-open-5,australian-open,Hard,Pierre-Hugues Herbert,Gonzalo Bueno,7-5 6-2,2nd Round Qualifying ,100,0,0,0,0,0,0,0,0,0,0,0,0,0,0,0,0,0,0,0,0,0,0,0
2026-australian-open-5,australian-open,Hard,Rafael Jodar,Chris Rodesch,7-6 6-10,2nd Round Qualifying ,100,0,0,0,0,0,0,0,0,0,0,0,0,0,0,0,0,0,0,0,0,0,0,0
2026-australian-open-5,australian-open,Hard,Dane Sweeny,Jerome Kym,6-4 6-4,2nd Round Qualifying ,100,0,0,0,0,0,0,0,0,0,0,0,0,0,0,0,0,0,0,0,0,0,0,0
2026-australian-open-5,australian-open,Hard,Stefano Travaglia,Martin Landaluce,4-6 6-1 6-4,2nd Round Qualifying ,100,0,0,0,0,0,0,0,0,0,0,0,0,0,0,0,0,0,0,0,0,0,0,0
2026-australian-open-5,australian-open,Hard,Luca Van Assche,Daniil Glinka,6-3 6-0,2nd Round Qualifying ,100,0,0,0,0,0,0,0,0,0,0,0,0,0,0,0,0,0,0,0,0,0,0,0
2026-australian-open-5,australian-open,Hard,Coleman Wong,Pablo Llamas Ruiz,7-6 6-7,2nd Round Qualifying ,100,0,0,0,0,0,0,0,0,0,0,0,0,0,0,0,0,0,0,0,0,0,0,0
2026-australian-open-5,australian-open,Hard,Yibing Wu,Nicolas Mejia,6-4 6-4,2nd Round Qualifying ,100,0,0,0,0,0,0,0,0,0,0,0,0,0,0,0,0,0,0,0,0,0,0,0
2026-australian-open-5,australian-open,Hard,Giulio Zeppieri,Brandon Holt,6-7 4-5 7-4,2nd Round Qualifying ,100,0,0,0,0,0,0,0,0,0,0,0,0,0,0,0,0,0,0,0,0,0,0,0
2026-australian-open-5,australian-open,Hard,George Loffhagen,Yoshihito Nishioka,6-3 3-1,2nd Round Qualifying ,100,0,0,0,0,0,0,0,0,0,0,0,0,0,0,0,0,0,0,0,0,0,0,0
2026-australian-open-5,australian-open,Hard,Gilles Arnaud Bailly,Roberto Carballes Baena,7-6 6-4 3-7 6-2,2nd Round Qualifying ,100,0,0,0,0,0,0,0,0,0,0,0,0,0,0,0,0,0,0,0,0,0,0,0
2026-australian-open-5,australian-open,Hard,Nishesh Basavareddy,Sebastian Ofner,4-6 6-4 7-6,2nd Round Qualifying ,100,0,0,0,0,0,0,0,0,0,0,0,0,0,0,0,0,0,0,0,0,0,0,0
2026-australian-open-5,australian-open,Hard,Rei Sakamoto,Colton Smith,6-4 6-4,2nd Round Qualifying ,100,0,0,0,0,0,0,0,0,0,0,0,0,0,0,0,0,0,0,0,0,0,0,0
2026-australian-open-5,australian-open,Hard,Martin Damm,Titouan Droguet,6-4 6-3,2nd Round Qualifying ,100,0,0,0,0,0,0,0,0,0,0,0,0,0,0,0,0,0,0,0,0,0,0,0
2026-australian-open-5,australian-open,Hard,Roman Andres Burruchaga,Ryan Peniston,6-1 6-1,1st Round Qualifying ,100,0,0,0,0,0,0,0,0,0,0,0,0,0,0,0,0,0,0,0,0,0,0,0
2026-australian-open-5,australian-open,Hard,Tomas Barrios Vera,Sascha Gueymard Wayenburg,6-2 7-6,1st Round Qualifying ,100,0,0,0,0,0,0,0,0,0,0,0,0,0,0,0,0,0,0,0,0,0,0,0
2026-australian-open-5,australian-open,Hard,Mackenzie McDonald,Dmitry Popko,6-7 4-4 6-5,1st Round Qualifying ,100,0,0,0,0,0,0,0,0,0,0,0,0,0,0,0,0,0,0,0,0,0,0,0
2026-australian-open-5,australian-open,Hard,Alexander Blockx,Marco Cecchinato,6-3 6-4,1st Round Qualifying ,100,0,0,0,0,0,0,0,0,0,0,0,0,0,0,0,0,0,0,0,0,0,0,0
2026-australian-open-5,australian-open,Hard,Elmer Moller,Marc Polmans,6-4 7-6,1st Round Qualifying ,100,0,0,0,0,0,0,0,0,0,0,0,0,0,0,0,0,0,0,0,0,0,0,0
2026-australian-open-5,australian-open,Hard,Leandro Riedi,Jan Choinski,6-3 6-4,1st Round Qualifying ,100,0,0,0,0,0,0,0,0,0,0,0,0,0,0,0,0,0,0,0,0,0,0,0
2026-australian-open-5,australian-open,Hard,Nicolas Mejia,Otto Virtanen,6-3 3-6 6-4,1st Round Qualifying ,100,0,0,0,0,0,0,0,0,0,0,0,0,0,0,0,0,0,0,0,0,0,0,0
2026-australian-open-5,australian-open,Hard,Chris Rodesch,Billy Harris,6-3 6-4,1st Round Qualifying ,100,0,0,0,0,0,0,0,0,0,0,0,0,0,0,0,0,0,0,0,0,0,0,0
2026-australian-open-5,australian-open,Hard,Vilius Gaubas,Nicolas Moreno De Alboran,7-5 6-3,1st Round Qualifying ,100,0,0,0,0,0,0,0,0,0,0,0,0,0,0,0,0,0,0,0,0,0,0,0
2026-australian-open-5,australian-open,Hard,Liam Draxl,Moerani Bouzige,7-6 6-3,1st Round Qualifying ,100,0,0,0,0,0,0,0,0,0,0,0,0,0,0,0,0,0,0,0,0,0,0,0
2026-australian-open-5,australian-open,Hard,Zachary Svajda,Hady Habib,6-1 6-3,1st Round Qualifying ,100,0,0,0,0,0,0,0,0,0,0,0,0,0,0,0,0,0,0,0,0,0,0,0
2026-australian-open-5,australian-open,Hard,Adolfo Daniel Vallejo,Rodrigo Pacheco Mendez,6-1 6-2,1st Round Qualifying ,100,0,0,0,0,0,0,0,0,0,0,0,0,0,0,0,0,0,0,0,0,0,0,0
2026-australian-open-5,australian-open,Hard,Coleman Wong,Ugo Blanchet,6-3 7-6,1st Round Qualifying ,100,0,0,0,0,0,0,0,0,0,0,0,0,0,0,0,0,0,0,0,0,0,0,0
2026-australian-open-5,australian-open,Hard,Federico Cina,Lloyd Harris,6-4 6-7 4-3,1st Round Qualifying ,100,0,0,0,0,0,0,0,0,0,0,0,0,0,0,0,0,0,0,0,0,0,0,0
2026-australian-open-5,australian-open,Hard,Kimmer Coppejans,Omar Jasika,7-6 6-2,1st Round Qualifying ,100,0,0,0,0,0,0,0,0,0,0,0,0,0,0,0,0,0,0,0,0,0,0,0
2026-australian-open-5,australian-open,Hard,Arthur Gea,Zdenek Kolar,6-2 6-3,1st Round Qualifying ,100,0,0,0,0,0,0,0,0,0,0,0,0,0,0,0,0,0,0,0,0,0,0,0
2026-australian-open-5,australian-open,Hard,Hugo Grenier,Daniel Elahi Galan,7-6 1-9,1st Round Qualifying ,100,0,0,0,0,0,0,0,0,0,0,0,0,0,0,0,0,0,0,0,0,0,0,0
2026-australian-open-5,australian-open,Hard,Rafael Jodar,Li Tu,6-2 6-1,1st Round Qualifying ,100,0,0,0,0,0,0,0,0,0,0,0,0,0,0,0,0,0,0,0,0,0,0,0
2026-australian-open-5,australian-open,Hard,Jason Kubler,Harold Mayot,6-3 6-4,1st Round Qualifying ,100,0,0,0,0,0,0,0,0,0,0,0,0,0,0,0,0,0,0,0,0,0,0,0
2026-australian-open-5,australian-open,Hard,Pablo Llamas Ruiz,Henry Bernet,3-6 6-3 7-6,1st Round Qualifying ,100,0,0,0,0,0,0,0,0,0,0,0,0,0,0,0,0,0,0,0,0,0,0,0
2026-australian-open-5,australian-open,Hard,Alex Molcan,Sho Shimabukuro,6-4 4-6 6-3,1st Round Qualifying ,100,0,0,0,0,0,0,0,0,0,0,0,0,0,0,0,0,0,0,0,0,0,0,0
2026-australian-open-5,australian-open,Hard,Jurij Rodionov,Juan Pablo Ficovich,7-5 6-3,1st Round Qualifying ,100,0,0,0,0,0,0,0,0,0,0,0,0,0,0,0,0,0,0,0,0,0,0,0
2026-australian-open-5,australian-open,Hard,Vitaliy Sachko,Viktor Durasovic,6-3 7-6,1st Round Qualifying ,100,0,0,0,0,0,0,0,0,0,0,0,0,0,0,0,0,0,0,0,0,0,0,0
2026-australian-open-5,australian-open,Hard,Yibing Wu,Mitchell Krueger,7-5 6-4,1st Round Qualifying ,100,0,0,0,0,0,0,0,0,0,0,0,0,0,0,0,0,0,0,0,0,0,0,0
2026-australian-open-5,australian-open,Hard,Elias Ymer,Alex Bolt,7-6 7-4,1st Round Qualifying ,100,0,0,0,0,0,0,0,0,0,0,0,0,0,0,0,0,0,0,0,0,0,0,0
2026-australian-open-5,australian-open,Hard,Michael Zheng,Cruz Hewitt,6-3 6-3,1st Round Qualifying ,100,0,0,0,0,0,0,0,0,0,0,0,0,0,0,0,0,0,0,0,0,0,0,0
2026-australian-open-5,australian-open,Hard,Gonzalo Bueno,Nikoloz Basilashvili,6-1 7-6,1st Round Qualifying ,100,0,0,0,0,0,0,0,0,0,0,0,0,0,0,0,0,0,0,0,0,0,0,0
2026-australian-open-5,australian-open,Hard,Brandon Holt,Lukas Neumayer,4-6 6-2 6-3,1st Round Qualifying ,100,0,0,0,0,0,0,0,0,0,0,0,0,0,0,0,0,0,0,0,0,0,0,0
2026-australian-open-5,australian-open,Hard,Yoshihito Nishioka,Nerman Fatic,6-1 6-2,1st Round Qualifying ,100,0,0,0,0,0,0,0,0,0,0,0,0,0,0,0,0,0,0,0,0,0,0,0
2026-australian-open-5,australian-open,Hard,Martin Landaluce,Chun-Hsin Tseng,7-5 6-3,1st Round Qualifying ,100,0,0,0,0,0,0,0,0,0,0,0,0,0,0,0,0,0,0,0,0,0,0,0
2026-australian-open-5,australian-open,Hard,Dusan Lajovic,Facundo Diaz Acosta,7-6 5-3 7-7,1st Round Qualifying ,100,0,0,0,0,0,0,0,0,0,0,0,0,0,0,0,0,0,0,0,0,0,0,0
2026-australian-open-5,australian-open,Hard,Dino Prizmic,Genaro Alberto Olivieri,6-1 6-4,1st Round Qualifying ,100,0,0,0,0,0,0,0,0,0,0,0,0,0,0,0,0,0,0,0,0,0,0,0
2026-australian-open-5,australian-open,Hard,Roberto Carballes Baena,Arthur Bouquier,6-2 6-2,1st Round Qualifying ,100,0,0,0,0,0,0,0,0,0,0,0,0,0,0,0,0,0,0,0,0,0,0,0
2026-australian-open-5,australian-open,Hard,Marco Trungelliti,Philip Sekulic,6-2 1-6 6-1,1st Round Qualifying ,100,0,0,0,0,0,0,0,0,0,0,0,0,0,0,0,0,0,0,0,0,0,0,0
2026-australian-open-5,australian-open,Hard,Sebastian Ofner,August Holmgren,6-4 6-4,1st Round Qualifying ,100,0,0,0,0,0,0,0,0,0,0,0,0,0,0,0,0,0,0,0,0,0,0,0
2026-australian-open-5,australian-open,Hard,Titouan Droguet,Nicolas Jarry,6-4 6-3,1st Round Qualifying ,100,0,0,0,0,0,0,0,0,0,0,0,0,0,0,0,0,0,0,0,0,0,0,0
2026-australian-open-5,australian-open,Hard,Luca Van Assche,Moez Echargui,6-4 6-4,1st Round Qualifying ,100,0,0,0,0,0,0,0,0,0,0,0,0,0,0,0,0,0,0,0,0,0,0,0
2026-australian-open-5,australian-open,Hard,Nicolai Budkov Kjaer,Yosuke Watanuki,6-7 5-5 7-4,1st Round Qualifying ,100,0,0,0,0,0,0,0,0,0,0,0,0,0,0,0,0,0,0,0,0,0,0,0
2026-australian-open-5,australian-open,Hard,Francesco Maestrelli,Lorenzo Giustino,7-6 6-4,1st Round Qualifying ,100,0,0,0,0,0,0,0,0,0,0,0,0,0,0,0,0,0,0,0,0,0,0,0
2026-australian-open-5,australian-open,Hard,Bernard Tomic,Hugo Dellien,6-3 6-3,1st Round Qualifying ,100,0,0,0,0,0,0,0,0,0,0,0,0,0,0,0,0,0,0,0,0,0,0,0
2026-australian-open-5,australian-open,Hard,Dane Sweeny,Andrea Pellegrino,6-2 4-6 6-3,1st Round Qualifying ,100,0,0,0,0,0,0,0,0,0,0,0,0,0,0,0,0,0,0,0,0,0,0,0
2026-australian-open-5,australian-open,Hard,Francesco Passaro,Mark Lajal,7-6 6-4,1st Round Qualifying ,100,0,0,0,0,0,0,0,0,0,0,0,0,0,0,0,0,0,0,0,0,0,0,0
2026-australian-open-5,australian-open,Hard,Lukas Klein,Zsombor Piros,6-4 6-4,1st Round Qualifying ,100,0,0,0,0,0,0,0,0,0,0,0,0,0,0,0,0,0,0,0,0,0,0,0
2026-australian-open-5,australian-open,Hard,Colton Smith,Luka Pavlovic,7-6 6-4,1st Round Qualifying ,100,0,0,0,0,0,0,0,0,0,0,0,0,0,0,0,0,0,0,0,0,0,0,0
2026-australian-open-5,australian-open,Hard,Gilles Arnaud Bailly,Jack Pinnington Jones,6-4 6-4,1st Round Qualifying ,100,0,0,0,0,0,0,0,0,0,0,0,0,0,0,0,0,0,0,0,0,0,0,0
2026-australian-open-5,australian-open,Hard,Nishesh Basavareddy,Alexis Galarneau,6-4 6-2,1st Round Qualifying ,100,0,0,0,0,0,0,0,0,0,0,0,0,0,0,0,0,0,0,0,0,0,0,0
2026-australian-open-5,australian-open,Hard,Tristan Boyer,Alex Barrena,6-2 6-7 4-2,1st Round Qualifying ,100,0,0,0,0,0,0,0,0,0,0,0,0,0,0,0,0,0,0,0,0,0,0,0
2026-australian-open-5,australian-open,Hard,Murphy Cassone,Yu Hsiou Hsu,3-6 6-3 6-4,1st Round Qualifying ,100,0,0,0,0,0,0,0,0,0,0,0,0,0,0,0,0,0,0,0,0,0,0,0
2026-australian-open-5,australian-open,Hard,Martin Damm,Gauthier Onclin,6-3 3-6 6-4,1st Round Qualifying ,100,0,0,0,0,0,0,0,0,0,0,0,0,0,0,0,0,0,0,0,0,0,0,0
2026-australian-open-5,australian-open,Hard,Jaime Faria,Luka Mikrut,7-6 7-2,1st Round Qualifying ,100,0,0,0,0,0,0,0,0,0,0,0,0,0,0,0,0,0,0,0,0,0,0,0
2026-australian-open-5,australian-open,Hard,Arthur Fery,Edward Winter,6-2 6-4,1st Round Qualifying ,100,0,0,0,0,0,0,0,0,0,0,0,0,0,0,0,0,0,0,0,0,0,0,0
2026-australian-open-5,australian-open,Hard,Daniil Glinka,Clement Tabur,5-7 6-3 6-4,1st Round Qualifying ,100,0,0,0,0,0,0,0,0,0,0,0,0,0,0,0,0,0,0,0,0,0,0,0
2026-australian-open-5,australian-open,Hard,Benjamin Hassan,Matej Dodig,5-7 6-3 6-2,1st Round Qualifying ,100,0,0,0,0,0,0,0,0,0,0,0,0,0,0,0,0,0,0,0,0,0,0,0
2026-australian-open-5,australian-open,Hard,Gustavo Heide,Jay Clarke,6-3 6-3,1st Round Qualifying ,100,0,0,0,0,0,0,0,0,0,0,0,0,0,0,0,0,0,0,0,0,0,0,0
2026-australian-open-5,australian-open,Hard,Pierre-Hugues Herbert,Guy Den Ouden,3-6 6-3 6-2,1st Round Qualifying ,100,0,0,0,0,0,0,0,0,0,0,0,0,0,0,0,0,0,0,0,0,0,0,0
2026-australian-open-5,australian-open,Hard,Jerome Kym,Juan Carlos Prado Angelo,6-3 6-0,1st Round Qualifying ,100,0,0,0,0,0,0,0,0,0,0,0,0,0,0,0,0,0,0,0,0,0,0,0
2026-australian-open-5,australian-open,Hard,George Loffhagen,Justin Engel,7-6 7-4,1st Round Qualifying ,100,0,0,0,0,0,0,0,0,0,0,0,0,0,0,0,0,0,0,0,0,0,0,0
2026-australian-open-5,australian-open,Hard,James McCabe,Pavle Marinkov,6-2 7-6,1st Round Qualifying ,100,0,0,0,0,0,0,0,0,0,0,0,0,0,0,0,0,0,0,0,0,0,0,0
2026-australian-open-5,australian-open,Hard,Daniel Merida,Oliver Crawford,6-3 2-6 6-3,1st Round Qualifying ,100,0,0,0,0,0,0,0,0,0,0,0,0,0,0,0,0,0,0,0,0,0,0,0
2026-australian-open-5,australian-open,Hard,Henrique Rocha,Joao Lucas Reis Da Silva,6-2 6-4,1st Round Qualifying ,100,0,0,0,0,0,0,0,0,0,0,0,0,0,0,0,0,0,0,0,0,0,0,0
2026-australian-open-5,australian-open,Hard,Rei Sakamoto,Daniel Evans,6-1 6-2,1st Round Qualifying ,100,0,0,0,0,0,0,0,0,0,0,0,0,0,0,0,0,0,0,0,0,0,0,0
2026-australian-open-5,australian-open,Hard,Thiago Seyboth Wild,Alvaro Guillen Meza,7-5 6-3,1st Round Qualifying ,100,0,0,0,0,0,0,0,0,0,0,0,0,0,0,0,0,0,0,0,0,0,0,0
2026-australian-open-5,australian-open,Hard,Stefano Travaglia,Blake Ellis,6-3 4-6 6-1,1st Round Qualifying ,100,0,0,0,0,0,0,0,0,0,0,0,0,0,0,0,0,0,0,0,0,0,0,0
2026-australian-open-5,australian-open,Hard,Giulio Zeppieri,Dan Added,6-3 6-3,1st Round Qualifying ,100,0,0,0,0,0,0,0,0,0,0,0,0,0,0,0,0,0,0,0,0,0,0,0
2026-montpellier-6,montpellier,Hard,Felix Auger-Aliassime,Adrian Mannarino,6-3 7-6,Final ,100,0,0,0,0,0,0,0,0,0,0,0,0,0,0,0,0,0,0,0,0,0,0,0
2026-montpellier-6,montpellier,Hard,Felix Auger-Aliassime,Titouan Droguet,6-4 6-7 5-1,Semifinals ,100,0,0,0,0,0,0,0,0,0,0,0,0,0,0,0,0,0,0,0,0,0,0,0
2026-montpellier-6,montpellier,Hard,Adrian Mannarino,Martin Damm,1-6 6-3 6-4,Semifinals ,100,0,0,0,0,0,0,0,0,0,0,0,0,0,0,0,0,0,0,0,0,0,0,0
2026-montpellier-6,montpellier,Hard,Felix Auger-Aliassime,Arthur Fils,6-4 6-2,Quarterfinals ,100,0,0,0,0,0,0,0,0,0,0,0,0,0,0,0,0,0,0,0,0,0,0,0
2026-montpellier-6,montpellier,Hard,Titouan Droguet,Tallon Griekspoor,7-6 7-5,Quarterfinals ,100,0,0,0,0,0,0,0,0,0,0,0,0,0,0,0,0,0,0,0,0,0,0,0
2026-montpellier-6,montpellier,Hard,Martin Damm,Luca Nardi,6-3 7-6,Quarterfinals ,100,0,0,0,0,0,0,0,0,0,0,0,0,0,0,0,0,0,0,0,0,0,0,0
2026-montpellier-6,montpellier,Hard,Adrian Mannarino,Arthur Gea,5-7 6-4 6-4,Quarterfinals ,100,0,0,0,0,0,0,0,0,0,0,0,0,0,0,0,0,0,0,0,0,0,0,0
2026-montpellier-6,montpellier,Hard,Felix Auger-Aliassime,Stan Wawrinka,6-4 7-6,Round of 16 ,100,0,0,0,0,0,0,0,0,0,0,0,0,0,0,0,0,0,0,0,0,0,0,0
2026-montpellier-6,montpellier,Hard,Luca Nardi,Flavio Cobolli,6-2 6-3,Round of 16 ,100,0,0,0,0,0,0,0,0,0,0,0,0,0,0,0,0,0,0,0,0,0,0,0
2026-montpellier-6,montpellier,Hard,Tallon Griekspoor,Pablo Carreno Busta,6-4 6-4,Round of 16 ,100,0,0,0,0,0,0,0,0,0,0,0,0,0,0,0,0,0,0,0,0,0,0,0
2026-montpellier-6,montpellier,Hard,Arthur Fils,Ugo Blanchet,7-6 7-4,Round of 16 ,100,0,0,0,0,0,0,0,0,0,0,0,0,0,0,0,0,0,0,0,0,0,0,0
2026-montpellier-6,montpellier,Hard,Titouan Droguet,Aleksandar Kovacevic,4-6 7-6 6-5,Round of 16 ,100,0,0,0,0,0,0,0,0,0,0,0,0,0,0,0,0,0,0,0,0,0,0,0
2026-montpellier-6,montpellier,Hard,Arthur Gea,Tomas Machac,6-3 4-5,Round of 16 ,100,0,0,0,0,0,0,0,0,0,0,0,0,0,0,0,0,0,0,0,0,0,0,0
2026-montpellier-6,montpellier,Hard,Adrian Mannarino,Ugo Humbert,6-7 4-3 6-6 7-4,Round of 16 ,100,0,0,0,0,0,0,0,0,0,0,0,0,0,0,0,0,0,0,0,0,0,0,0
2026-montpellier-6,montpellier,Hard,Martin Damm,Roberto Bautista Agut,6-1 6-3,Round of 16 ,100,0,0,0,0,0,0,0,0,0,0,0,0,0,0,0,0,0,0,0,0,0,0,0
2026-montpellier-6,montpellier,Hard,Aleksandar Kovacevic,Moise Kouame,6-7 5-2 6-2,Round of 32 ,100,0,0,0,0,0,0,0,0,0,0,0,0,0,0,0,0,0,0,0,0,0,0,0
2026-montpellier-6,montpellier,Hard,Luca Nardi,Nikoloz Basilashvili,6-3 6-3,Round of 32 ,100,0,0,0,0,0,0,0,0,0,0,0,0,0,0,0,0,0,0,0,0,0,0,0
2026-montpellier-6,montpellier,Hard,Stan Wawrinka,Hamad Medjedovic,7-6 6-3,Round of 32 ,100,0,0,0,0,0,0,0,0,0,0,0,0,0,0,0,0,0,0,0,0,0,0,0
2026-montpellier-6,montpellier,Hard,Ugo Humbert,Botic van de Zandschulp,6-3 6-4,Round of 32 ,100,0,0,0,0,0,0,0,0,0,0,0,0,0,0,0,0,0,0,0,0,0,0,0
2026-montpellier-6,montpellier,Hard,Arthur Fils,Valentin Royer,7-6 6-7 4-7 6-2,Round of 32 ,100,0,0,0,0,0,0,0,0,0,0,0,0,0,0,0,0,0,0,0,0,0,0,0
2026-montpellier-6,montpellier,Hard,Martin Damm,Hubert Hurkacz,7-6 6-5,Round of 32 ,100,0,0,0,0,0,0,0,0,0,0,0,0,0,0,0,0,0,0,0,0,0,0,0
2026-montpellier-6,montpellier,Hard,Ugo Blanchet,Andrea Vavassori,6-4 6-3,Round of 32 ,100,0,0,0,0,0,0,0,0,0,0,0,0,0,0,0,0,0,0,0,0,0,0,0
2026-montpellier-6,montpellier,Hard,Pablo Carreno Busta,Miomir Kecmanovic,4-6 6-3 7-6,Round of 32 ,100,0,0,0,0,0,0,0,0,0,0,0,0,0,0,0,0,0,0,0,0,0,0,0
2026-montpellier-6,montpellier,Hard,Titouan Droguet,Jan Choinski,6-2 7-6,Round of 32 ,100,0,0,0,0,0,0,0,0,0,0,0,0,0,0,0,0,0,0,0,0,0,0,0
2026-montpellier-6,montpellier,Hard,Roberto Bautista Agut,Christopher O'Connell,5-7 6-3 7-5,Round of 32 ,100,0,0,0,0,0,0,0,0,0,0,0,0,0,0,0,0,0,0,0,0,0,0,0
2026-montpellier-6,montpellier,Hard,Arthur Gea,Giovanni Mpetshi Perricard,6-3,Round of 32 ,100,0,0,0,0,0,0,0,0,0,0,0,0,0,0,0,0,0,0,0,0,0,0,0
2026-montpellier-6,montpellier,Hard,Adrian Mannarino,Pedro Martinez,7-6 6-3,Round of 32 ,100,0,0,0,0,0,0,0,0,0,0,0,0,0,0,0,0,0,0,0,0,0,0,0
2026-montpellier-6,montpellier,Hard,Titouan Droguet,Ugo Blanchet,4-6 7-6 6-4,2nd Round Qualifying ,100,0,0,0,0,0,0,0,0,0,0,0,0,0,0,0,0,0,0,0,0,0,0,0
2026-montpellier-6,montpellier,Hard,Martin Damm,Clement Tabur,7-6 6-5 3-7 7-6,2nd Round Qualifying ,100,0,0,0,0,0,0,0,0,0,0,0,0,0,0,0,0,0,0,0,0,0,0,0
2026-montpellier-6,montpellier,Hard,Andrea Vavassori,Hugo Grenier,6-3 7-6,2nd Round Qualifying ,100,0,0,0,0,0,0,0,0,0,0,0,0,0,0,0,0,0,0,0,0,0,0,0
2026-montpellier-6,montpellier,Hard,Moise Kouame,Clement Chidekh,7-5 6-7 6-3,2nd Round Qualifying ,100,0,0,0,0,0,0,0,0,0,0,0,0,0,0,0,0,0,0,0,0,0,0,0
2026-montpellier-6,montpellier,Hard,Clement Tabur,Billy Harris,4-6 7-6 6-3,1st Round Qualifying ,100,0,0,0,0,0,0,0,0,0,0,0,0,0,0,0,0,0,0,0,0,0,0,0
2026-montpellier-6,montpellier,Hard,Ugo Blanchet,Bernabe Zapata Miralles,6-2 6-0,1st Round Qualifying ,100,0,0,0,0,0,0,0,0,0,0,0,0,0,0,0,0,0,0,0,0,0,0,0
2026-montpellier-6,montpellier,Hard,Andrea Vavassori,Roberto Carballes Baena,7-6 6-8,1st Round Qualifying ,100,0,0,0,0,0,0,0,0,0,0,0,0,0,0,0,0,0,0,0,0,0,0,0
2026-montpellier-6,montpellier,Hard,Clement Chidekh,Martin Landaluce,6-4 3-6 7-5,1st Round Qualifying ,100,0,0,0,0,0,0,0,0,0,0,0,0,0,0,0,0,0,0,0,0,0,0,0
2026-montpellier-6,montpellier,Hard,Titouan Droguet,Robin Bertrand,6-1 6-2,1st Round Qualifying ,100,0,0,0,0,0,0,0,0,0,0,0,0,0,0,0,0,0,0,0,0,0,0,0
2026-montpellier-6,montpellier,Hard,Moise Kouame,Elias Ymer,6-4 4-6 7-5,1st Round Qualifying ,100,0,0,0,0,0,0,0,0,0,0,0,0,0,0,0,0,0,0,0,0,0,0,0
2026-montpellier-6,montpellier,Hard,Martin Damm,Matteo Martineau,7-6 6-7,1st Round Qualifying ,100,0,0,0,0,0,0,0,0,0,0,0,0,0,0,0,0,0,0,0,0,0,0,0
2026-montpellier-6,montpellier,Hard,Hugo Grenier,Geoffrey Blancaneaux,3-6 6-3 7-6,1st Round Qualifying ,100,0,0,0,0,0,0,0,0,0,0,0,0,0,0,0,0,0,0,0,0,0,0,0
2026-davis-cup-qualifiers-1st-rd-7,davis-cup-qualifiers-1st-rd,Hard,Hyeon Chung,Marco Trungelliti,6-4 6-3,Round Robin ,100,0,0,0,0,0,0,0,0,0,0,0,0,0,0,0,0,0,0,0,0,0,0,0
2026-davis-cup-qualifiers-1st-rd-7,davis-cup-qualifiers-1st-rd,Hard,Raphael Collignon,Ivan Ivanov,6-2 6-2,Round Robin ,100,0,0,0,0,0,0,0,0,0,0,0,0,0,0,0,0,0,0,0,0,0,0,0
2026-davis-cup-qualifiers-1st-rd-7,davis-cup-qualifiers-1st-rd,Hard,Jesper de Jong,Sumit Nagal,5-7 6-1 6-4,Round Robin ,100,0,0,0,0,0,0,0,0,0,0,0,0,0,0,0,0,0,0,0,0,0,0,0
2026-davis-cup-qualifiers-1st-rd-7,davis-cup-qualifiers-1st-rd,Hard,Jason Kubler,Emilio Camacho,6-4 6-2,Round Robin ,100,0,0,0,0,0,0,0,0,0,0,0,0,0,0,0,0,0,0,0,0,0,0,0
2026-davis-cup-qualifiers-1st-rd-7,davis-cup-qualifiers-1st-rd,Hard,Soonwoo Kwon,Thiago Agustin Tirante,6-4 4-6 6-3,Round Robin ,100,0,0,0,0,0,0,0,0,0,0,0,0,0,0,0,0,0,0,0,0,0,0,0
2026-davis-cup-qualifiers-1st-rd-7,davis-cup-qualifiers-1st-rd,Hard,Arthur Rinderknech,Alex Molcan,7-5 7-6,Round Robin ,100,0,0,0,0,0,0,0,0,0,0,0,0,0,0,0,0,0,0,0,0,0,0,0
2026-davis-cup-qualifiers-1st-rd-7,davis-cup-qualifiers-1st-rd,Hard,Dhakshineswar Suresh,Guy Den Ouden,6-4 7-6,Round Robin ,100,0,0,0,0,0,0,0,0,0,0,0,0,0,0,0,0,0,0,0,0,0,0,0
2026-davis-cup-qualifiers-1st-rd-7,davis-cup-qualifiers-1st-rd,Hard,Olle Wallin,Maxim Mrva,6-4 7-6,Round Robin ,100,0,0,0,0,0,0,0,0,0,0,0,0,0,0,0,0,0,0,0,0,0,0,0
2026-davis-cup-qualifiers-1st-rd-7,davis-cup-qualifiers-1st-rd,Hard,Andres Andrade,James Duckworth,3-6 6-3 7-5,Round Robin ,100,0,0,0,0,0,0,0,0,0,0,0,0,0,0,0,0,0,0,0,0,0,0,0
2026-davis-cup-qualifiers-1st-rd-7,davis-cup-qualifiers-1st-rd,Hard,Alexander Blockx,Iliyan Radulov,6-7 3-4 6-1,Round Robin ,100,0,0,0,0,0,0,0,0,0,0,0,0,0,0,0,0,0,0,0,0,0,0,0
2026-davis-cup-qualifiers-1st-rd-7,davis-cup-qualifiers-1st-rd,Hard,Raphael Collignon,Alexander Vasilev,6-3 6-3,Round Robin ,100,0,0,0,0,0,0,0,0,0,0,0,0,0,0,0,0,0,0,0,0,0,0,0
2026-davis-cup-qualifiers-1st-rd-7,davis-cup-qualifiers-1st-rd,Hard,Guy Den Ouden,Sumit Nagal,6-0 4-6 6-3,Round Robin ,100,0,0,0,0,0,0,0,0,0,0,0,0,0,0,0,0,0,0,0,0,0,0,0
2026-davis-cup-qualifiers-1st-rd-7,davis-cup-qualifiers-1st-rd,Hard,Gabriel Diallo,Matheus Pucinelli De Almeida,3-6 6-1 7-6,Round Robin ,100,0,0,0,0,0,0,0,0,0,0,0,0,0,0,0,0,0,0,0,0,0,0,0
2026-davis-cup-qualifiers-1st-rd-7,davis-cup-qualifiers-1st-rd,Hard,Liam Draxl,Gustavo Heide,6-3 6-4,Round Robin ,100,0,0,0,0,0,0,0,0,0,0,0,0,0,0,0,0,0,0,0,0,0,0,0
2026-davis-cup-qualifiers-1st-rd-7,davis-cup-qualifiers-1st-rd,Hard,Justin Engel,Gonzalo Bueno,6-3 6-7,Round Robin ,100,0,0,0,0,0,0,0,0,0,0,0,0,0,0,0,0,0,0,0,0,0,0,0
2026-davis-cup-qualifiers-1st-rd-7,davis-cup-qualifiers-1st-rd,Hard,Alvaro Guillen Meza,Rinky Hijikata,6-4 1-6 6-4,Round Robin ,100,0,0,0,0,0,0,0,0,0,0,0,0,0,0,0,0,0,0,0,0,0,0,0
2026-davis-cup-qualifiers-1st-rd-7,davis-cup-qualifiers-1st-rd,Hard,Jiri Lehecka,Dragos Nicolae Madaras,6-3 6-4,Round Robin ,100,0,0,0,0,0,0,0,0,0,0,0,0,0,0,0,0,0,0,0,0,0,0,0
2026-davis-cup-qualifiers-1st-rd-7,davis-cup-qualifiers-1st-rd,Hard,Alex Molcan,Alexandre Muller,6-4 6-4,Round Robin ,100,0,0,0,0,0,0,0,0,0,0,0,0,0,0,0,0,0,0,0,0,0,0,0
2026-davis-cup-qualifiers-1st-rd-7,davis-cup-qualifiers-1st-rd,Hard,Emilio Nava,Matyas Fuele,6-2 6-3,Round Robin ,100,0,0,0,0,0,0,0,0,0,0,0,0,0,0,0,0,0,0,0,0,0,0,0
2026-davis-cup-qualifiers-1st-rd-7,davis-cup-qualifiers-1st-rd,Hard,Lukas Neumayer,Shintaro Mochizuki,6-3 6-3,Round Robin ,100,0,0,0,0,0,0,0,0,0,0,0,0,0,0,0,0,0,0,0,0,0,0,0
2026-davis-cup-qualifiers-1st-rd-7,davis-cup-qualifiers-1st-rd,Hard,Tommy Paul,Zsombor Piros,7-6 6-3,Round Robin ,100,0,0,0,0,0,0,0,0,0,0,0,0,0,0,0,0,0,0,0,0,0,0,0
2026-davis-cup-qualifiers-1st-rd-7,davis-cup-qualifiers-1st-rd,Hard,Dino Prizmic,Elmer Moller,7-6 7-5,Round Robin ,100,0,0,0,0,0,0,0,0,0,0,0,0,0,0,0,0,0,0,0,0,0,0,0
2026-davis-cup-qualifiers-1st-rd-7,davis-cup-qualifiers-1st-rd,Hard,Ethan Quinn,Fabian Marozsan,3-6 6-3 7-6,Round Robin ,100,0,0,0,0,0,0,0,0,0,0,0,0,0,0,0,0,0,0,0,0,0,0,0
2026-davis-cup-qualifiers-1st-rd-7,davis-cup-qualifiers-1st-rd,Hard,Arthur Rinderknech,Norbert Gombos,7-6 7-1,Round Robin ,100,0,0,0,0,0,0,0,0,0,0,0,0,0,0,0,0,0,0,0,0,0,0,0
2026-davis-cup-qualifiers-1st-rd-7,davis-cup-qualifiers-1st-rd,Hard,Jurij Rodionov,Yoshihito Nishioka,5-7 6-1 6-0,Round Robin ,100,0,0,0,0,0,0,0,0,0,0,0,0,0,0,0,0,0,0,0,0,0,0,0
2026-davis-cup-qualifiers-1st-rd-7,davis-cup-qualifiers-1st-rd,Hard,Matias Soto,Branko Djuric,6-7 2-6 7-4 10-7,Round Robin ,100,0,0,0,0,0,0,0,0,0,0,0,0,0,0,0,0,0,0,0,0,0,0,0
2026-davis-cup-qualifiers-1st-rd-7,davis-cup-qualifiers-1st-rd,Hard,Dhakshineswar Suresh,Jesper de Jong,6-4 7-5,Round Robin ,100,0,0,0,0,0,0,0,0,0,0,0,0,0,0,0,0,0,0,0,0,0,0,0
2026-davis-cup-qualifiers-1st-rd-7,davis-cup-qualifiers-1st-rd,Hard,Dalibor Svrcina,Olle Wallin,6-1 6-3,Round Robin ,100,0,0,0,0,0,0,0,0,0,0,0,0,0,0,0,0,0,0,0,0,0,0,0
2026-davis-cup-qualifiers-1st-rd-7,davis-cup-qualifiers-1st-rd,Hard,Tomas Barrios Vera,Dusan Lajovic,7-5 7-6,Round Robin ,100,0,0,0,0,0,0,0,0,0,0,0,0,0,0,0,0,0,0,0,0,0,0,0
2026-davis-cup-qualifiers-1st-rd-7,davis-cup-qualifiers-1st-rd,Hard,Liam Draxl,Joao Lucas Reis Da Silva,6-3 6-3,Round Robin ,100,0,0,0,0,0,0,0,0,0,0,0,0,0,0,0,0,0,0,0,0,0,0,0
2026-davis-cup-qualifiers-1st-rd-7,davis-cup-qualifiers-1st-rd,Hard,Jacob Fearnley,Nicolai Budkov Kjaer,3-6 6-3 10-7,Round Robin ,100,0,0,0,0,0,0,0,0,0,0,0,0,0,0,0,0,0,0,0,0,0,0,0
2026-davis-cup-qualifiers-1st-rd-7,davis-cup-qualifiers-1st-rd,Hard,Jacob Fearnley,Nicolai Budkov Kjaer,3-6 6-3 10-7,Round Robin ,100,0,0,0,0,0,0,0,0,0,0,0,0,0,0,0,0,0,0,0,0,0,0,0
2026-davis-cup-qualifiers-1st-rd-7,davis-cup-qualifiers-1st-rd,Hard,Yannick Hanfmann,Gonzalo Bueno,6-4 6-4,Round Robin ,100,0,0,0,0,0,0,0,0,0,0,0,0,0,0,0,0,0,0,0,0,0,0,0
2026-davis-cup-qualifiers-1st-rd-7,davis-cup-qualifiers-1st-rd,Hard,Gustavo Heide,Gabriel Diallo,7-6 3-4 7-6,Round Robin ,100,0,0,0,0,0,0,0,0,0,0,0,0,0,0,0,0,0,0,0,0,0,0,0
2026-davis-cup-qualifiers-1st-rd-7,davis-cup-qualifiers-1st-rd,Hard,Soonwoo Kwon,Marco Trungelliti,7-6 6-6,Round Robin ,100,0,0,0,0,0,0,0,0,0,0,0,0,0,0,0,0,0,0,0,0,0,0,0
2026-davis-cup-qualifiers-1st-rd-7,davis-cup-qualifiers-1st-rd,Hard,Elmer Moller,Matej Dodig,6-4 7-6,Round Robin ,100,0,0,0,0,0,0,0,0,0,0,0,0,0,0,0,0,0,0,0,0,0,0,0
2026-davis-cup-qualifiers-1st-rd-7,davis-cup-qualifiers-1st-rd,Hard,Dino Prizmic,August Holmgren,5-7 6-0 6-2,Round Robin ,100,0,0,0,0,0,0,0,0,0,0,0,0,0,0,0,0,0,0,0,0,0,0,0
2026-davis-cup-qualifiers-1st-rd-7,davis-cup-qualifiers-1st-rd,Hard,Jurij Rodionov,Shintaro Mochizuki,6-4 7-5,Round Robin ,100,0,0,0,0,0,0,0,0,0,0,0,0,0,0,0,0,0,0,0,0,0,0,0
2026-davis-cup-qualifiers-1st-rd-7,davis-cup-qualifiers-1st-rd,Hard,Jan-Lennard Struff,Juan Pablo Varillas,6-4 6-2,Round Robin ,100,0,0,0,0,0,0,0,0,0,0,0,0,0,0,0,0,0,0,0,0,0,0,0
2026-davis-cup-qualifiers-1st-rd-7,davis-cup-qualifiers-1st-rd,Hard,Alejandro Tabilo,Ognjen Milic,6-7 3-2 6-4,Round Robin ,100,0,0,0,0,0,0,0,0,0,0,0,0,0,0,0,0,0,0,0,0,0,0,0
2026-davis-cup-qualifiers-1st-rd-7,davis-cup-qualifiers-1st-rd,Hard,Thiago Agustin Tirante,Hyeon Chung,2-6 7-5 7-6,Round Robin ,100,0,0,0,0,0,0,0,0,0,0,0,0,0,0,0,0,0,0,0,0,0,0,0
2026-davis-cup-qualifiers-1st-rd-7,davis-cup-qualifiers-1st-rd,Hard,Jack Draper,Viktor Durasovic,6-2 6-2,Round Robin ,100,0,0,0,0,0,0,0,0,0,0,0,0,0,0,0,0,0,0,0,0,0,0,0
2026-davis-cup-qualifiers-1st-rd-7,davis-cup-qualifiers-1st-rd,Hard,Cameron Norrie,Nicolai Budkov Kjaer,6-4 6-4,Round Robin ,100,0,0,0,0,0,0,0,0,0,0,0,0,0,0,0,0,0,0,0,0,0,0,0
2026-davis-cup-qualifiers-1st-rd-7,davis-cup-qualifiers-1st-rd,Hard,Yosuke Watanuki,Sebastian Ofner,6-3 6-4,Round Robin ,100,0,0,0,0,0,0,0,0,0,0,0,0,0,0,0,0,0,0,0,0,0,0,0
2026-dallas-8,dallas,Hard,Ben Shelton,Taylor Fritz,3-6 6-3 7-5,Final ,100,0,0,0,0,0,0,0,0,0,0,0,0,0,0,0,0,0,0,0,0,0,0,0
2026-dallas-8,dallas,Hard,Taylor Fritz,Marin Cilic,7-6 7-5,Semifinals ,100,0,0,0,0,0,0,0,0,0,0,0,0,0,0,0,0,0,0,0,0,0,0,0
2026-dallas-8,dallas,Hard,Ben Shelton,Denis Shapovalov,4-6 6-4 7-6,Semifinals ,100,0,0,0,0,0,0,0,0,0,0,0,0,0,0,0,0,0,0,0,0,0,0,0
2026-dallas-8,dallas,Hard,Taylor Fritz,Sebastian Korda,6-7 2-4 6-6 7-5,Quarterfinals ,100,0,0,0,0,0,0,0,0,0,0,0,0,0,0,0,0,0,0,0,0,0,0,0
2026-dallas-8,dallas,Hard,Ben Shelton,Miomir Kecmanovic,5-7 6-3 6-4,Quarterfinals ,100,0,0,0,0,0,0,0,0,0,0,0,0,0,0,0,0,0,0,0,0,0,0,0
2026-dallas-8,dallas,Hard,Denis Shapovalov,Alejandro Davidovich Fokina,5-7 6-4 6-3,Quarterfinals ,100,0,0,0,0,0,0,0,0,0,0,0,0,0,0,0,0,0,0,0,0,0,0,0
2026-dallas-8,dallas,Hard,Marin Cilic,Jack Pinnington Jones,6-1 6-4,Quarterfinals ,100,0,0,0,0,0,0,0,0,0,0,0,0,0,0,0,0,0,0,0,0,0,0,0
2026-dallas-8,dallas,Hard,Ben Shelton,Adrian Mannarino,7-6 6-2 4-7 6-3,Round of 16 ,100,0,0,0,0,0,0,0,0,0,0,0,0,0,0,0,0,0,0,0,0,0,0,0
2026-dallas-8,dallas,Hard,Miomir Kecmanovic,Tommy Paul,5-7 6-4 6-4,Round of 16 ,100,0,0,0,0,0,0,0,0,0,0,0,0,0,0,0,0,0,0,0,0,0,0,0
2026-dallas-8,dallas,Hard,Denis Shapovalov,Aleksandar Kovacevic,6-4 6-4,Round of 16 ,100,0,0,0,0,0,0,0,0,0,0,0,0,0,0,0,0,0,0,0,0,0,0,0
2026-dallas-8,dallas,Hard,Marin Cilic,Ethan Quinn,7-6 6-4,Round of 16 ,100,0,0,0,0,0,0,0,0,0,0,0,0,0,0,0,0,0,0,0,0,0,0,0
2026-dallas-8,dallas,Hard,Jack Pinnington Jones,Eliot Spizzirri,7-6 4-5 7-6,Round of 16 ,100,0,0,0,0,0,0,0,0,0,0,0,0,0,0,0,0,0,0,0,0,0,0,0
2026-dallas-8,dallas,Hard,Taylor Fritz,Brandon Nakashima,6-3 6-4,Round of 16 ,100,0,0,0,0,0,0,0,0,0,0,0,0,0,0,0,0,0,0,0,0,0,0,0
2026-dallas-8,dallas,Hard,Alejandro Davidovich Fokina,Alex Michelsen,6-4 6-4,Round of 16 ,100,0,0,0,0,0,0,0,0,0,0,0,0,0,0,0,0,0,0,0,0,0,0,0
2026-dallas-8,dallas,Hard,Sebastian Korda,Frances Tiafoe,7-5 6-1,Round of 16 ,100,0,0,0,0,0,0,0,0,0,0,0,0,0,0,0,0,0,0,0,0,0,0,0
2026-dallas-8,dallas,Hard,Tommy Paul,Jenson Brooksby,4-6 6-4 7-6,Round of 32 ,100,0,0,0,0,0,0,0,0,0,0,0,0,0,0,0,0,0,0,0,0,0,0,0
2026-dallas-8,dallas,Hard,Adrian Mannarino,Adam Walton,6-4 6-2,Round of 32 ,100,0,0,0,0,0,0,0,0,0,0,0,0,0,0,0,0,0,0,0,0,0,0,0
2026-dallas-8,dallas,Hard,Ethan Quinn,Trevor Svajda,7-6 7-3,Round of 32 ,100,0,0,0,0,0,0,0,0,0,0,0,0,0,0,0,0,0,0,0,0,0,0,0
2026-dallas-8,dallas,Hard,Eliot Spizzirri,James Duckworth,6-2 6-4,Round of 32 ,100,0,0,0,0,0,0,0,0,0,0,0,0,0,0,0,0,0,0,0,0,0,0,0
2026-dallas-8,dallas,Hard,Taylor Fritz,Marcos Giron,6-4 5-7 7-6,Round of 32 ,100,0,0,0,0,0,0,0,0,0,0,0,0,0,0,0,0,0,0,0,0,0,0,0
2026-dallas-8,dallas,Hard,Ben Shelton,Gabriel Diallo,6-4 6-4,Round of 32 ,100,0,0,0,0,0,0,0,0,0,0,0,0,0,0,0,0,0,0,0,0,0,0,0
2026-dallas-8,dallas,Hard,Jack Pinnington Jones,Flavio Cobolli,6-2 6-2,Round of 32 ,100,0,0,0,0,0,0,0,0,0,0,0,0,0,0,0,0,0,0,0,0,0,0,0
2026-dallas-8,dallas,Hard,Marin Cilic,Learner Tien,7-5 7-6,Round of 32 ,100,0,0,0,0,0,0,0,0,0,0,0,0,0,0,0,0,0,0,0,0,0,0,0
2026-dallas-8,dallas,Hard,Denis Shapovalov,Rafael Jodar,6-1 6-2,Round of 32 ,100,0,0,0,0,0,0,0,0,0,0,0,0,0,0,0,0,0,0,0,0,0,0,0
2026-dallas-8,dallas,Hard,Miomir Kecmanovic,Sho Shimabukuro,6-7 3-3 6-6 7-3,Round of 32 ,100,0,0,0,0,0,0,0,0,0,0,0,0,0,0,0,0,0,0,0,0,0,0,0
2026-dallas-8,dallas,Hard,Aleksandar Kovacevic,Patrick Kypson,6-4 7-6,Round of 32 ,100,0,0,0,0,0,0,0,0,0,0,0,0,0,0,0,0,0,0,0,0,0,0,0
2026-dallas-8,dallas,Hard,Alex Michelsen,Grigor Dimitrov,5-7 6-4 6-4,Round of 32 ,100,0,0,0,0,0,0,0,0,0,0,0,0,0,0,0,0,0,0,0,0,0,0,0
2026-dallas-8,dallas,Hard,Alejandro Davidovich Fokina,Zachary Svajda,6-4 7-6,Round of 32 ,100,0,0,0,0,0,0,0,0,0,0,0,0,0,0,0,0,0,0,0,0,0,0,0
2026-dallas-8,dallas,Hard,Frances Tiafoe,Terence Atmane,4-6 6-2 6-2,Round of 32 ,100,0,0,0,0,0,0,0,0,0,0,0,0,0,0,0,0,0,0,0,0,0,0,0
2026-dallas-8,dallas,Hard,Sebastian Korda,Michael Zheng,6-3 6-4,Round of 32 ,100,0,0,0,0,0,0,0,0,0,0,0,0,0,0,0,0,0,0,0,0,0,0,0
2026-dallas-8,dallas,Hard,Brandon Nakashima,Mattia Bellucci,6-3 6-4,Round of 32 ,100,0,0,0,0,0,0,0,0,0,0,0,0,0,0,0,0,0,0,0,0,0,0,0
2026-dallas-8,dallas,Hard,Jack Pinnington Jones,Patrick Kypson,7-6 5-4 7-7,2nd Round Qualifying ,100,0,0,0,0,0,0,0,0,0,0,0,0,0,0,0,0,0,0,0,0,0,0,0
2026-dallas-8,dallas,Hard,Zachary Svajda,Tristan Boyer,6-3 5-7 6-4,2nd Round Qualifying ,100,0,0,0,0,0,0,0,0,0,0,0,0,0,0,0,0,0,0,0,0,0,0,0
2026-dallas-8,dallas,Hard,Rafael Jodar,Murphy Cassone,7-6 7-5,2nd Round Qualifying ,100,0,0,0,0,0,0,0,0,0,0,0,0,0,0,0,0,0,0,0,0,0,0,0
2026-dallas-8,dallas,Hard,Sho Shimabukuro,Bernard Tomic,6-3 6-3,2nd Round Qualifying ,100,0,0,0,0,0,0,0,0,0,0,0,0,0,0,0,0,0,0,0,0,0,0,0
2026-dallas-8,dallas,Hard,Patrick Kypson,Pedro Sakamoto,6-2 6-1,1st Round Qualifying ,100,0,0,0,0,0,0,0,0,0,0,0,0,0,0,0,0,0,0,0,0,0,0,0
2026-dallas-8,dallas,Hard,Zachary Svajda,Georgi Georgiev,6-3 6-2,1st Round Qualifying ,100,0,0,0,0,0,0,0,0,0,0,0,0,0,0,0,0,0,0,0,0,0,0,0
2026-dallas-8,dallas,Hard,Rafael Jodar,Mitchell Krueger,6-3 6-2,1st Round Qualifying ,100,0,0,0,0,0,0,0,0,0,0,0,0,0,0,0,0,0,0,0,0,0,0,0
2026-dallas-8,dallas,Hard,Sho Shimabukuro,Thai-Son Kwiatkowski,6-0 6-4,1st Round Qualifying ,100,0,0,0,0,0,0,0,0,0,0,0,0,0,0,0,0,0,0,0,0,0,0,0
2026-dallas-8,dallas,Hard,Jack Pinnington Jones,Daniel Dutra da Silva,6-3 6-1,1st Round Qualifying ,100,0,0,0,0,0,0,0,0,0,0,0,0,0,0,0,0,0,0,0,0,0,0,0
2026-dallas-8,dallas,Hard,Bernard Tomic,Krish Arora,6-3 6-2,1st Round Qualifying ,100,0,0,0,0,0,0,0,0,0,0,0,0,0,0,0,0,0,0,0,0,0,0,0
2026-dallas-8,dallas,Hard,Tristan Boyer,Alex Finkelstein,6-4 6-2,1st Round Qualifying ,100,0,0,0,0,0,0,0,0,0,0,0,0,0,0,0,0,0,0,0,0,0,0,0
2026-dallas-8,dallas,Hard,Murphy Cassone,Alex Rybakov,6-2 6-3,1st Round Qualifying ,100,0,0,0,0,0,0,0,0,0,0,0,0,0,0,0,0,0,0,0,0,0,0,0
2026-rotterdam-9,rotterdam,Hard,Alex de Minaur,Felix Auger-Aliassime,6-3 6-2,Final ,100,0,0,0,0,0,0,0,0,0,0,0,0,0,0,0,0,0,0,0,0,0,0,0
2026-rotterdam-9,rotterdam,Hard,Alex de Minaur,Ugo Humbert,6-4 6-3,Semifinals ,100,0,0,0,0,0,0,0,0,0,0,0,0,0,0,0,0,0,0,0,0,0,0,0
2026-rotterdam-9,rotterdam,Hard,Felix Auger-Aliassime,Alexander Bublik,6-1 6-2,Semifinals ,100,0,0,0,0,0,0,0,0,0,0,0,0,0,0,0,0,0,0,0,0,0,0,0
2026-rotterdam-9,rotterdam,Hard,Alex de Minaur,Botic van de Zandschulp,3-6 7-6 7-4,Quarterfinals ,100,0,0,0,0,0,0,0,0,0,0,0,0,0,0,0,0,0,0,0,0,0,0,0
2026-rotterdam-9,rotterdam,Hard,Felix Auger-Aliassime,Tallon Griekspoor,7-6 6-2,Quarterfinals ,100,0,0,0,0,0,0,0,0,0,0,0,0,0,0,0,0,0,0,0,0,0,0,0
2026-rotterdam-9,rotterdam,Hard,Alexander Bublik,Jaume Munar,6-4 6-7 4-6 7-3,Quarterfinals ,100,0,0,0,0,0,0,0,0,0,0,0,0,0,0,0,0,0,0,0,0,0,0,0
2026-rotterdam-9,rotterdam,Hard,Ugo Humbert,Christopher O'Connell,6-4 6-1,Quarterfinals ,100,0,0,0,0,0,0,0,0,0,0,0,0,0,0,0,0,0,0,0,0,0,0,0
2026-rotterdam-9,rotterdam,Hard,Alex de Minaur,Stan Wawrinka,6-4 6-2,Round of 16 ,100,0,0,0,0,0,0,0,0,0,0,0,0,0,0,0,0,0,0,0,0,0,0,0
2026-rotterdam-9,rotterdam,Hard,Felix Auger-Aliassime,Hamad Medjedovic,6-4 6-4,Round of 16 ,100,0,0,0,0,0,0,0,0,0,0,0,0,0,0,0,0,0,0,0,0,0,0,0
2026-rotterdam-9,rotterdam,Hard,Alexander Bublik,Jan-Lennard Struff,7-6 4-2 6-6,Round of 16 ,100,0,0,0,0,0,0,0,0,0,0,0,0,0,0,0,0,0,0,0,0,0,0,0
2026-rotterdam-9,rotterdam,Hard,Jaume Munar,Karen Khachanov,7-6 3-8 6-6,Round of 16 ,100,0,0,0,0,0,0,0,0,0,0,0,0,0,0,0,0,0,0,0,0,0,0,0
2026-rotterdam-9,rotterdam,Hard,Ugo Humbert,Guy Den Ouden,6-4 6-3,Round of 16 ,100,0,0,0,0,0,0,0,0,0,0,0,0,0,0,0,0,0,0,0,0,0,0,0
2026-rotterdam-9,rotterdam,Hard,Botic van de Zandschulp,Stefanos Tsitsipas,6-4 7-6,Round of 16 ,100,0,0,0,0,0,0,0,0,0,0,0,0,0,0,0,0,0,0,0,0,0,0,0
2026-rotterdam-9,rotterdam,Hard,Christopher O'Connell,Cameron Norrie,7-6 6-9,Round of 16 ,100,0,0,0,0,0,0,0,0,0,0,0,0,0,0,0,0,0,0,0,0,0,0,0
2026-rotterdam-9,rotterdam,Hard,Tallon Griekspoor,Quentin Halys,7-5 7-6,Round of 16 ,100,0,0,0,0,0,0,0,0,0,0,0,0,0,0,0,0,0,0,0,0,0,0,0
2026-rotterdam-9,rotterdam,Hard,Felix Auger-Aliassime,Alexei Popyrin,7-5 6-3,Round of 32 ,100,0,0,0,0,0,0,0,0,0,0,0,0,0,0,0,0,0,0,0,0,0,0,0
2026-rotterdam-9,rotterdam,Hard,Alexander Bublik,Hubert Hurkacz,6-7 2-6 7-1 7-5,Round of 32 ,100,0,0,0,0,0,0,0,0,0,0,0,0,0,0,0,0,0,0,0,0,0,0,0
2026-rotterdam-9,rotterdam,Hard,Karen Khachanov,Jesper de Jong,3-6 6-4 7-5,Round of 32 ,100,0,0,0,0,0,0,0,0,0,0,0,0,0,0,0,0,0,0,0,0,0,0,0
2026-rotterdam-9,rotterdam,Hard,Stefanos Tsitsipas,Arthur Rinderknech,7-5 6-3,Round of 32 ,100,0,0,0,0,0,0,0,0,0,0,0,0,0,0,0,0,0,0,0,0,0,0,0
2026-rotterdam-9,rotterdam,Hard,Guy Den Ouden,Marton Fucsovics,7-6 6-5,Round of 32 ,100,0,0,0,0,0,0,0,0,0,0,0,0,0,0,0,0,0,0,0,0,0,0,0
2026-rotterdam-9,rotterdam,Hard,Stan Wawrinka,Thijs Boogaard,6-3 6-4,Round of 32 ,100,0,0,0,0,0,0,0,0,0,0,0,0,0,0,0,0,0,0,0,0,0,0,0
2026-rotterdam-9,rotterdam,Hard,Alex de Minaur,Arthur Fils,7-6 6-3,Round of 32 ,100,0,0,0,0,0,0,0,0,0,0,0,0,0,0,0,0,0,0,0,0,0,0,0
2026-rotterdam-9,rotterdam,Hard,Tallon Griekspoor,Giovanni Mpetshi Perricard,6-4 6-4,Round of 32 ,100,0,0,0,0,0,0,0,0,0,0,0,0,0,0,0,0,0,0,0,0,0,0,0
2026-rotterdam-9,rotterdam,Hard,Quentin Halys,Mees Rottgering,3-6 6-1 6-1,Round of 32 ,100,0,0,0,0,0,0,0,0,0,0,0,0,0,0,0,0,0,0,0,0,0,0,0
2026-rotterdam-9,rotterdam,Hard,Hamad Medjedovic,Zizou Bergs,7-6 7-5,Round of 32 ,100,0,0,0,0,0,0,0,0,0,0,0,0,0,0,0,0,0,0,0,0,0,0,0
2026-rotterdam-9,rotterdam,Hard,Jan-Lennard Struff,Hugo Grenier,6-0 6-4,Round of 32 ,100,0,0,0,0,0,0,0,0,0,0,0,0,0,0,0,0,0,0,0,0,0,0,0
2026-rotterdam-9,rotterdam,Hard,Ugo Humbert,Daniil Medvedev,7-6 3-4 6-6,Round of 32 ,100,0,0,0,0,0,0,0,0,0,0,0,0,0,0,0,0,0,0,0,0,0,0,0
2026-rotterdam-9,rotterdam,Hard,Cameron Norrie,Roberto Bautista Agut,7-6 6-3,Round of 32 ,100,0,0,0,0,0,0,0,0,0,0,0,0,0,0,0,0,0,0,0,0,0,0,0
2026-rotterdam-9,rotterdam,Hard,Jaume Munar,Nicolai Budkov Kjaer,6-1 6-3,Round of 32 ,100,0,0,0,0,0,0,0,0,0,0,0,0,0,0,0,0,0,0,0,0,0,0,0
2026-rotterdam-9,rotterdam,Hard,Christopher O'Connell,Valentin Royer,6-4 4-6 7-6,Round of 32 ,100,0,0,0,0,0,0,0,0,0,0,0,0,0,0,0,0,0,0,0,0,0,0,0
2026-rotterdam-9,rotterdam,Hard,Botic van de Zandschulp,Luka Pavlovic,7-6 6-5,Round of 32 ,100,0,0,0,0,0,0,0,0,0,0,0,0,0,0,0,0,0,0,0,0,0,0,0
2026-rotterdam-9,rotterdam,Hard,Luka Pavlovic,Hamad Medjedovic,7-6 3-5 7-6,2nd Round Qualifying ,100,0,0,0,0,0,0,0,0,0,0,0,0,0,0,0,0,0,0,0,0,0,0,0
2026-rotterdam-9,rotterdam,Hard,Christopher O'Connell,Hugo Gaston,6-2 6-3,2nd Round Qualifying ,100,0,0,0,0,0,0,0,0,0,0,0,0,0,0,0,0,0,0,0,0,0,0,0
2026-rotterdam-9,rotterdam,Hard,Hugo Grenier,Thijs Boogaard,2-6 7-6 6-3,2nd Round Qualifying ,100,0,0,0,0,0,0,0,0,0,0,0,0,0,0,0,0,0,0,0,0,0,0,0
2026-rotterdam-9,rotterdam,Hard,Mees Rottgering,Roberto Carballes Baena,7-6 6-3 8-7 6-3,2nd Round Qualifying ,100,0,0,0,0,0,0,0,0,0,0,0,0,0,0,0,0,0,0,0,0,0,0,0
2026-rotterdam-9,rotterdam,Hard,Hamad Medjedovic,Nikoloz Basilashvili,6-3 6-4,1st Round Qualifying ,100,0,0,0,0,0,0,0,0,0,0,0,0,0,0,0,0,0,0,0,0,0,0,0
2026-rotterdam-9,rotterdam,Hard,Hugo Gaston,Alec Deckers,6-3 6-7 2-6 7-2,1st Round Qualifying ,100,0,0,0,0,0,0,0,0,0,0,0,0,0,0,0,0,0,0,0,0,0,0,0
2026-rotterdam-9,rotterdam,Hard,Roberto Carballes Baena,Pablo Carreno Busta,6-4 3-6 6-1,1st Round Qualifying ,100,0,0,0,0,0,0,0,0,0,0,0,0,0,0,0,0,0,0,0,0,0,0,0
2026-rotterdam-9,rotterdam,Hard,Mees Rottgering,Kyrian Jacquet,0-6 6-4 6-4,1st Round Qualifying ,100,0,0,0,0,0,0,0,0,0,0,0,0,0,0,0,0,0,0,0,0,0,0,0
2026-rotterdam-9,rotterdam,Hard,Christopher O'Connell,Vitaliy Sachko,6-3 7-5,1st Round Qualifying ,100,0,0,0,0,0,0,0,0,0,0,0,0,0,0,0,0,0,0,0,0,0,0,0
2026-rotterdam-9,rotterdam,Hard,Hugo Grenier,Jan Choinski,7-5 6-2,1st Round Qualifying ,100,0,0,0,0,0,0,0,0,0,0,0,0,0,0,0,0,0,0,0,0,0,0,0
2026-rotterdam-9,rotterdam,Hard,Luka Pavlovic,Billy Harris,6-4 6-3,1st Round Qualifying ,100,0,0,0,0,0,0,0,0,0,0,0,0,0,0,0,0,0,0,0,0,0,0,0
2026-rotterdam-9,rotterdam,Hard,Thijs Boogaard,Kimmer Coppejans,3-6 7-6 6-6,1st Round Qualifying ,100,0,0,0,0,0,0,0,0,0,0,0,0,0,0,0,0,0,0,0,0,0,0,0
2026-buenos-aires-10,buenos-aires,Hard,Francisco Cerundolo,Luciano Darderi,6-4 6-2,Final ,100,0,0,0,0,0,0,0,0,0,0,0,0,0,0,0,0,0,0,0,0,0,0,0
2026-buenos-aires-10,buenos-aires,Hard,Francisco Cerundolo,Tomas Martin Etcheverry,6-3 7-5,Semifinals ,100,0,0,0,0,0,0,0,0,0,0,0,0,0,0,0,0,0,0,0,0,0,0,0
2026-buenos-aires-10,buenos-aires,Hard,Luciano Darderi,Sebastian Baez,7-6 6-2,Semifinals ,100,0,0,0,0,0,0,0,0,0,0,0,0,0,0,0,0,0,0,0,0,0,0,0
2026-buenos-aires-10,buenos-aires,Hard,Francisco Cerundolo,Vit Kopriva,6-4 6-3,Quarterfinals ,100,0,0,0,0,0,0,0,0,0,0,0,0,0,0,0,0,0,0,0,0,0,0,0
2026-buenos-aires-10,buenos-aires,Hard,Luciano Darderi,Pedro Martinez,7-5 6-1,Quarterfinals ,100,0,0,0,0,0,0,0,0,0,0,0,0,0,0,0,0,0,0,0,0,0,0,0
2026-buenos-aires-10,buenos-aires,Hard,Sebastian Baez,Camilo Ugo Carabelli,7-6 6-5,Quarterfinals ,100,0,0,0,0,0,0,0,0,0,0,0,0,0,0,0,0,0,0,0,0,0,0,0
2026-buenos-aires-10,buenos-aires,Hard,Tomas Martin Etcheverry,Alejandro Tabilo,1-6 6-3 6-4,Quarterfinals ,100,0,0,0,0,0,0,0,0,0,0,0,0,0,0,0,0,0,0,0,0,0,0,0
2026-buenos-aires-10,buenos-aires,Hard,Luciano Darderi,Tomas Barrios Vera,6-1 6-3,Round of 16 ,100,0,0,0,0,0,0,0,0,0,0,0,0,0,0,0,0,0,0,0,0,0,0,0
2026-buenos-aires-10,buenos-aires,Hard,Sebastian Baez,Ignacio Buse,6-4 6-3,Round of 16 ,100,0,0,0,0,0,0,0,0,0,0,0,0,0,0,0,0,0,0,0,0,0,0,0
2026-buenos-aires-10,buenos-aires,Hard,Camilo Ugo Carabelli,Mariano Navone,6-2 7-5,Round of 16 ,100,0,0,0,0,0,0,0,0,0,0,0,0,0,0,0,0,0,0,0,0,0,0,0
2026-buenos-aires-10,buenos-aires,Hard,Pedro Martinez,Juan Manuel Cerundolo,7-6 6-5,Round of 16 ,100,0,0,0,0,0,0,0,0,0,0,0,0,0,0,0,0,0,0,0,0,0,0,0
2026-buenos-aires-10,buenos-aires,Hard,Francisco Cerundolo,Hugo Dellien,6-0 7-6,Round of 16 ,100,0,0,0,0,0,0,0,0,0,0,0,0,0,0,0,0,0,0,0,0,0,0,0
2026-buenos-aires-10,buenos-aires,Hard,Alejandro Tabilo,Joao Fonseca,6-3 3-6 7-5,Round of 16 ,100,0,0,0,0,0,0,0,0,0,0,0,0,0,0,0,0,0,0,0,0,0,0,0
2026-buenos-aires-10,buenos-aires,Hard,Tomas Martin Etcheverry,Roman Andres Burruchaga,7-6 6-5 3-7 6-4,Round of 16 ,100,0,0,0,0,0,0,0,0,0,0,0,0,0,0,0,0,0,0,0,0,0,0,0
2026-buenos-aires-10,buenos-aires,Hard,Vit Kopriva,Matteo Berrettini,6-4 6-3,Round of 16 ,100,0,0,0,0,0,0,0,0,0,0,0,0,0,0,0,0,0,0,0,0,0,0,0
2026-buenos-aires-10,buenos-aires,Hard,Mariano Navone,Emilio Nava,6-2 6-1,Round of 32 ,100,0,0,0,0,0,0,0,0,0,0,0,0,0,0,0,0,0,0,0,0,0,0,0
2026-buenos-aires-10,buenos-aires,Hard,Juan Manuel Cerundolo,Daniel Altmaier,6-2 6-2,Round of 32 ,100,0,0,0,0,0,0,0,0,0,0,0,0,0,0,0,0,0,0,0,0,0,0,0
2026-buenos-aires-10,buenos-aires,Hard,Camilo Ugo Carabelli,Francisco Comesana,6-4 7-6,Round of 32 ,100,0,0,0,0,0,0,0,0,0,0,0,0,0,0,0,0,0,0,0,0,0,0,0
2026-buenos-aires-10,buenos-aires,Hard,Matteo Berrettini,Federico Coria,7-5 7-5,Round of 32 ,100,0,0,0,0,0,0,0,0,0,0,0,0,0,0,0,0,0,0,0,0,0,0,0
2026-buenos-aires-10,buenos-aires,Hard,Tomas Barrios Vera,Thiago Seyboth Wild,4-6 6-5,Round of 32 ,100,0,0,0,0,0,0,0,0,0,0,0,0,0,0,0,0,0,0,0,0,0,0,0
2026-buenos-aires-10,buenos-aires,Hard,Roman Andres Burruchaga,Laslo Djere,6-2 6-4,Round of 32 ,100,0,0,0,0,0,0,0,0,0,0,0,0,0,0,0,0,0,0,0,0,0,0,0
2026-buenos-aires-10,buenos-aires,Hard,Ignacio Buse,Francesco Passaro,5-7 7-5 6-4,Round of 32 ,100,0,0,0,0,0,0,0,0,0,0,0,0,0,0,0,0,0,0,0,0,0,0,0
2026-buenos-aires-10,buenos-aires,Hard,Alejandro Tabilo,Facundo Diaz Acosta,7-6 6-5,Round of 32 ,100,0,0,0,0,0,0,0,0,0,0,0,0,0,0,0,0,0,0,0,0,0,0,0
2026-buenos-aires-10,buenos-aires,Hard,Tomas Martin Etcheverry,Andrea Pellegrino,6-3 6-4,Round of 32 ,100,0,0,0,0,0,0,0,0,0,0,0,0,0,0,0,0,0,0,0,0,0,0,0
2026-buenos-aires-10,buenos-aires,Hard,Hugo Dellien,Damir Dzumhur,6-4 6-1,Round of 32 ,100,0,0,0,0,0,0,0,0,0,0,0,0,0,0,0,0,0,0,0,0,0,0,0
2026-buenos-aires-10,buenos-aires,Hard,Vit Kopriva,Alex Barrena,6-4 3-6 6-4,Round of 32 ,100,0,0,0,0,0,0,0,0,0,0,0,0,0,0,0,0,0,0,0,0,0,0,0
2026-buenos-aires-10,buenos-aires,Hard,Pedro Martinez,Lautaro Midon,6-4 6-1,Round of 32 ,100,0,0,0,0,0,0,0,0,0,0,0,0,0,0,0,0,0,0,0,0,0,0,0
2026-buenos-aires-10,buenos-aires,Hard,Andrea Pellegrino,Thiago Seyboth Wild,7-6 6-9,2nd Round Qualifying ,100,0,0,0,0,0,0,0,0,0,0,0,0,0,0,0,0,0,0,0,0,0,0,0
2026-buenos-aires-10,buenos-aires,Hard,Hugo Dellien,Thiago Monteiro,6-1 6-3,2nd Round Qualifying ,100,0,0,0,0,0,0,0,0,0,0,0,0,0,0,0,0,0,0,0,0,0,0,0
2026-buenos-aires-10,buenos-aires,Hard,Francesco Passaro,Marco Cecchinato,5-7 6-4 6-2,2nd Round Qualifying ,100,0,0,0,0,0,0,0,0,0,0,0,0,0,0,0,0,0,0,0,0,0,0,0
2026-buenos-aires-10,buenos-aires,Hard,Lautaro Midon,Daniel Elahi Galan,6-4 4-6 6-3,2nd Round Qualifying ,100,0,0,0,0,0,0,0,0,0,0,0,0,0,0,0,0,0,0,0,0,0,0,0
2026-buenos-aires-10,buenos-aires,Hard,Andrea Pellegrino,Juan Manuel La Serna,6-1 6-3,1st Round Qualifying ,100,0,0,0,0,0,0,0,0,0,0,0,0,0,0,0,0,0,0,0,0,0,0,0
2026-buenos-aires-10,buenos-aires,Hard,Hugo Dellien,Genaro Alberto Olivieri,6-1 6-4,1st Round Qualifying ,100,0,0,0,0,0,0,0,0,0,0,0,0,0,0,0,0,0,0,0,0,0,0,0
2026-buenos-aires-10,buenos-aires,Hard,Francesco Passaro,Nicolas Kicker,6-3 6-3,1st Round Qualifying ,100,0,0,0,0,0,0,0,0,0,0,0,0,0,0,0,0,0,0,0,0,0,0,0
2026-buenos-aires-10,buenos-aires,Hard,Daniel Elahi Galan,Juan Bautista Torres,6-2 7-6,1st Round Qualifying ,100,0,0,0,0,0,0,0,0,0,0,0,0,0,0,0,0,0,0,0,0,0,0,0
2026-buenos-aires-10,buenos-aires,Hard,Thiago Seyboth Wild,Andrea Collarini,7-6 6-8 4-7 6-4,1st Round Qualifying ,100,0,0,0,0,0,0,0,0,0,0,0,0,0,0,0,0,0,0,0,0,0,0,0
2026-buenos-aires-10,buenos-aires,Hard,Thiago Monteiro,Franco Agamenone,6-4 6-0,1st Round Qualifying ,100,0,0,0,0,0,0,0,0,0,0,0,0,0,0,0,0,0,0,0,0,0,0,0
2026-buenos-aires-10,buenos-aires,Hard,Marco Cecchinato,Santiago Rodriguez Taverna,6-3 6-3,1st Round Qualifying ,100,0,0,0,0,0,0,0,0,0,0,0,0,0,0,0,0,0,0,0,0,0,0,0
2026-buenos-aires-10,buenos-aires,Hard,Lautaro Midon,Felipe Meligeni Alves,6-2 6-2,1st Round Qualifying ,100,0,0,0,0,0,0,0,0,0,0,0,0,0,0,0,0,0,0,0,0,0,0,0
2026-doha-11,doha,Hard,Carlos Alcaraz,Arthur Fils,6-2 6-1,Final ,100,0,0,0,0,0,0,0,0,0,0,0,0,0,0,0,0,0,0,0,0,0,0,0
2026-doha-11,doha,Hard,Carlos Alcaraz,Andrey Rublev,7-6 6-3,Semifinals ,100,0,0,0,0,0,0,0,0,0,0,0,0,0,0,0,0,0,0,0,0,0,0,0
2026-doha-11,doha,Hard,Arthur Fils,Jakub Mensik,6-4 7-6,Semifinals ,100,0,0,0,0,0,0,0,0,0,0,0,0,0,0,0,0,0,0,0,0,0,0,0
2026-doha-11,doha,Hard,Carlos Alcaraz,Karen Khachanov,6-7 3-4 6-3,Quarterfinals ,100,0,0,0,0,0,0,0,0,0,0,0,0,0,0,0,0,0,0,0,0,0,0,0
2026-doha-11,doha,Hard,Jakub Mensik,Jannik Sinner,7-6 2-3 6-6,Quarterfinals ,100,0,0,0,0,0,0,0,0,0,0,0,0,0,0,0,0,0,0,0,0,0,0,0
2026-doha-11,doha,Hard,Andrey Rublev,Stefanos Tsitsipas,6-3 7-6,Quarterfinals ,100,0,0,0,0,0,0,0,0,0,0,0,0,0,0,0,0,0,0,0,0,0,0,0
2026-doha-11,doha,Hard,Arthur Fils,Jiri Lehecka,6-3 6-3,Quarterfinals ,100,0,0,0,0,0,0,0,0,0,0,0,0,0,0,0,0,0,0,0,0,0,0,0
2026-doha-11,doha,Hard,Carlos Alcaraz,Valentin Royer,6-2 7-5,Round of 16 ,100,0,0,0,0,0,0,0,0,0,0,0,0,0,0,0,0,0,0,0,0,0,0,0
2026-doha-11,doha,Hard,Jannik Sinner,Alexei Popyrin,6-3 7-5,Round of 16 ,100,0,0,0,0,0,0,0,0,0,0,0,0,0,0,0,0,0,0,0,0,0,0,0
2026-doha-11,doha,Hard,Stefanos Tsitsipas,Daniil Medvedev,6-3 6-4,Round of 16 ,100,0,0,0,0,0,0,0,0,0,0,0,0,0,0,0,0,0,0,0,0,0,0,0
2026-doha-11,doha,Hard,Andrey Rublev,Fabian Marozsan,6-2 6-4,Round of 16 ,100,0,0,0,0,0,0,0,0,0,0,0,0,0,0,0,0,0,0,0,0,0,0,0
2026-doha-11,doha,Hard,Jakub Mensik,Zhizhen Zhang,6-3 6-2,Round of 16 ,100,0,0,0,0,0,0,0,0,0,0,0,0,0,0,0,0,0,0,0,0,0,0,0
2026-doha-11,doha,Hard,Karen Khachanov,Marton Fucsovics,6-2 4-6 6-4,Round of 16 ,100,0,0,0,0,0,0,0,0,0,0,0,0,0,0,0,0,0,0,0,0,0,0,0
2026-doha-11,doha,Hard,Jiri Lehecka,Zizou Bergs,6-2 6-1,Round of 16 ,100,0,0,0,0,0,0,0,0,0,0,0,0,0,0,0,0,0,0,0,0,0,0,0
2026-doha-11,doha,Hard,Arthur Fils,Quentin Halys,6-1 7-6,Round of 16 ,100,0,0,0,0,0,0,0,0,0,0,0,0,0,0,0,0,0,0,0,0,0,0,0
2026-doha-11,doha,Hard,Carlos Alcaraz,Arthur Rinderknech,6-4 7-6,Round of 32 ,100,0,0,0,0,0,0,0,0,0,0,0,0,0,0,0,0,0,0,0,0,0,0,0
2026-doha-11,doha,Hard,Andrey Rublev,Jesper de Jong,6-4 6-3,Round of 32 ,100,0,0,0,0,0,0,0,0,0,0,0,0,0,0,0,0,0,0,0,0,0,0,0
2026-doha-11,doha,Hard,Karen Khachanov,Shintaro Mochizuki,6-1 3-6 6-4,Round of 32 ,100,0,0,0,0,0,0,0,0,0,0,0,0,0,0,0,0,0,0,0,0,0,0,0
2026-doha-11,doha,Hard,Jiri Lehecka,Jenson Brooksby,6-3 6-3,Round of 32 ,100,0,0,0,0,0,0,0,0,0,0,0,0,0,0,0,0,0,0,0,0,0,0,0
2026-doha-11,doha,Hard,Zizou Bergs,Giovanni Mpetshi Perricard,6-3 6-7 5-4,Round of 32 ,100,0,0,0,0,0,0,0,0,0,0,0,0,0,0,0,0,0,0,0,0,0,0,0
2026-doha-11,doha,Hard,Marton Fucsovics,Hady Habib,6-3 6-3,Round of 32 ,100,0,0,0,0,0,0,0,0,0,0,0,0,0,0,0,0,0,0,0,0,0,0,0
2026-doha-11,doha,Hard,Quentin Halys,Pablo Carreno Busta,4-6 7-5 6-3,Round of 32 ,100,0,0,0,0,0,0,0,0,0,0,0,0,0,0,0,0,0,0,0,0,0,0,0
2026-doha-11,doha,Hard,Fabian Marozsan,Ugo Humbert,6-3 6-1,Round of 32 ,100,0,0,0,0,0,0,0,0,0,0,0,0,0,0,0,0,0,0,0,0,0,0,0
2026-doha-11,doha,Hard,Stefanos Tsitsipas,Moez Echargui,6-4 6-4,Round of 32 ,100,0,0,0,0,0,0,0,0,0,0,0,0,0,0,0,0,0,0,0,0,0,0,0
2026-doha-11,doha,Hard,Zhizhen Zhang,Roberto Carballes Baena,6-4 6-4,Round of 32 ,100,0,0,0,0,0,0,0,0,0,0,0,0,0,0,0,0,0,0,0,0,0,0,0
2026-doha-11,doha,Hard,Jannik Sinner,Tomas Machac,6-1 6-4,Round of 32 ,100,0,0,0,0,0,0,0,0,0,0,0,0,0,0,0,0,0,0,0,0,0,0,0
2026-doha-11,doha,Hard,Daniil Medvedev,Juncheng Shang,6-4 6-2,Round of 32 ,100,0,0,0,0,0,0,0,0,0,0,0,0,0,0,0,0,0,0,0,0,0,0,0
2026-doha-11,doha,Hard,Jakub Mensik,Jan Choinski,6-7 6-2 6-4,Round of 32 ,100,0,0,0,0,0,0,0,0,0,0,0,0,0,0,0,0,0,0,0,0,0,0,0
2026-doha-11,doha,Hard,Arthur Fils,Kamil Majchrzak,6-7 5-3 6-4,Round of 32 ,100,0,0,0,0,0,0,0,0,0,0,0,0,0,0,0,0,0,0,0,0,0,0,0
2026-doha-11,doha,Hard,Alexei Popyrin,Mubarak Shannan Zayid,6-0 6-2,Round of 32 ,100,0,0,0,0,0,0,0,0,0,0,0,0,0,0,0,0,0,0,0,0,0,0,0
2026-doha-11,doha,Hard,Valentin Royer,Pierre-Hugues Herbert,6-0 6-3,Round of 32 ,100,0,0,0,0,0,0,0,0,0,0,0,0,0,0,0,0,0,0,0,0,0,0,0
2026-doha-11,doha,Hard,Jan Choinski,Quentin Halys,1-6 6-3 7-6,2nd Round Qualifying ,100,0,0,0,0,0,0,0,0,0,0,0,0,0,0,0,0,0,0,0,0,0,0,0
2026-doha-11,doha,Hard,Pablo Carreno Busta,Billy Harris,7-5 6-3,2nd Round Qualifying ,100,0,0,0,0,0,0,0,0,0,0,0,0,0,0,0,0,0,0,0,0,0,0,0
2026-doha-11,doha,Hard,Roberto Carballes Baena,Shintaro Mochizuki,6-0 6-3,2nd Round Qualifying ,100,0,0,0,0,0,0,0,0,0,0,0,0,0,0,0,0,0,0,0,0,0,0,0
2026-doha-11,doha,Hard,Pierre-Hugues Herbert,Elias Ymer,6-4 3-6 6-3,2nd Round Qualifying ,100,0,0,0,0,0,0,0,0,0,0,0,0,0,0,0,0,0,0,0,0,0,0,0
2026-doha-11,doha,Hard,Quentin Halys,Mert Alkaya,6-3 6-4,1st Round Qualifying ,100,0,0,0,0,0,0,0,0,0,0,0,0,0,0,0,0,0,0,0,0,0,0,0
2026-doha-11,doha,Hard,Pierre-Hugues Herbert,Aleksandar Vukic,6-4 6-4,1st Round Qualifying ,100,0,0,0,0,0,0,0,0,0,0,0,0,0,0,0,0,0,0,0,0,0,0,0
2026-doha-11,doha,Hard,Pablo Carreno Busta,Reda Bennani,6-4 6-2,1st Round Qualifying ,100,0,0,0,0,0,0,0,0,0,0,0,0,0,0,0,0,0,0,0,0,0,0,0
2026-doha-11,doha,Hard,Shintaro Mochizuki,Ghanim Al Sulaiti,6-0 6-1,1st Round Qualifying ,100,0,0,0,0,0,0,0,0,0,0,0,0,0,0,0,0,0,0,0,0,0,0,0
2026-doha-11,doha,Hard,Jan Choinski,James McCabe,6-4 6-4,1st Round Qualifying ,100,0,0,0,0,0,0,0,0,0,0,0,0,0,0,0,0,0,0,0,0,0,0,0
2026-doha-11,doha,Hard,Billy Harris,Marco Trungelliti,3-6 6-4 6-4,1st Round Qualifying ,100,0,0,0,0,0,0,0,0,0,0,0,0,0,0,0,0,0,0,0,0,0,0,0
2026-doha-11,doha,Hard,Roberto Carballes Baena,Lucas Miedler,6-3 6-1,1st Round Qualifying ,100,0,0,0,0,0,0,0,0,0,0,0,0,0,0,0,0,0,0,0,0,0,0,0
2026-doha-11,doha,Hard,Elias Ymer,Nikoloz Basilashvili,6-3 6-5,1st Round Qualifying ,100,0,0,0,0,0,0,0,0,0,0,0,0,0,0,0,0,0,0,0,0,0,0,0
2026-rio-de-janeiro-12,rio-de-janeiro,Hard,Tomas Martin Etcheverry,Alejandro Tabilo,3-6 7-6 6-3,Final ,100,0,0,0,0,0,0,0,0,0,0,0,0,0,0,0,0,0,0,0,0,0,0,0
2026-rio-de-janeiro-12,rio-de-janeiro,Hard,Tomas Martin Etcheverry,Vit Kopriva,4-6 7-6 7-2,Semifinals ,100,0,0,0,0,0,0,0,0,0,0,0,0,0,0,0,0,0,0,0,0,0,0,0
2026-rio-de-janeiro-12,rio-de-janeiro,Hard,Alejandro Tabilo,Ignacio Buse,6-3 6-3,Semifinals ,100,0,0,0,0,0,0,0,0,0,0,0,0,0,0,0,0,0,0,0,0,0,0,0
2026-rio-de-janeiro-12,rio-de-janeiro,Hard,Tomas Martin Etcheverry,Jaime Faria,7-6 6-4,Quarterfinals ,100,0,0,0,0,0,0,0,0,0,0,0,0,0,0,0,0,0,0,0,0,0,0,0
2026-rio-de-janeiro-12,rio-de-janeiro,Hard,Ignacio Buse,Matteo Berrettini,6-3 2-6 6-3,Quarterfinals ,100,0,0,0,0,0,0,0,0,0,0,0,0,0,0,0,0,0,0,0,0,0,0,0
2026-rio-de-janeiro-12,rio-de-janeiro,Hard,Vit Kopriva,Juan Manuel Cerundolo,6-4 6-4,Quarterfinals ,100,0,0,0,0,0,0,0,0,0,0,0,0,0,0,0,0,0,0,0,0,0,0,0
2026-rio-de-janeiro-12,rio-de-janeiro,Hard,Alejandro Tabilo,Thiago Agustin Tirante,7-6 6-2 6-7 6-1,Quarterfinals ,100,0,0,0,0,0,0,0,0,0,0,0,0,0,0,0,0,0,0,0,0,0,0,0
2026-rio-de-janeiro-12,rio-de-janeiro,Hard,Ignacio Buse,Joao Fonseca,5-7 6-3 6-4,Round of 16 ,100,0,0,0,0,0,0,0,0,0,0,0,0,0,0,0,0,0,0,0,0,0,0,0
2026-rio-de-janeiro-12,rio-de-janeiro,Hard,Tomas Martin Etcheverry,Vilius Gaubas,7-6 6-1,Round of 16 ,100,0,0,0,0,0,0,0,0,0,0,0,0,0,0,0,0,0,0,0,0,0,0,0
2026-rio-de-janeiro-12,rio-de-janeiro,Hard,Matteo Berrettini,Dusan Lajovic,3-6 6-4 6-2,Round of 16 ,100,0,0,0,0,0,0,0,0,0,0,0,0,0,0,0,0,0,0,0,0,0,0,0
2026-rio-de-janeiro-12,rio-de-janeiro,Hard,Jaime Faria,Damir Dzumhur,7-6 6-1,Round of 16 ,100,0,0,0,0,0,0,0,0,0,0,0,0,0,0,0,0,0,0,0,0,0,0,0
2026-rio-de-janeiro-12,rio-de-janeiro,Hard,Thiago Agustin Tirante,Francisco Cerundolo,6-2 3-1,Round of 16 ,100,0,0,0,0,0,0,0,0,0,0,0,0,0,0,0,0,0,0,0,0,0,0,0
2026-rio-de-janeiro-12,rio-de-janeiro,Hard,Juan Manuel Cerundolo,Yannick Hanfmann,6-4 6-7 1-4,Round of 16 ,100,0,0,0,0,0,0,0,0,0,0,0,0,0,0,0,0,0,0,0,0,0,0,0
2026-rio-de-janeiro-12,rio-de-janeiro,Hard,Vit Kopriva,Roman Andres Burruchaga,6-3 6-1,Round of 16 ,100,0,0,0,0,0,0,0,0,0,0,0,0,0,0,0,0,0,0,0,0,0,0,0
2026-rio-de-janeiro-12,rio-de-janeiro,Hard,Alejandro Tabilo,Francesco Passaro,4-6 7-6 6-0,Round of 16 ,100,0,0,0,0,0,0,0,0,0,0,0,0,0,0,0,0,0,0,0,0,0,0,0
2026-rio-de-janeiro-12,rio-de-janeiro,Hard,Francisco Cerundolo,Mariano Navone,6-3 6-4,Round of 32 ,100,0,0,0,0,0,0,0,0,0,0,0,0,0,0,0,0,0,0,0,0,0,0,0
2026-rio-de-janeiro-12,rio-de-janeiro,Hard,Juan Manuel Cerundolo,Luciano Darderi,6-1 3-6 6-4,Round of 32 ,100,0,0,0,0,0,0,0,0,0,0,0,0,0,0,0,0,0,0,0,0,0,0,0
2026-rio-de-janeiro-12,rio-de-janeiro,Hard,Joao Fonseca,Thiago Monteiro,7-6 6-1,Round of 32 ,100,0,0,0,0,0,0,0,0,0,0,0,0,0,0,0,0,0,0,0,0,0,0,0
2026-rio-de-janeiro-12,rio-de-janeiro,Hard,Jaime Faria,Sebastian Baez,7-5 6-1,Round of 32 ,100,0,0,0,0,0,0,0,0,0,0,0,0,0,0,0,0,0,0,0,0,0,0,0
2026-rio-de-janeiro-12,rio-de-janeiro,Hard,Roman Andres Burruchaga,Camilo Ugo Carabelli,6-3 6-4,Round of 32 ,100,0,0,0,0,0,0,0,0,0,0,0,0,0,0,0,0,0,0,0,0,0,0,0
2026-rio-de-janeiro-12,rio-de-janeiro,Hard,Tomas Martin Etcheverry,Francisco Comesana,3-6 6-3 6-4,Round of 32 ,100,0,0,0,0,0,0,0,0,0,0,0,0,0,0,0,0,0,0,0,0,0,0,0
2026-rio-de-janeiro-12,rio-de-janeiro,Hard,Matteo Berrettini,Tomas Barrios Vera,7-6 7-1,Round of 32 ,100,0,0,0,0,0,0,0,0,0,0,0,0,0,0,0,0,0,0,0,0,0,0,0
2026-rio-de-janeiro-12,rio-de-janeiro,Hard,Damir Dzumhur,Pedro Martinez,0-6 7-6 6-5,Round of 32 ,100,0,0,0,0,0,0,0,0,0,0,0,0,0,0,0,0,0,0,0,0,0,0,0
2026-rio-de-janeiro-12,rio-de-janeiro,Hard,Vilius Gaubas,Guto Miguel,6-3 2-6 6-2,Round of 32 ,100,0,0,0,0,0,0,0,0,0,0,0,0,0,0,0,0,0,0,0,0,0,0,0
2026-rio-de-janeiro-12,rio-de-janeiro,Hard,Francesco Passaro,Dino Prizmic,6-3 6-4,Round of 32 ,100,0,0,0,0,0,0,0,0,0,0,0,0,0,0,0,0,0,0,0,0,0,0,0
2026-rio-de-janeiro-12,rio-de-janeiro,Hard,Dusan Lajovic,Daniel Altmaier,6-4 7-6,Round of 32 ,100,0,0,0,0,0,0,0,0,0,0,0,0,0,0,0,0,0,0,0,0,0,0,0
2026-rio-de-janeiro-12,rio-de-janeiro,Hard,Ignacio Buse,Igor Marcondes,4-6 7-5 6-4,Round of 32 ,100,0,0,0,0,0,0,0,0,0,0,0,0,0,0,0,0,0,0,0,0,0,0,0
2026-rio-de-janeiro-12,rio-de-janeiro,Hard,Yannick Hanfmann,Joao Lucas Reis Da Silva,7-6 6-3,Round of 32 ,100,0,0,0,0,0,0,0,0,0,0,0,0,0,0,0,0,0,0,0,0,0,0,0
2026-rio-de-janeiro-12,rio-de-janeiro,Hard,Vit Kopriva,Gustavo Heide,6-2 7-6,Round of 32 ,100,0,0,0,0,0,0,0,0,0,0,0,0,0,0,0,0,0,0,0,0,0,0,0
2026-rio-de-janeiro-12,rio-de-janeiro,Hard,Alejandro Tabilo,Emilio Nava,6-3 6-3,Round of 32 ,100,0,0,0,0,0,0,0,0,0,0,0,0,0,0,0,0,0,0,0,0,0,0,0
2026-rio-de-janeiro-12,rio-de-janeiro,Hard,Thiago Agustin Tirante,Cristian Garin,7-5 6-3,Round of 32 ,100,0,0,0,0,0,0,0,0,0,0,0,0,0,0,0,0,0,0,0,0,0,0,0
2026-rio-de-janeiro-12,rio-de-janeiro,Hard,Dino Prizmic,Tomas Barrios Vera,6-3 6-4,2nd Round Qualifying ,100,0,0,0,0,0,0,0,0,0,0,0,0,0,0,0,0,0,0,0,0,0,0,0
2026-rio-de-janeiro-12,rio-de-janeiro,Hard,Thiago Monteiro,Dusan Lajovic,2-6 6-3 6-3,2nd Round Qualifying ,100,0,0,0,0,0,0,0,0,0,0,0,0,0,0,0,0,0,0,0,0,0,0,0
2026-rio-de-janeiro-12,rio-de-janeiro,Hard,Vilius Gaubas,Francesco Passaro,6-4 6-4,2nd Round Qualifying ,100,0,0,0,0,0,0,0,0,0,0,0,0,0,0,0,0,0,0,0,0,0,0,0
2026-rio-de-janeiro-12,rio-de-janeiro,Hard,Igor Marcondes,Jaime Faria,6-1 7-6,2nd Round Qualifying ,100,0,0,0,0,0,0,0,0,0,0,0,0,0,0,0,0,0,0,0,0,0,0,0
2026-rio-de-janeiro-12,rio-de-janeiro,Hard,Thiago Monteiro,Adolfo Daniel Vallejo,6-4 6-1,1st Round Qualifying ,100,0,0,0,0,0,0,0,0,0,0,0,0,0,0,0,0,0,0,0,0,0,0,0
2026-rio-de-janeiro-12,rio-de-janeiro,Hard,Tomas Barrios Vera,Pedro Boscardin Dias,6-4 7-5,1st Round Qualifying ,100,0,0,0,0,0,0,0,0,0,0,0,0,0,0,0,0,0,0,0,0,0,0,0
2026-rio-de-janeiro-12,rio-de-janeiro,Hard,Igor Marcondes,Chun-Hsin Tseng,6-3 7-6,1st Round Qualifying ,100,0,0,0,0,0,0,0,0,0,0,0,0,0,0,0,0,0,0,0,0,0,0,0
2026-rio-de-janeiro-12,rio-de-janeiro,Hard,Francesco Passaro,Elmer Moller,7-6 6-4,1st Round Qualifying ,100,0,0,0,0,0,0,0,0,0,0,0,0,0,0,0,0,0,0,0,0,0,0,0
2026-rio-de-janeiro-12,rio-de-janeiro,Hard,Dino Prizmic,Daniel Elahi Galan,6-1 6-2,1st Round Qualifying ,100,0,0,0,0,0,0,0,0,0,0,0,0,0,0,0,0,0,0,0,0,0,0,0
2026-rio-de-janeiro-12,rio-de-janeiro,Hard,Dusan Lajovic,Hugo Dellien,3-6 7-6 6-3,1st Round Qualifying ,100,0,0,0,0,0,0,0,0,0,0,0,0,0,0,0,0,0,0,0,0,0,0,0
2026-rio-de-janeiro-12,rio-de-janeiro,Hard,Vilius Gaubas,Andrea Pellegrino,6-4 7-5,1st Round Qualifying ,100,0,0,0,0,0,0,0,0,0,0,0,0,0,0,0,0,0,0,0,0,0,0,0
2026-rio-de-janeiro-12,rio-de-janeiro,Hard,Jaime Faria,Nicolas Jarry,7-6 6-6 4-7 6-3,1st Round Qualifying ,100,0,0,0,0,0,0,0,0,0,0,0,0,0,0,0,0,0,0,0,0,0,0,0
2026-delray-beach-13,delray-beach,Hard,Sebastian Korda,Tommy Paul,6-4 6-3,Final ,100,0,0,0,0,0,0,0,0,0,0,0,0,0,0,0,0,0,0,0,0,0,0,0
2026-delray-beach-13,delray-beach,Hard,Sebastian Korda,Flavio Cobolli,7-6 6-1,Semifinals ,100,0,0,0,0,0,0,0,0,0,0,0,0,0,0,0,0,0,0,0,0,0,0,0
2026-delray-beach-13,delray-beach,Hard,Tommy Paul,Learner Tien,4-6 6-4 6-3,Semifinals ,100,0,0,0,0,0,0,0,0,0,0,0,0,0,0,0,0,0,0,0,0,0,0,0
2026-delray-beach-13,delray-beach,Hard,Tommy Paul,Taylor Fritz,6-4 6-3,Quarterfinals ,100,0,0,0,0,0,0,0,0,0,0,0,0,0,0,0,0,0,0,0,0,0,0,0
2026-delray-beach-13,delray-beach,Hard,Sebastian Korda,Casper Ruud,4-6 6-2 6-2,Quarterfinals ,100,0,0,0,0,0,0,0,0,0,0,0,0,0,0,0,0,0,0,0,0,0,0,0
2026-delray-beach-13,delray-beach,Hard,Flavio Cobolli,Coleman Wong,7-5 6-7 7-2,Quarterfinals ,100,0,0,0,0,0,0,0,0,0,0,0,0,0,0,0,0,0,0,0,0,0,0,0
2026-delray-beach-13,delray-beach,Hard,Learner Tien,Frances Tiafoe,7-6 3-5 7-6,Quarterfinals ,100,0,0,0,0,0,0,0,0,0,0,0,0,0,0,0,0,0,0,0,0,0,0,0
2026-delray-beach-13,delray-beach,Hard,Taylor Fritz,Rafael Jodar,7-6 6-4,Round of 16 ,100,0,0,0,0,0,0,0,0,0,0,0,0,0,0,0,0,0,0,0,0,0,0,0
2026-delray-beach-13,delray-beach,Hard,Learner Tien,Miomir Kecmanovic,6-4 6-7 4-6 7-5,Round of 16 ,100,0,0,0,0,0,0,0,0,0,0,0,0,0,0,0,0,0,0,0,0,0,0,0
2026-delray-beach-13,delray-beach,Hard,Tommy Paul,Adam Walton,7-6 6-11,Round of 16 ,100,0,0,0,0,0,0,0,0,0,0,0,0,0,0,0,0,0,0,0,0,0,0,0
2026-delray-beach-13,delray-beach,Hard,Frances Tiafoe,Zachary Svajda,6-4 3-6 7-5,Round of 16 ,100,0,0,0,0,0,0,0,0,0,0,0,0,0,0,0,0,0,0,0,0,0,0,0
2026-delray-beach-13,delray-beach,Hard,Casper Ruud,Marcos Giron,4-6 7-6 6-6,Round of 16 ,100,0,0,0,0,0,0,0,0,0,0,0,0,0,0,0,0,0,0,0,0,0,0,0
2026-delray-beach-13,delray-beach,Hard,Flavio Cobolli,Terence Atmane,7-5 6-4,Round of 16 ,100,0,0,0,0,0,0,0,0,0,0,0,0,0,0,0,0,0,0,0,0,0,0,0
2026-delray-beach-13,delray-beach,Hard,Coleman Wong,Brandon Nakashima,6-4 7-6,Round of 16 ,100,0,0,0,0,0,0,0,0,0,0,0,0,0,0,0,0,0,0,0,0,0,0,0
2026-delray-beach-13,delray-beach,Hard,Sebastian Korda,Alex Michelsen,6-3 7-6,Round of 16 ,100,0,0,0,0,0,0,0,0,0,0,0,0,0,0,0,0,0,0,0,0,0,0,0
2026-delray-beach-13,delray-beach,Hard,Tommy Paul,Corentin Moutet,4-6 6-3 6-4,Round of 32 ,100,0,0,0,0,0,0,0,0,0,0,0,0,0,0,0,0,0,0,0,0,0,0,0
2026-delray-beach-13,delray-beach,Hard,Brandon Nakashima,Marin Cilic,7-6 7-4,Round of 32 ,100,0,0,0,0,0,0,0,0,0,0,0,0,0,0,0,0,0,0,0,0,0,0,0
2026-delray-beach-13,delray-beach,Hard,Rafael Jodar,Ethan Quinn,6-2 6-3,Round of 32 ,100,0,0,0,0,0,0,0,0,0,0,0,0,0,0,0,0,0,0,0,0,0,0,0
2026-delray-beach-13,delray-beach,Hard,Miomir Kecmanovic,Mattia Bellucci,6-1 6-4,Round of 32 ,100,0,0,0,0,0,0,0,0,0,0,0,0,0,0,0,0,0,0,0,0,0,0,0
2026-delray-beach-13,delray-beach,Hard,Sebastian Korda,Mackenzie McDonald,6-4 7-5,Round of 32 ,100,0,0,0,0,0,0,0,0,0,0,0,0,0,0,0,0,0,0,0,0,0,0,0
2026-delray-beach-13,delray-beach,Hard,Zachary Svajda,Aleksandar Kovacevic,7-6 6-4,Round of 32 ,100,0,0,0,0,0,0,0,0,0,0,0,0,0,0,0,0,0,0,0,0,0,0,0
2026-delray-beach-13,delray-beach,Hard,Adam Walton,Gabriel Diallo,7-6 6-4,Round of 32 ,100,0,0,0,0,0,0,0,0,0,0,0,0,0,0,0,0,0,0,0,0,0,0,0
2026-delray-beach-13,delray-beach,Hard,Alex Michelsen,Valentin Vacherot,7-6 6-4,Round of 32 ,100,0,0,0,0,0,0,0,0,0,0,0,0,0,0,0,0,0,0,0,0,0,0,0
2026-delray-beach-13,delray-beach,Hard,Frances Tiafoe,Rinky Hijikata,6-4 6-4,Round of 32 ,100,0,0,0,0,0,0,0,0,0,0,0,0,0,0,0,0,0,0,0,0,0,0,0
2026-delray-beach-13,delray-beach,Hard,Terence Atmane,Patrick Kypson,6-3 2-6 6-4,Round of 32 ,100,0,0,0,0,0,0,0,0,0,0,0,0,0,0,0,0,0,0,0,0,0,0,0
2026-delray-beach-13,delray-beach,Hard,Marcos Giron,Sho Shimabukuro,6-3 7-5,Round of 32 ,100,0,0,0,0,0,0,0,0,0,0,0,0,0,0,0,0,0,0,0,0,0,0,0
2026-delray-beach-13,delray-beach,Hard,Coleman Wong,Nuno Borges,7-6 4-5 6-6,Round of 32 ,100,0,0,0,0,0,0,0,0,0,0,0,0,0,0,0,0,0,0,0,0,0,0,0
2026-delray-beach-13,delray-beach,Hard,Sho Shimabukuro,Adam Walton,6-3 6-4,2nd Round Qualifying ,100,0,0,0,0,0,0,0,0,0,0,0,0,0,0,0,0,0,0,0,0,0,0,0
2026-delray-beach-13,delray-beach,Hard,Rinky Hijikata,Dalibor Svrcina,6-4 6-3,2nd Round Qualifying ,100,0,0,0,0,0,0,0,0,0,0,0,0,0,0,0,0,0,0,0,0,0,0,0
2026-delray-beach-13,delray-beach,Hard,Coleman Wong,Tristan Schoolkate,6-4 6-4,2nd Round Qualifying ,100,0,0,0,0,0,0,0,0,0,0,0,0,0,0,0,0,0,0,0,0,0,0,0
2026-delray-beach-13,delray-beach,Hard,Zachary Svajda,Yibing Wu,6-3 6-4,2nd Round Qualifying ,100,0,0,0,0,0,0,0,0,0,0,0,0,0,0,0,0,0,0,0,0,0,0,0
2026-delray-beach-13,delray-beach,Hard,Adam Walton,Nicolas Moreno De Alboran,6-3 4-6 6-4,1st Round Qualifying ,100,0,0,0,0,0,0,0,0,0,0,0,0,0,0,0,0,0,0,0,0,0,0,0
2026-delray-beach-13,delray-beach,Hard,Dalibor Svrcina,Nicolas Mejia,3-6 6-1 6-4,1st Round Qualifying ,100,0,0,0,0,0,0,0,0,0,0,0,0,0,0,0,0,0,0,0,0,0,0,0
2026-delray-beach-13,delray-beach,Hard,Tristan Schoolkate,Murphy Cassone,6-4 7-6,1st Round Qualifying ,100,0,0,0,0,0,0,0,0,0,0,0,0,0,0,0,0,0,0,0,0,0,0,0
2026-delray-beach-13,delray-beach,Hard,Zachary Svajda,Liam Draxl,6-2 6-1,1st Round Qualifying ,100,0,0,0,0,0,0,0,0,0,0,0,0,0,0,0,0,0,0,0,0,0,0,0
2026-delray-beach-13,delray-beach,Hard,Rinky Hijikata,Michael Mmoh,6-3 3-6 7-6,1st Round Qualifying ,100,0,0,0,0,0,0,0,0,0,0,0,0,0,0,0,0,0,0,0,0,0,0,0
2026-delray-beach-13,delray-beach,Hard,Coleman Wong,Yoshihito Nishioka,6-2 6-2,1st Round Qualifying ,100,0,0,0,0,0,0,0,0,0,0,0,0,0,0,0,0,0,0,0,0,0,0,0
2026-delray-beach-13,delray-beach,Hard,Yibing Wu,Colton Smith,7-5 6-1,1st Round Qualifying ,100,0,0,0,0,0,0,0,0,0,0,0,0,0,0,0,0,0,0,0,0,0,0,0
2026-delray-beach-13,delray-beach,Hard,Sho Shimabukuro,Benjamin Willwerth,6-4 7-6,1st Round Qualifying ,100,0,0,0,0,0,0,0,0,0,0,0,0,0,0,0,0,0,0,0,0,0,0,0
2026-dubai-14,dubai,Hard,Felix Auger-Aliassime,Zhizhen Zhang,6-3 7-6,Round of 32 ,100,0,0,0,0,0,0,0,0,0,0,0,0,0,0,0,0,0,0,0,0,0,0,0
2026-dubai-14,dubai,Hard,Giovanni Mpetshi Perricard,Moez Echargui,7-6 6-3 3-7 7-6,Round of 32 ,100,0,0,0,0,0,0,0,0,0,0,0,0,0,0,0,0,0,0,0,0,0,0,0
2026-dubai-14,dubai,Hard,Stan Wawrinka,Benjamin Hassan,7-5 6-3,Round of 32 ,100,0,0,0,0,0,0,0,0,0,0,0,0,0,0,0,0,0,0,0,0,0,0,0
2026-dubai-14,dubai,Hard,Giovanni Mpetshi Perricard,Jan Choinski,4-6 6-3 7-6,2nd Round Qualifying ,100,0,0,0,0,0,0,0,0,0,0,0,0,0,0,0,0,0,0,0,0,0,0,0
2026-dubai-14,dubai,Hard,Quentin Halys,Alexander Shevchenko,7-6 7-6,2nd Round Qualifying ,100,0,0,0,0,0,0,0,0,0,0,0,0,0,0,0,0,0,0,0,0,0,0,0
2026-dubai-14,dubai,Hard,Otto Virtanen,Jan-Lennard Struff,6-7 7-4 6-4,2nd Round Qualifying ,100,0,0,0,0,0,0,0,0,0,0,0,0,0,0,0,0,0,0,0,0,0,0,0
2026-dubai-14,dubai,Hard,Pablo Carreno Busta,Luca Nardi,6-7 4-4 6-6 7-5,2nd Round Qualifying ,100,0,0,0,0,0,0,0,0,0,0,0,0,0,0,0,0,0,0,0,0,0,0,0
2026-dubai-14,dubai,Hard,Pablo Carreno Busta,Botic van de Zandschulp,6-3 6-2,1st Round Qualifying ,100,0,0,0,0,0,0,0,0,0,0,0,0,0,0,0,0,0,0,0,0,0,0,0
2026-dubai-14,dubai,Hard,Giovanni Mpetshi Perricard,Shintaro Mochizuki,6-1 7-6,1st Round Qualifying ,100,0,0,0,0,0,0,0,0,0,0,0,0,0,0,0,0,0,0,0,0,0,0,0
2026-dubai-14,dubai,Hard,Quentin Halys,Christopher O'Connell,6-3 6-4,1st Round Qualifying ,100,0,0,0,0,0,0,0,0,0,0,0,0,0,0,0,0,0,0,0,0,0,0,0
2026-dubai-14,dubai,Hard,Jan-Lennard Struff,Abdulrahman Al Janahi,6-0 6-1,1st Round Qualifying ,100,0,0,0,0,0,0,0,0,0,0,0,0,0,0,0,0,0,0,0,0,0,0,0
2026-dubai-14,dubai,Hard,Alexander Shevchenko,Nikoloz Basilashvili,7-6 6-1,1st Round Qualifying ,100,0,0,0,0,0,0,0,0,0,0,0,0,0,0,0,0,0,0,0,0,0,0,0
2026-dubai-14,dubai,Hard,Jan Choinski,Jesper de Jong,6-1 7-6,1st Round Qualifying ,100,0,0,0,0,0,0,0,0,0,0,0,0,0,0,0,0,0,0,0,0,0,0,0
2026-dubai-14,dubai,Hard,Otto Virtanen,Aleksandar Vukic,6-2 6-2,1st Round Qualifying ,100,0,0,0,0,0,0,0,0,0,0,0,0,0,0,0,0,0,0,0,0,0,0,0
2026-dubai-14,dubai,Hard,Luca Nardi,Marco Trungelliti,2-6 6-2 7-6,1st Round Qualifying ,100,0,0,0,0,0,0,0,0,0,0,0,0,0,0,0,0,0,0,0,0,0,0,0
2026-acapulco-15,acapulco,Hard,Patrick Kypson,Coleman Wong,6-3 6-0,2nd Round Qualifying ,100,0,0,0,0,0,0,0,0,0,0,0,0,0,0,0,0,0,0,0,0,0,0,0
2026-acapulco-15,acapulco,Hard,Sho Shimabukuro,Zachary Svajda,5-1,2nd Round Qualifying ,100,0,0,0,0,0,0,0,0,0,0,0,0,0,0,0,0,0,0,0,0,0,0,0
2026-acapulco-15,acapulco,Hard,Yibing Wu,Rinky Hijikata,6-1 7-6,2nd Round Qualifying ,100,0,0,0,0,0,0,0,0,0,0,0,0,0,0,0,0,0,0,0,0,0,0,0
2026-acapulco-15,acapulco,Hard,Elias Ymer,Nicolas Mejia,6-4 6-4,2nd Round Qualifying ,100,0,0,0,0,0,0,0,0,0,0,0,0,0,0,0,0,0,0,0,0,0,0,0
2026-acapulco-15,acapulco,Hard,Patrick Kypson,Stefan Kozlov,7-6 6-3,1st Round Qualifying ,100,0,0,0,0,0,0,0,0,0,0,0,0,0,0,0,0,0,0,0,0,0,0,0
2026-acapulco-15,acapulco,Hard,Zachary Svajda,Andres Martin,6-0 6-0,1st Round Qualifying ,100,0,0,0,0,0,0,0,0,0,0,0,0,0,0,0,0,0,0,0,0,0,0,0
2026-acapulco-15,acapulco,Hard,Rinky Hijikata,Alan Magadan,7-6 6-0,1st Round Qualifying ,100,0,0,0,0,0,0,0,0,0,0,0,0,0,0,0,0,0,0,0,0,0,0,0
2026-acapulco-15,acapulco,Hard,Elias Ymer,Mackenzie McDonald,7-6 4-7 6-6,1st Round Qualifying ,100,0,0,0,0,0,0,0,0,0,0,0,0,0,0,0,0,0,0,0,0,0,0,0
2026-acapulco-15,acapulco,Hard,Sho Shimabukuro,Rafael De Alba,6-2 6-2,1st Round Qualifying ,100,0,0,0,0,0,0,0,0,0,0,0,0,0,0,0,0,0,0,0,0,0,0,0
2026-acapulco-15,acapulco,Hard,Coleman Wong,Alex Hernandez,6-3 6-2,1st Round Qualifying ,100,0,0,0,0,0,0,0,0,0,0,0,0,0,0,0,0,0,0,0,0,0,0,0
2026-acapulco-15,acapulco,Hard,Yibing Wu,Juan Pablo Ficovich,6-0 6-2,1st Round Qualifying ,100,0,0,0,0,0,0,0,0,0,0,0,0,0,0,0,0,0,0,0,0,0,0,0
2026-acapulco-15,acapulco,Hard,Nicolas Mejia,Bernard Tomic,6-3 3-0,1st Round Qualifying ,100,0,0,0,0,0,0,0,0,0,0,0,0,0,0,0,0,0,0,0,0,0,0,0
2026-santiago-16,santiago,Hard,Adolfo Daniel Vallejo,Henrique Rocha,6-4 6-2,2nd Round Qualifying ,100,0,0,0,0,0,0,0,0,0,0,0,0,0,0,0,0,0,0,0,0,0,0,0
2026-santiago-16,santiago,Hard,Dino Prizmic,Hugo Dellien,6-3 3-6 6-2,2nd Round Qualifying ,100,0,0,0,0,0,0,0,0,0,0,0,0,0,0,0,0,0,0,0,0,0,0,0
2026-santiago-16,santiago,Hard,Alex Barrena,Vilius Gaubas,6-3 6-1,2nd Round Qualifying ,100,0,0,0,0,0,0,0,0,0,0,0,0,0,0,0,0,0,0,0,0,0,0,0
2026-santiago-16,santiago,Hard,Andrea Pellegrino,Daniel Elahi Galan,6-7 2-6 7-7 6-4,2nd Round Qualifying ,100,0,0,0,0,0,0,0,0,0,0,0,0,0,0,0,0,0,0,0,0,0,0,0
2026-santiago-16,santiago,Hard,Adolfo Daniel Vallejo,Thiago Monteiro,6-7 3-4 6-2,1st Round Qualifying ,100,0,0,0,0,0,0,0,0,0,0,0,0,0,0,0,0,0,0,0,0,0,0,0
2026-santiago-16,santiago,Hard,Dino Prizmic,Gustavo Heide,6-2 7-5,1st Round Qualifying ,100,0,0,0,0,0,0,0,0,0,0,0,0,0,0,0,0,0,0,0,0,0,0,0
2026-santiago-16,santiago,Hard,Vilius Gaubas,Joao Lucas Reis Da Silva,6-2 6-3,1st Round Qualifying ,100,0,0,0,0,0,0,0,0,0,0,0,0,0,0,0,0,0,0,0,0,0,0,0
2026-santiago-16,santiago,Hard,Andrea Pellegrino,Nicolas Villalon,6-3 6-4,1st Round Qualifying ,100,0,0,0,0,0,0,0,0,0,0,0,0,0,0,0,0,0,0,0,0,0,0,0
2026-santiago-16,santiago,Hard,Hugo Dellien,Benjamin Torrealba,6-1 6-1,1st Round Qualifying ,100,0,0,0,0,0,0,0,0,0,0,0,0,0,0,0,0,0,0,0,0,0,0,0
2026-santiago-16,santiago,Hard,Henrique Rocha,Orlando Luz,6-3 6-2,1st Round Qualifying ,100,0,0,0,0,0,0,0,0,0,0,0,0,0,0,0,0,0,0,0,0,0,0,0
2026-santiago-16,santiago,Hard,Alex Barrena,Daniel Antonio Nunez,6-0 6-3,1st Round Qualifying ,100,0,0,0,0,0,0,0,0,0,0,0,0,0,0,0,0,0,0,0,0,0,0,0
2026-santiago-16,santiago,Hard,Daniel Elahi Galan,Facundo Mena,7-6 7-5,1st Round Qualifying ,100,0,0,0,0,0,0,0,0,0,0,0,0,0,0,0,0,0,0,0,0,0,0,0
2026-indian-wells-0,indian-wells,Hard,Daniil Medvedev,Carlos Alcaraz,6-3 7-6,Semifinals ,100,0,0,0,0,0,0,0,0,0,0,0,0,0,0,0,0,0,0,0,0,0,0,0
2026-indian-wells-0,indian-wells,Hard,Jannik Sinner,Alexander Zverev,6-2 6-4,Semifinals ,100,0,0,0,0,0,0,0,0,0,0,0,0,0,0,0,0,0,0,0,0,0,0,0
2026-indian-wells-0,indian-wells,Hard,Carlos Alcaraz,Cameron Norrie,6-3 6-4,Quarterfinals ,100,0,0,0,0,0,0,0,0,0,0,0,0,0,0,0,0,0,0,0,0,0,0,0
2026-indian-wells-0,indian-wells,Hard,Jannik Sinner,Learner Tien,6-1 6-2,Quarterfinals ,100,0,0,0,0,0,0,0,0,0,0,0,0,0,0,0,0,0,0,0,0,0,0,0
2026-indian-wells-0,indian-wells,Hard,Alexander Zverev,Arthur Fils,6-2 6-3,Quarterfinals ,100,0,0,0,0,0,0,0,0,0,0,0,0,0,0,0,0,0,0,0,0,0,0,0
2026-indian-wells-0,indian-wells,Hard,Daniil Medvedev,Jack Draper,6-1 7-5,Quarterfinals ,100,0,0,0,0,0,0,0,0,0,0,0,0,0,0,0,0,0,0,0,0,0,0,0
2026-indian-wells-0,indian-wells,Hard,Carlos Alcaraz,Casper Ruud,6-1 7-6,Round of 16 ,100,0,0,0,0,0,0,0,0,0,0,0,0,0,0,0,0,0,0,0,0,0,0,0
2026-indian-wells-0,indian-wells,Hard,Jack Draper,Novak Djokovic,4-6 6-4 7-6,Round of 16 ,100,0,0,0,0,0,0,0,0,0,0,0,0,0,0,0,0,0,0,0,0,0,0,0
2026-indian-wells-0,indian-wells,Hard,Daniil Medvedev,Alex Michelsen,6-2 6-4,Round of 16 ,100,0,0,0,0,0,0,0,0,0,0,0,0,0,0,0,0,0,0,0,0,0,0,0
2026-indian-wells-0,indian-wells,Hard,Cameron Norrie,Rinky Hijikata,6-4 6-2,Round of 16 ,100,0,0,0,0,0,0,0,0,0,0,0,0,0,0,0,0,0,0,0,0,0,0,0
2026-indian-wells-0,indian-wells,Hard,Jannik Sinner,Joao Fonseca,7-6 7-6,Round of 16 ,100,0,0,0,0,0,0,0,0,0,0,0,0,0,0,0,0,0,0,0,0,0,0,0
2026-indian-wells-0,indian-wells,Hard,Alexander Zverev,Frances Tiafoe,6-3 6-4,Round of 16 ,100,0,0,0,0,0,0,0,0,0,0,0,0,0,0,0,0,0,0,0,0,0,0,0
2026-indian-wells-0,indian-wells,Hard,Arthur Fils,Felix Auger-Aliassime,6-3 7-6,Round of 16 ,100,0,0,0,0,0,0,0,0,0,0,0,0,0,0,0,0,0,0,0,0,0,0,0
2026-indian-wells-0,indian-wells,Hard,Learner Tien,Alejandro Davidovich Fokina,4-6 6-1 7-6,Round of 16 ,100,0,0,0,0,0,0,0,0,0,0,0,0,0,0,0,0,0,0,0,0,0,0,0
2026-indian-wells-0,indian-wells,Hard,Carlos Alcaraz,Arthur Rinderknech,6-7 6-3 6-2,Round of 32 ,100,0,0,0,0,0,0,0,0,0,0,0,0,0,0,0,0,0,0,0,0,0,0,0
2026-indian-wells-0,indian-wells,Hard,Novak Djokovic,Aleksandar Kovacevic,6-4 1-6 6-4,Round of 32 ,100,0,0,0,0,0,0,0,0,0,0,0,0,0,0,0,0,0,0,0,0,0,0,0
2026-indian-wells-0,indian-wells,Hard,Cameron Norrie,Alex de Minaur,6-4 6-4,Round of 32 ,100,0,0,0,0,0,0,0,0,0,0,0,0,0,0,0,0,0,0,0,0,0,0,0
2026-indian-wells-0,indian-wells,Hard,Alex Michelsen,Taylor Fritz,6-4 7-6,Round of 32 ,100,0,0,0,0,0,0,0,0,0,0,0,0,0,0,0,0,0,0,0,0,0,0,0
2026-indian-wells-0,indian-wells,Hard,Rinky Hijikata,Alexander Bublik,6-7 3-6 7-3 6-3,Round of 32 ,100,0,0,0,0,0,0,0,0,0,0,0,0,0,0,0,0,0,0,0,0,0,0,0
2026-indian-wells-0,indian-wells,Hard,Daniil Medvedev,Sebastian Baez,6-4 6-0,Round of 32 ,100,0,0,0,0,0,0,0,0,0,0,0,0,0,0,0,0,0,0,0,0,0,0,0
2026-indian-wells-0,indian-wells,Hard,Casper Ruud,Valentin Vacherot,3-6 6-3 6-4,Round of 32 ,100,0,0,0,0,0,0,0,0,0,0,0,0,0,0,0,0,0,0,0,0,0,0,0
2026-indian-wells-0,indian-wells,Hard,Jack Draper,Francisco Cerundolo,6-1 7-5,Round of 32 ,100,0,0,0,0,0,0,0,0,0,0,0,0,0,0,0,0,0,0,0,0,0,0,0
2026-indian-wells-0,indian-wells,Hard,Jannik Sinner,Denis Shapovalov,6-3 6-2,Round of 32 ,100,0,0,0,0,0,0,0,0,0,0,0,0,0,0,0,0,0,0,0,0,0,0,0
2026-indian-wells-0,indian-wells,Hard,Alexander Zverev,Brandon Nakashima,7-6 5-2 6-7,Round of 32 ,100,0,0,0,0,0,0,0,0,0,0,0,0,0,0,0,0,0,0,0,0,0,0,0
2026-indian-wells-0,indian-wells,Hard,Learner Tien,Ben Shelton,7-6 4-3 6-6,Round of 32 ,100,0,0,0,0,0,0,0,0,0,0,0,0,0,0,0,0,0,0,0,0,0,0,0
2026-indian-wells-0,indian-wells,Hard,Felix Auger-Aliassime,Gabriel Diallo,6-7 5-3 6-3,Round of 32 ,100,0,0,0,0,0,0,0,0,0,0,0,0,0,0,0,0,0,0,0,0,0,0,0
2026-indian-wells-0,indian-wells,Hard,Alejandro Davidovich Fokina,Jakub Mensik,6-2 4-6 6-2,Round of 32 ,100,0,0,0,0,0,0,0,0,0,0,0,0,0,0,0,0,0,0,0,0,0,0,0
2026-indian-wells-0,indian-wells,Hard,Frances Tiafoe,Flavio Cobolli,6-1 6-2,Round of 32 ,100,0,0,0,0,0,0,0,0,0,0,0,0,0,0,0,0,0,0,0,0,0,0,0
2026-indian-wells-0,indian-wells,Hard,Joao Fonseca,Tommy Paul,6-2 6-3,Round of 32 ,100,0,0,0,0,0,0,0,0,0,0,0,0,0,0,0,0,0,0,0,0,0,0,0
2026-indian-wells-0,indian-wells,Hard,Arthur Fils,Marton Fucsovics,6-3 7-5,Round of 32 ,100,0,0,0,0,0,0,0,0,0,0,0,0,0,0,0,0,0,0,0,0,0,0,0
2026-indian-wells-0,indian-wells,Hard,Carlos Alcaraz,Grigor Dimitrov,6-2 6-3,Round of 64 ,100,0,0,0,0,0,0,0,0,0,0,0,0,0,0,0,0,0,0,0,0,0,0,0
2026-indian-wells-0,indian-wells,Hard,Novak Djokovic,Kamil Majchrzak,4-6 6-1 6-2,Round of 64 ,100,0,0,0,0,0,0,0,0,0,0,0,0,0,0,0,0,0,0,0,0,0,0,0
2026-indian-wells-0,indian-wells,Hard,Alex de Minaur,Sebastian Korda,4-6 6-4 6-4,Round of 64 ,100,0,0,0,0,0,0,0,0,0,0,0,0,0,0,0,0,0,0,0,0,0,0,0
2026-indian-wells-0,indian-wells,Hard,Taylor Fritz,Jacob Fearnley,6-3 6-7 8-1,Round of 64 ,100,0,0,0,0,0,0,0,0,0,0,0,0,0,0,0,0,0,0,0,0,0,0,0
2026-indian-wells-0,indian-wells,Hard,Alexander Bublik,Vit Kopriva,3-6 7-6 6-3,Round of 64 ,100,0,0,0,0,0,0,0,0,0,0,0,0,0,0,0,0,0,0,0,0,0,0,0
2026-indian-wells-0,indian-wells,Hard,Daniil Medvedev,Alejandro Tabilo,6-4 6-2,Round of 64 ,100,0,0,0,0,0,0,0,0,0,0,0,0,0,0,0,0,0,0,0,0,0,0,0
2026-indian-wells-0,indian-wells,Hard,Casper Ruud,Alexander Shevchenko,6-1 7-6,Round of 64 ,100,0,0,0,0,0,0,0,0,0,0,0,0,0,0,0,0,0,0,0,0,0,0,0
2026-indian-wells-0,indian-wells,Hard,Jack Draper,Roberto Bautista Agut,3-6 6-3 6-2,Round of 64 ,100,0,0,0,0,0,0,0,0,0,0,0,0,0,0,0,0,0,0,0,0,0,0,0
2026-indian-wells-0,indian-wells,Hard,Joao Fonseca,Karen Khachanov,4-6 7-6 6-7,Round of 64 ,100,0,0,0,0,0,0,0,0,0,0,0,0,0,0,0,0,0,0,0,0,0,0,0
2026-indian-wells-0,indian-wells,Hard,Gabriel Diallo,Andrey Rublev,6-7 4-6 7-1 6-3,Round of 64 ,100,0,0,0,0,0,0,0,0,0,0,0,0,0,0,0,0,0,0,0,0,0,0,0
2026-indian-wells-0,indian-wells,Hard,Francisco Cerundolo,Benjamin Bonzi,6-4 5-7 7-6,Round of 64 ,100,0,0,0,0,0,0,0,0,0,0,0,0,0,0,0,0,0,0,0,0,0,0,0
2026-indian-wells-0,indian-wells,Hard,Rinky Hijikata,Luciano Darderi,4-6 6-2 6-4,Round of 64 ,100,0,0,0,0,0,0,0,0,0,0,0,0,0,0,0,0,0,0,0,0,0,0,0
2026-indian-wells-0,indian-wells,Hard,Sebastian Baez,Jiri Lehecka,6-4 6-1,Round of 64 ,100,0,0,0,0,0,0,0,0,0,0,0,0,0,0,0,0,0,0,0,0,0,0,0
2026-indian-wells-0,indian-wells,Hard,Valentin Vacherot,Nuno Borges,7-5 7-5,Round of 64 ,100,0,0,0,0,0,0,0,0,0,0,0,0,0,0,0,0,0,0,0,0,0,0,0
2026-indian-wells-0,indian-wells,Hard,Arthur Rinderknech,Juan Manuel Cerundolo,,Round of 64 ,100,0,0,0,0,0,0,0,0,0,0,0,0,0,0,0,0,0,0,0,0,0,0,0
2026-indian-wells-0,indian-wells,Hard,Cameron Norrie,Mackenzie McDonald,6-2 6-3,Round of 64 ,100,0,0,0,0,0,0,0,0,0,0,0,0,0,0,0,0,0,0,0,0,0,0,0
2026-indian-wells-0,indian-wells,Hard,Aleksandar Kovacevic,Corentin Moutet,6-1 6-4,Round of 64 ,100,0,0,0,0,0,0,0,0,0,0,0,0,0,0,0,0,0,0,0,0,0,0,0
2026-indian-wells-0,indian-wells,Hard,Alex Michelsen,Ugo Humbert,7-5 6-7 5-6 7-6,Round of 64 ,100,0,0,0,0,0,0,0,0,0,0,0,0,0,0,0,0,0,0,0,0,0,0,0
2026-indian-wells-0,indian-wells,Hard,Jannik Sinner,Dalibor Svrcina,6-1 6-1,Round of 64 ,100,0,0,0,0,0,0,0,0,0,0,0,0,0,0,0,0,0,0,0,0,0,0,0
2026-indian-wells-0,indian-wells,Hard,Alexander Zverev,Matteo Berrettini,6-3 6-4,Round of 64 ,100,0,0,0,0,0,0,0,0,0,0,0,0,0,0,0,0,0,0,0,0,0,0,0
2026-indian-wells-0,indian-wells,Hard,Marton Fucsovics,Lorenzo Musetti,7-5 6-1,Round of 64 ,100,0,0,0,0,0,0,0,0,0,0,0,0,0,0,0,0,0,0,0,0,0,0,0
2026-indian-wells-0,indian-wells,Hard,Ben Shelton,Reilly Opelka,6-7 3-6 7-4 6-3,Round of 64 ,100,0,0,0,0,0,0,0,0,0,0,0,0,0,0,0,0,0,0,0,0,0,0,0
2026-indian-wells-0,indian-wells,Hard,Felix Auger-Aliassime,Gael Monfils,6-7 5-3 6-4,Round of 64 ,100,0,0,0,0,0,0,0,0,0,0,0,0,0,0,0,0,0,0,0,0,0,0,0
2026-indian-wells-0,indian-wells,Hard,Jakub Mensik,Marcos Giron,7-5 7-6,Round of 64 ,100,0,0,0,0,0,0,0,0,0,0,0,0,0,0,0,0,0,0,0,0,0,0,0
2026-indian-wells-0,indian-wells,Hard,Flavio Cobolli,Miomir Kecmanovic,3-6 6-3 6-4,Round of 64 ,100,0,0,0,0,0,0,0,0,0,0,0,0,0,0,0,0,0,0,0,0,0,0,0
2026-indian-wells-0,indian-wells,Hard,Alejandro Davidovich Fokina,Zachary Svajda,7-6 6-0,Round of 64 ,100,0,0,0,0,0,0,0,0,0,0,0,0,0,0,0,0,0,0,0,0,0,0,0
2026-indian-wells-0,indian-wells,Hard,Frances Tiafoe,Jenson Brooksby,6-4 6-2,Round of 64 ,100,0,0,0,0,0,0,0,0,0,0,0,0,0,0,0,0,0,0,0,0,0,0,0
2026-indian-wells-0,indian-wells,Hard,Tommy Paul,Zizou Bergs,6-1 6-2,Round of 64 ,100,0,0,0,0,0,0,0,0,0,0,0,0,0,0,0,0,0,0,0,0,0,0,0
2026-indian-wells-0,indian-wells,Hard,Learner Tien,Adam Walton,7-6 7-3,Round of 64 ,100,0,0,0,0,0,0,0,0,0,0,0,0,0,0,0,0,0,0,0,0,0,0,0
2026-indian-wells-0,indian-wells,Hard,Brandon Nakashima,Camilo Ugo Carabelli,6-3 6-4,Round of 64 ,100,0,0,0,0,0,0,0,0,0,0,0,0,0,0,0,0,0,0,0,0,0,0,0
2026-indian-wells-0,indian-wells,Hard,Denis Shapovalov,Tomas Martin Etcheverry,6-3 2-6 7-6,Round of 64 ,100,0,0,0,0,0,0,0,0,0,0,0,0,0,0,0,0,0,0,0,0,0,0,0
2026-indian-wells-0,indian-wells,Hard,Arthur Fils,Dino Prizmic,6-2 3-2,Round of 64 ,100,0,0,0,0,0,0,0,0,0,0,0,0,0,0,0,0,0,0,0,0,0,0,0
2026-indian-wells-0,indian-wells,Hard,Sebastian Baez,Chun-Hsin Tseng,6-3 6-2,Round of 128 ,100,0,0,0,0,0,0,0,0,0,0,0,0,0,0,0,0,0,0,0,0,0,0,0
2026-indian-wells-0,indian-wells,Hard,Roberto Bautista Agut,Fabian Marozsan,6-4 6-7 2-4,Round of 128 ,100,0,0,0,0,0,0,0,0,0,0,0,0,0,0,0,0,0,0,0,0,0,0,0
2026-indian-wells-0,indian-wells,Hard,Benjamin Bonzi,Valentin Royer,6-4 6-3,Round of 128 ,100,0,0,0,0,0,0,0,0,0,0,0,0,0,0,0,0,0,0,0,0,0,0,0
2026-indian-wells-0,indian-wells,Hard,Nuno Borges,Emilio Nava,7-6 7-9,Round of 128 ,100,0,0,0,0,0,0,0,0,0,0,0,0,0,0,0,0,0,0,0,0,0,0,0
2026-indian-wells-0,indian-wells,Hard,Juan Manuel Cerundolo,Botic van de Zandschulp,7-6 6-3 5-7 6-3,Round of 128 ,100,0,0,0,0,0,0,0,0,0,0,0,0,0,0,0,0,0,0,0,0,0,0,0
2026-indian-wells-0,indian-wells,Hard,Grigor Dimitrov,Terence Atmane,6-4 5-7 6-4,Round of 128 ,100,0,0,0,0,0,0,0,0,0,0,0,0,0,0,0,0,0,0,0,0,0,0,0
2026-indian-wells-0,indian-wells,Hard,Jacob Fearnley,Damir Dzumhur,6-3 6-3,Round of 128 ,100,0,0,0,0,0,0,0,0,0,0,0,0,0,0,0,0,0,0,0,0,0,0,0
2026-indian-wells-0,indian-wells,Hard,Rinky Hijikata,Francesco Maestrelli,7-6 6-5,Round of 128 ,100,0,0,0,0,0,0,0,0,0,0,0,0,0,0,0,0,0,0,0,0,0,0,0
2026-indian-wells-0,indian-wells,Hard,Vit Kopriva,Michael Zheng,7-6 7-1,Round of 128 ,100,0,0,0,0,0,0,0,0,0,0,0,0,0,0,0,0,0,0,0,0,0,0,0
2026-indian-wells-0,indian-wells,Hard,Sebastian Korda,Francisco Comesana,7-5 6-0,Round of 128 ,100,0,0,0,0,0,0,0,0,0,0,0,0,0,0,0,0,0,0,0,0,0,0,0
2026-indian-wells-0,indian-wells,Hard,Aleksandar Kovacevic,Hubert Hurkacz,7-6 7-6,Round of 128 ,100,0,0,0,0,0,0,0,0,0,0,0,0,0,0,0,0,0,0,0,0,0,0,0
2026-indian-wells-0,indian-wells,Hard,Kamil Majchrzak,Giovanni Mpetshi Perricard,6-3 1-6 7-5,Round of 128 ,100,0,0,0,0,0,0,0,0,0,0,0,0,0,0,0,0,0,0,0,0,0,0,0
2026-indian-wells-0,indian-wells,Hard,Mackenzie McDonald,Matteo Arnaldi,6-0 6-1,Round of 128 ,100,0,0,0,0,0,0,0,0,0,0,0,0,0,0,0,0,0,0,0,0,0,0,0
2026-indian-wells-0,indian-wells,Hard,Alex Michelsen,Daniel Merida,6-3 6-4,Round of 128 ,100,0,0,0,0,0,0,0,0,0,0,0,0,0,0,0,0,0,0,0,0,0,0,0
2026-indian-wells-0,indian-wells,Hard,Alexander Shevchenko,Sho Shimabukuro,6-4 3-6 6-2,Round of 128 ,100,0,0,0,0,0,0,0,0,0,0,0,0,0,0,0,0,0,0,0,0,0,0,0
2026-indian-wells-0,indian-wells,Hard,Alejandro Tabilo,Rafael Jodar,6-1 6-2,Round of 128 ,100,0,0,0,0,0,0,0,0,0,0,0,0,0,0,0,0,0,0,0,0,0,0,0
2026-indian-wells-0,indian-wells,Hard,Zizou Bergs,Jan-Lennard Struff,6-3 6-4,Round of 128 ,100,0,0,0,0,0,0,0,0,0,0,0,0,0,0,0,0,0,0,0,0,0,0,0
2026-indian-wells-0,indian-wells,Hard,Matteo Berrettini,Adrian Mannarino,4-6 7-5 7-5,Round of 128 ,100,0,0,0,0,0,0,0,0,0,0,0,0,0,0,0,0,0,0,0,0,0,0,0
2026-indian-wells-0,indian-wells,Hard,Jenson Brooksby,Alexei Popyrin,6-3 6-4,Round of 128 ,100,0,0,0,0,0,0,0,0,0,0,0,0,0,0,0,0,0,0,0,0,0,0,0
2026-indian-wells-0,indian-wells,Hard,Gabriel Diallo,Mattia Bellucci,7-6 6-5,Round of 128 ,100,0,0,0,0,0,0,0,0,0,0,0,0,0,0,0,0,0,0,0,0,0,0,0
2026-indian-wells-0,indian-wells,Hard,Joao Fonseca,Raphael Collignon,7-6 6-2,Round of 128 ,100,0,0,0,0,0,0,0,0,0,0,0,0,0,0,0,0,0,0,0,0,0,0,0
2026-indian-wells-0,indian-wells,Hard,Marton Fucsovics,Christopher O'Connell,7-5 6-3,Round of 128 ,100,0,0,0,0,0,0,0,0,0,0,0,0,0,0,0,0,0,0,0,0,0,0,0
2026-indian-wells-0,indian-wells,Hard,Marcos Giron,Mariano Navone,4-6 7-5 6-3,Round of 128 ,100,0,0,0,0,0,0,0,0,0,0,0,0,0,0,0,0,0,0,0,0,0,0,0
2026-indian-wells-0,indian-wells,Hard,Miomir Kecmanovic,Daniel Altmaier,6-3 1-0,Round of 128 ,100,0,0,0,0,0,0,0,0,0,0,0,0,0,0,0,0,0,0,0,0,0,0,0
2026-indian-wells-0,indian-wells,Hard,Gael Monfils,Alexis Galarneau,6-3 6-4,Round of 128 ,100,0,0,0,0,0,0,0,0,0,0,0,0,0,0,0,0,0,0,0,0,0,0,0
2026-indian-wells-0,indian-wells,Hard,Reilly Opelka,Ethan Quinn,7-5 7-6,Round of 128 ,100,0,0,0,0,0,0,0,0,0,0,0,0,0,0,0,0,0,0,0,0,0,0,0
2026-indian-wells-0,indian-wells,Hard,Dino Prizmic,Tristan Schoolkate,7-6 3-5 7-6,Round of 128 ,100,0,0,0,0,0,0,0,0,0,0,0,0,0,0,0,0,0,0,0,0,0,0,0
2026-indian-wells-0,indian-wells,Hard,Denis Shapovalov,Stefanos Tsitsipas,6-2 3-6 6-4,Round of 128 ,100,0,0,0,0,0,0,0,0,0,0,0,0,0,0,0,0,0,0,0,0,0,0,0
2026-indian-wells-0,indian-wells,Hard,Zachary Svajda,Marin Cilic,7-6 6-5,Round of 128 ,100,0,0,0,0,0,0,0,0,0,0,0,0,0,0,0,0,0,0,0,0,0,0,0
2026-indian-wells-0,indian-wells,Hard,Dalibor Svrcina,James Duckworth,6-2 6-4,Round of 128 ,100,0,0,0,0,0,0,0,0,0,0,0,0,0,0,0,0,0,0,0,0,0,0,0
2026-indian-wells-0,indian-wells,Hard,Camilo Ugo Carabelli,Martin Damm,7-6 6-5,Round of 128 ,100,0,0,0,0,0,0,0,0,0,0,0,0,0,0,0,0,0,0,0,0,0,0,0
2026-indian-wells-0,indian-wells,Hard,Adam Walton,Quentin Halys,6-3 6-3,Round of 128 ,100,0,0,0,0,0,0,0,0,0,0,0,0,0,0,0,0,0,0,0,0,0,0,0
2026-indian-wells-0,indian-wells,Hard,Dalibor Svrcina,Vit Kopriva,7-6 6-4,2nd Round Qualifying ,100,0,0,0,0,0,0,0,0,0,0,0,0,0,0,0,0,0,0,0,0,0,0,0
2026-indian-wells-0,indian-wells,Hard,Rinky Hijikata,Ignacio Buse,3-6 6-3 6-4,2nd Round Qualifying ,100,0,0,0,0,0,0,0,0,0,0,0,0,0,0,0,0,0,0,0,0,0,0,0
2026-indian-wells-0,indian-wells,Hard,Francesco Maestrelli,Thiago Agustin Tirante,7-6 6-5,2nd Round Qualifying ,100,0,0,0,0,0,0,0,0,0,0,0,0,0,0,0,0,0,0,0,0,0,0,0
2026-indian-wells-0,indian-wells,Hard,Dino Prizmic,Aleksandar Vukic,6-2 6-4,2nd Round Qualifying ,100,0,0,0,0,0,0,0,0,0,0,0,0,0,0,0,0,0,0,0,0,0,0,0
2026-indian-wells-0,indian-wells,Hard,Chun-Hsin Tseng,Roman Andres Burruchaga,2-6 7-6 6-3,2nd Round Qualifying ,100,0,0,0,0,0,0,0,0,0,0,0,0,0,0,0,0,0,0,0,0,0,0,0
2026-indian-wells-0,indian-wells,Hard,Benjamin Bonzi,Shintaro Mochizuki,6-4 5-7 6-3,2nd Round Qualifying ,100,0,0,0,0,0,0,0,0,0,0,0,0,0,0,0,0,0,0,0,0,0,0,0
2026-indian-wells-0,indian-wells,Hard,Christopher O'Connell,Nikoloz Basilashvili,6-4 6-4,2nd Round Qualifying ,100,0,0,0,0,0,0,0,0,0,0,0,0,0,0,0,0,0,0,0,0,0,0,0
2026-indian-wells-0,indian-wells,Hard,Tristan Schoolkate,Elias Ymer,6-4 3-1,2nd Round Qualifying ,100,0,0,0,0,0,0,0,0,0,0,0,0,0,0,0,0,0,0,0,0,0,0,0
2026-indian-wells-0,indian-wells,Hard,Alexis Galarneau,Tomas Barrios Vera,6-3 6-4,2nd Round Qualifying ,100,0,0,0,0,0,0,0,0,0,0,0,0,0,0,0,0,0,0,0,0,0,0,0
2026-indian-wells-0,indian-wells,Hard,Mackenzie McDonald,Trevor Svajda,6-4 6-2,2nd Round Qualifying ,100,0,0,0,0,0,0,0,0,0,0,0,0,0,0,0,0,0,0,0,0,0,0,0
2026-indian-wells-0,indian-wells,Hard,Sho Shimabukuro,Martin Landaluce,6-2 6-7 3-5,2nd Round Qualifying ,100,0,0,0,0,0,0,0,0,0,0,0,0,0,0,0,0,0,0,0,0,0,0,0
2026-indian-wells-0,indian-wells,Hard,Daniel Merida,Dane Sweeny,6-3 4-6 6-3,2nd Round Qualifying ,100,0,0,0,0,0,0,0,0,0,0,0,0,0,0,0,0,0,0,0,0,0,0,0
2026-indian-wells-0,indian-wells,Hard,Vit Kopriva,Rei Sakamoto,6-4 7-6,1st Round Qualifying ,100,0,0,0,0,0,0,0,0,0,0,0,0,0,0,0,0,0,0,0,0,0,0,0
2026-indian-wells-0,indian-wells,Hard,Ignacio Buse,Liam Draxl,6-4 7-6,1st Round Qualifying ,100,0,0,0,0,0,0,0,0,0,0,0,0,0,0,0,0,0,0,0,0,0,0,0
2026-indian-wells-0,indian-wells,Hard,Thiago Agustin Tirante,Izyan Ahmad,6-1 6-2,1st Round Qualifying ,100,0,0,0,0,0,0,0,0,0,0,0,0,0,0,0,0,0,0,0,0,0,0,0
2026-indian-wells-0,indian-wells,Hard,Aleksandar Vukic,Stefano Travaglia,7-6 7-2,1st Round Qualifying ,100,0,0,0,0,0,0,0,0,0,0,0,0,0,0,0,0,0,0,0,0,0,0,0
2026-indian-wells-0,indian-wells,Hard,Martin Landaluce,Alexander Blockx,6-0 6-2,1st Round Qualifying ,100,0,0,0,0,0,0,0,0,0,0,0,0,0,0,0,0,0,0,0,0,0,0,0
2026-indian-wells-0,indian-wells,Hard,Roman Andres Burruchaga,Moez Echargui,7-6 4-4 7-6,1st Round Qualifying ,100,0,0,0,0,0,0,0,0,0,0,0,0,0,0,0,0,0,0,0,0,0,0,0
2026-indian-wells-0,indian-wells,Hard,Alexis Galarneau,Luca Van Assche,7-6 6-6,1st Round Qualifying ,100,0,0,0,0,0,0,0,0,0,0,0,0,0,0,0,0,0,0,0,0,0,0,0
2026-indian-wells-0,indian-wells,Hard,Daniel Merida,Patrick Kypson,3-6 6-3 7-6,1st Round Qualifying ,100,0,0,0,0,0,0,0,0,0,0,0,0,0,0,0,0,0,0,0,0,0,0,0
2026-indian-wells-0,indian-wells,Hard,Benjamin Bonzi,Jack Pinnington Jones,6-3 6-4,1st Round Qualifying ,100,0,0,0,0,0,0,0,0,0,0,0,0,0,0,0,0,0,0,0,0,0,0,0
2026-indian-wells-0,indian-wells,Hard,Christopher O'Connell,Billy Harris,6-4 6-3,1st Round Qualifying ,100,0,0,0,0,0,0,0,0,0,0,0,0,0,0,0,0,0,0,0,0,0,0,0
2026-indian-wells-0,indian-wells,Hard,Tristan Schoolkate,Alex Bolt,3-6 7-6 6-4,1st Round Qualifying ,100,0,0,0,0,0,0,0,0,0,0,0,0,0,0,0,0,0,0,0,0,0,0,0
2026-indian-wells-0,indian-wells,Hard,Trevor Svajda,Luca Nardi,4-6 7-6 6-2,1st Round Qualifying ,100,0,0,0,0,0,0,0,0,0,0,0,0,0,0,0,0,0,0,0,0,0,0,0
2026-indian-wells-0,indian-wells,Hard,Francesco Maestrelli,Nicolas Jarry,6-4 4-6 7-6,1st Round Qualifying ,100,0,0,0,0,0,0,0,0,0,0,0,0,0,0,0,0,0,0,0,0,0,0,0
2026-indian-wells-0,indian-wells,Hard,Tomas Barrios Vera,Jagger Leach,6-3 6-3,1st Round Qualifying ,100,0,0,0,0,0,0,0,0,0,0,0,0,0,0,0,0,0,0,0,0,0,0,0
2026-indian-wells-0,indian-wells,Hard,Rinky Hijikata,Leandro Riedi,7-5 6-3,1st Round Qualifying ,100,0,0,0,0,0,0,0,0,0,0,0,0,0,0,0,0,0,0,0,0,0,0,0
2026-indian-wells-0,indian-wells,Hard,Shintaro Mochizuki,Federico Agustin Gomez,6-4 4-6 6-3,1st Round Qualifying ,100,0,0,0,0,0,0,0,0,0,0,0,0,0,0,0,0,0,0,0,0,0,0,0
2026-indian-wells-0,indian-wells,Hard,Mackenzie McDonald,Vitaliy Sachko,6-2 6-1,1st Round Qualifying ,100,0,0,0,0,0,0,0,0,0,0,0,0,0,0,0,0,0,0,0,0,0,0,0
2026-indian-wells-0,indian-wells,Hard,Dino Prizmic,Darwin Blanch,7-6 6-3,1st Round Qualifying ,100,0,0,0,0,0,0,0,0,0,0,0,0,0,0,0,0,0,0,0,0,0,0,0
2026-indian-wells-0,indian-wells,Hard,Dalibor Svrcina,Mitchell Krueger,7-6 6-6,1st Round Qualifying ,100,0,0,0,0,0,0,0,0,0,0,0,0,0,0,0,0,0,0,0,0,0,0,0
2026-indian-wells-0,indian-wells,Hard,Elias Ymer,Coleman Wong,6-3 3-6 7-6,1st Round Qualifying ,100,0,0,0,0,0,0,0,0,0,0,0,0,0,0,0,0,0,0,0,0,0,0,0
2026-indian-wells-0,indian-wells,Hard,Chun-Hsin Tseng,David Goffin,6-4 6-1,1st Round Qualifying ,100,0,0,0,0,0,0,0,0,0,0,0,0,0,0,0,0,0,0,0,0,0,0,0
2026-indian-wells-0,indian-wells,Hard,Sho Shimabukuro,Colton Smith,7-6 7-5,1st Round Qualifying ,100,0,0,0,0,0,0,0,0,0,0,0,0,0,0,0,0,0,0,0,0,0,0,0
2026-indian-wells-0,indian-wells,Hard,Dane Sweeny,Andrew Johnson,6-2 6-1,1st Round Qualifying ,100,0,0,0,0,0,0,0,0,0,0,0,0,0,0,0,0,0,0,0,0,0,0,0
2026-indian-wells-0,indian-wells,Hard,Nikoloz Basilashvili,Nicolas Mejia,0-6 6-2 6-4,1st Round Qualifying ,100,0,0,0,0,0,0,0,0,0,0,0,0,0,0,0,0,0,0,0,0,0,0,0
2026-miami-0,miami,Hard,Jannik Sinner,Jiri Lehecka,6-4 6-4,Final ,100,0,0,0,0,0,0,0,0,0,0,0,0,0,0,0,0,0,0,0,0,0,0,0
2026-miami-0,miami,Hard,Jannik Sinner,Alexander Zverev,6-3 7-6,Semifinals ,100,0,0,0,0,0,0,0,0,0,0,0,0,0,0,0,0,0,0,0,0,0,0,0
2026-miami-0,miami,Hard,Jiri Lehecka,Arthur Fils,6-2 6-2,Semifinals ,100,0,0,0,0,0,0,0,0,0,0,0,0,0,0,0,0,0,0,0,0,0,0,0
2026-miami-0,miami,Hard,Jannik Sinner,Frances Tiafoe,6-2 6-2,Quarterfinals ,100,0,0,0,0,0,0,0,0,0,0,0,0,0,0,0,0,0,0,0,0,0,0,0
2026-miami-0,miami,Hard,Alexander Zverev,Francisco Cerundolo,6-1 6-2,Quarterfinals ,100,0,0,0,0,0,0,0,0,0,0,0,0,0,0,0,0,0,0,0,0,0,0,0
2026-miami-0,miami,Hard,Jiri Lehecka,Martin Landaluce,7-6 7-1,Quarterfinals ,100,0,0,0,0,0,0,0,0,0,0,0,0,0,0,0,0,0,0,0,0,0,0,0
2026-miami-0,miami,Hard,Arthur Fils,Tommy Paul,6-7 3-6 7-4 7-6,Quarterfinals ,100,0,0,0,0,0,0,0,0,0,0,0,0,0,0,0,0,0,0,0,0,0,0,0
2026-miami-0,miami,Hard,Jannik Sinner,Alex Michelsen,7-5 7-6,Round of 16 ,100,0,0,0,0,0,0,0,0,0,0,0,0,0,0,0,0,0,0,0,0,0,0,0
2026-miami-0,miami,Hard,Alexander Zverev,Quentin Halys,7-6 7-4,Round of 16 ,100,0,0,0,0,0,0,0,0,0,0,0,0,0,0,0,0,0,0,0,0,0,0,0
2026-miami-0,miami,Hard,Jiri Lehecka,Taylor Fritz,6-4 6-7 4-2,Round of 16 ,100,0,0,0,0,0,0,0,0,0,0,0,0,0,0,0,0,0,0,0,0,0,0,0
2026-miami-0,miami,Hard,Francisco Cerundolo,Ugo Humbert,6-4 6-3,Round of 16 ,100,0,0,0,0,0,0,0,0,0,0,0,0,0,0,0,0,0,0,0,0,0,0,0
2026-miami-0,miami,Hard,Frances Tiafoe,Terence Atmane,6-4 1-6 6-4,Round of 16 ,100,0,0,0,0,0,0,0,0,0,0,0,0,0,0,0,0,0,0,0,0,0,0,0
2026-miami-0,miami,Hard,Tommy Paul,Tomas Martin Etcheverry,6-1 6-3,Round of 16 ,100,0,0,0,0,0,0,0,0,0,0,0,0,0,0,0,0,0,0,0,0,0,0,0
2026-miami-0,miami,Hard,Arthur Fils,Valentin Vacherot,6-4 6-7 4-4,Round of 16 ,100,0,0,0,0,0,0,0,0,0,0,0,0,0,0,0,0,0,0,0,0,0,0,0
2026-miami-0,miami,Hard,Martin Landaluce,Sebastian Korda,2-6 7-6 6-6,Round of 16 ,100,0,0,0,0,0,0,0,0,0,0,0,0,0,0,0,0,0,0,0,0,0,0,0
2026-miami-0,miami,Hard,Jannik Sinner,Corentin Moutet,6-1 6-4,Round of 32 ,100,0,0,0,0,0,0,0,0,0,0,0,0,0,0,0,0,0,0,0,0,0,0,0
2026-miami-0,miami,Hard,Alexander Zverev,Marin Cilic,6-2 5-7 6-4,Round of 32 ,100,0,0,0,0,0,0,0,0,0,0,0,0,0,0,0,0,0,0,0,0,0,0,0
2026-miami-0,miami,Hard,Terence Atmane,Felix Auger-Aliassime,6-3 1-6 6-3,Round of 32 ,100,0,0,0,0,0,0,0,0,0,0,0,0,0,0,0,0,0,0,0,0,0,0,0
2026-miami-0,miami,Hard,Francisco Cerundolo,Daniil Medvedev,6-0 4-6 7-5,Round of 32 ,100,0,0,0,0,0,0,0,0,0,0,0,0,0,0,0,0,0,0,0,0,0,0,0
2026-miami-0,miami,Hard,Frances Tiafoe,Jakub Mensik,7-6 4-4 7-6,Round of 32 ,100,0,0,0,0,0,0,0,0,0,0,0,0,0,0,0,0,0,0,0,0,0,0,0
2026-miami-0,miami,Hard,Ugo Humbert,Aleksandr Shevchenko,6-4 7-6,Round of 32 ,100,0,0,0,0,0,0,0,0,0,0,0,0,0,0,0,0,0,0,0,0,0,0,0
2026-miami-0,miami,Hard,Quentin Halys,Kamil Majchrzak,7-6 6-4,Round of 32 ,100,0,0,0,0,0,0,0,0,0,0,0,0,0,0,0,0,0,0,0,0,0,0,0
2026-miami-0,miami,Hard,Alex Michelsen,Alejandro Tabilo,3-6 6-3 6-4,Round of 32 ,100,0,0,0,0,0,0,0,0,0,0,0,0,0,0,0,0,0,0,0,0,0,0,0
2026-miami-0,miami,Hard,Sebastian Korda,Carlos Alcaraz,6-3 5-7 6-4,Round of 32 ,100,0,0,0,0,0,0,0,0,0,0,0,0,0,0,0,0,0,0,0,0,0,0,0
2026-miami-0,miami,Hard,Taylor Fritz,Reilly Opelka,6-3 6-4,Round of 32 ,100,0,0,0,0,0,0,0,0,0,0,0,0,0,0,0,0,0,0,0,0,0,0,0
2026-miami-0,miami,Hard,Martin Landaluce,Karen Khachanov,6-3 7-6,Round of 32 ,100,0,0,0,0,0,0,0,0,0,0,0,0,0,0,0,0,0,0,0,0,0,0,0
2026-miami-0,miami,Hard,Jiri Lehecka,Ethan Quinn,6-3 7-6,Round of 32 ,100,0,0,0,0,0,0,0,0,0,0,0,0,0,0,0,0,0,0,0,0,0,0,0
2026-miami-0,miami,Hard,Tommy Paul,Raphael Collignon,6-2 3-6 7-6,Round of 32 ,100,0,0,0,0,0,0,0,0,0,0,0,0,0,0,0,0,0,0,0,0,0,0,0
2026-miami-0,miami,Hard,Valentin Vacherot,Matteo Berrettini,7-6 6-5,Round of 32 ,100,0,0,0,0,0,0,0,0,0,0,0,0,0,0,0,0,0,0,0,0,0,0,0
2026-miami-0,miami,Hard,Arthur Fils,Stefanos Tsitsipas,6-0 6-1,Round of 32 ,100,0,0,0,0,0,0,0,0,0,0,0,0,0,0,0,0,0,0,0,0,0,0,0
2026-miami-0,miami,Hard,Tomas Martin Etcheverry,Rafael Jodar,7-5 6-4,Round of 32 ,100,0,0,0,0,0,0,0,0,0,0,0,0,0,0,0,0,0,0,0,0,0,0,0
2026-miami-0,miami,Hard,Jannik Sinner,Damir Dzumhur,6-3 6-3,Round of 64 ,100,0,0,0,0,0,0,0,0,0,0,0,0,0,0,0,0,0,0,0,0,0,0,0
2026-miami-0,miami,Hard,Alexander Zverev,Martin Damm,6-2 6-4,Round of 64 ,100,0,0,0,0,0,0,0,0,0,0,0,0,0,0,0,0,0,0,0,0,0,0,0
2026-miami-0,miami,Hard,Felix Auger-Aliassime,Marton Fucsovics,7-6 7-3,Round of 64 ,100,0,0,0,0,0,0,0,0,0,0,0,0,0,0,0,0,0,0,0,0,0,0,0
2026-miami-0,miami,Hard,Aleksandr Shevchenko,Ben Shelton,6-7 3-6 7-3 6-3,Round of 64 ,100,0,0,0,0,0,0,0,0,0,0,0,0,0,0,0,0,0,0,0,0,0,0,0
2026-miami-0,miami,Hard,Daniil Medvedev,Rei Sakamoto,6-7 10-3 6-1,Round of 64 ,100,0,0,0,0,0,0,0,0,0,0,0,0,0,0,0,0,0,0,0,0,0,0,0
2026-miami-0,miami,Hard,Jakub Mensik,Adam Walton,3-6 6-2 6-4,Round of 64 ,100,0,0,0,0,0,0,0,0,0,0,0,0,0,0,0,0,0,0,0,0,0,0,0
2026-miami-0,miami,Hard,Alejandro Tabilo,Andrey Rublev,6-7 5-2 6-4,Round of 64 ,100,0,0,0,0,0,0,0,0,0,0,0,0,0,0,0,0,0,0,0,0,0,0,0
2026-miami-0,miami,Hard,Quentin Halys,Alejandro Davidovich Fokina,7-6 6-8,Round of 64 ,100,0,0,0,0,0,0,0,0,0,0,0,0,0,0,0,0,0,0,0,0,0,0,0
2026-miami-0,miami,Hard,Francisco Cerundolo,Thiago Agustin Tirante,6-4 6-2,Round of 64 ,100,0,0,0,0,0,0,0,0,0,0,0,0,0,0,0,0,0,0,0,0,0,0,0
2026-miami-0,miami,Hard,Frances Tiafoe,Arthur Cazaux,7-6 6-1,Round of 64 ,100,0,0,0,0,0,0,0,0,0,0,0,0,0,0,0,0,0,0,0,0,0,0,0
2026-miami-0,miami,Hard,Kamil Majchrzak,Learner Tien,6-2 4-6 6-2,Round of 64 ,100,0,0,0,0,0,0,0,0,0,0,0,0,0,0,0,0,0,0,0,0,0,0,0
2026-miami-0,miami,Hard,Alex Michelsen,Cameron Norrie,7-5 6-7 4-4,Round of 64 ,100,0,0,0,0,0,0,0,0,0,0,0,0,0,0,0,0,0,0,0,0,0,0,0
2026-miami-0,miami,Hard,Terence Atmane,Arthur Rinderknech,7-6 6-4,Round of 64 ,100,0,0,0,0,0,0,0,0,0,0,0,0,0,0,0,0,0,0,0,0,0,0,0
2026-miami-0,miami,Hard,Marin Cilic,Brandon Nakashima,2-6 6-4 7-6,Round of 64 ,100,0,0,0,0,0,0,0,0,0,0,0,0,0,0,0,0,0,0,0,0,0,0,0
2026-miami-0,miami,Hard,Tomas Martin Etcheverry,Zizou Bergs,7-6 7-5,Round of 64 ,100,0,0,0,0,0,0,0,0,0,0,0,0,0,0,0,0,0,0,0,0,0,0,0
2026-miami-0,miami,Hard,Corentin Moutet,Tomas Machac,6-0 1-6 6-4,Round of 64 ,100,0,0,0,0,0,0,0,0,0,0,0,0,0,0,0,0,0,0,0,0,0,0,0
2026-miami-0,miami,Hard,Ugo Humbert,Gabriel Diallo,6-1 6-4,Round of 64 ,100,0,0,0,0,0,0,0,0,0,0,0,0,0,0,0,0,0,0,0,0,0,0,0
2026-miami-0,miami,Hard,Rafael Jodar,Aleksandar Vukic,6-1 6-2,Round of 64 ,100,0,0,0,0,0,0,0,0,0,0,0,0,0,0,0,0,0,0,0,0,0,0,0
2026-miami-0,miami,Hard,Carlos Alcaraz,Joao Fonseca,6-4 6-4,Round of 64 ,100,0,0,0,0,0,0,0,0,0,0,0,0,0,0,0,0,0,0,0,0,0,0,0
2026-miami-0,miami,Hard,Stefanos Tsitsipas,Alex de Minaur,6-3 7-6,Round of 64 ,100,0,0,0,0,0,0,0,0,0,0,0,0,0,0,0,0,0,0,0,0,0,0,0
2026-miami-0,miami,Hard,Taylor Fritz,Botic van de Zandschulp,6-3 6-7 2-3,Round of 64 ,100,0,0,0,0,0,0,0,0,0,0,0,0,0,0,0,0,0,0,0,0,0,0,0
2026-miami-0,miami,Hard,Matteo Berrettini,Alexander Bublik,6-4 6-4,Round of 64 ,100,0,0,0,0,0,0,0,0,0,0,0,0,0,0,0,0,0,0,0,0,0,0,0
2026-miami-0,miami,Hard,Ethan Quinn,Casper Ruud,6-4 7-6,Round of 64 ,100,0,0,0,0,0,0,0,0,0,0,0,0,0,0,0,0,0,0,0,0,0,0,0
2026-miami-0,miami,Hard,Raphael Collignon,Flavio Cobolli,7-5 6-3,Round of 64 ,100,0,0,0,0,0,0,0,0,0,0,0,0,0,0,0,0,0,0,0,0,0,0,0
2026-miami-0,miami,Hard,Karen Khachanov,Roberto Bautista Agut,6-3 6-3,Round of 64 ,100,0,0,0,0,0,0,0,0,0,0,0,0,0,0,0,0,0,0,0,0,0,0,0
2026-miami-0,miami,Hard,Martin Landaluce,Luciano Darderi,6-3 6-7 4-4,Round of 64 ,100,0,0,0,0,0,0,0,0,0,0,0,0,0,0,0,0,0,0,0,0,0,0,0
2026-miami-0,miami,Hard,Jiri Lehecka,Moise Kouame,6-2 7-5,Round of 64 ,100,0,0,0,0,0,0,0,0,0,0,0,0,0,0,0,0,0,0,0,0,0,0,0
2026-miami-0,miami,Hard,Tommy Paul,Adrian Mannarino,6-2 2-6 6-4,Round of 64 ,100,0,0,0,0,0,0,0,0,0,0,0,0,0,0,0,0,0,0,0,0,0,0,0
2026-miami-0,miami,Hard,Valentin Vacherot,Mariano Navone,6-3 6-4,Round of 64 ,100,0,0,0,0,0,0,0,0,0,0,0,0,0,0,0,0,0,0,0,0,0,0,0
2026-miami-0,miami,Hard,Reilly Opelka,Jack Draper,7-6 7-3,Round of 64 ,100,0,0,0,0,0,0,0,0,0,0,0,0,0,0,0,0,0,0,0,0,0,0,0
2026-miami-0,miami,Hard,Arthur Fils,Darwin Blanch,6-2 6-3,Round of 64 ,100,0,0,0,0,0,0,0,0,0,0,0,0,0,0,0,0,0,0,0,0,0,0,0
2026-miami-0,miami,Hard,Sebastian Korda,Camilo Ugo Carabelli,6-0 6-3,Round of 64 ,100,0,0,0,0,0,0,0,0,0,0,0,0,0,0,0,0,0,0,0,0,0,0,0
2026-miami-0,miami,Hard,Terence Atmane,Daniel Altmaier,6-4 6-2,Round of 128 ,100,0,0,0,0,0,0,0,0,0,0,0,0,0,0,0,0,0,0,0,0,0,0,0
2026-miami-0,miami,Hard,Arthur Cazaux,Tomas Barrios Vera,7-5 6-4,Round of 128 ,100,0,0,0,0,0,0,0,0,0,0,0,0,0,0,0,0,0,0,0,0,0,0,0
2026-miami-0,miami,Hard,Gabriel Diallo,Yibing Wu,6-2 7-6,Round of 128 ,100,0,0,0,0,0,0,0,0,0,0,0,0,0,0,0,0,0,0,0,0,0,0,0
2026-miami-0,miami,Hard,Marton Fucsovics,Christopher O'Connell,7-6 6-6,Round of 128 ,100,0,0,0,0,0,0,0,0,0,0,0,0,0,0,0,0,0,0,0,0,0,0,0
2026-miami-0,miami,Hard,Rei Sakamoto,Aleksandar Kovacevic,6-4 3-6 7-6,Round of 128 ,100,0,0,0,0,0,0,0,0,0,0,0,0,0,0,0,0,0,0,0,0,0,0,0
2026-miami-0,miami,Hard,Aleksandr Shevchenko,Matteo Arnaldi,7-6 6-5 5-7 6-2,Round of 128 ,100,0,0,0,0,0,0,0,0,0,0,0,0,0,0,0,0,0,0,0,0,0,0,0
2026-miami-0,miami,Hard,Thiago Agustin Tirante,Valentin Royer,7-5 6-7 9-6 7-5,Round of 128 ,100,0,0,0,0,0,0,0,0,0,0,0,0,0,0,0,0,0,0,0,0,0,0,0
2026-miami-0,miami,Hard,Adam Walton,Sebastian Baez,6-2 6-2,Round of 128 ,100,0,0,0,0,0,0,0,0,0,0,0,0,0,0,0,0,0,0,0,0,0,0,0
2026-miami-0,miami,Hard,Roberto Bautista Agut,James Duckworth,7-6 7-3,Round of 128 ,100,0,0,0,0,0,0,0,0,0,0,0,0,0,0,0,0,0,0,0,0,0,0,0
2026-miami-0,miami,Hard,Zizou Bergs,Jenson Brooksby,7-5 6-2,Round of 128 ,100,0,0,0,0,0,0,0,0,0,0,0,0,0,0,0,0,0,0,0,0,0,0,0
2026-miami-0,miami,Hard,Matteo Berrettini,Alexandre Muller,6-4 6-2,Round of 128 ,100,0,0,0,0,0,0,0,0,0,0,0,0,0,0,0,0,0,0,0,0,0,0,0
2026-miami-0,miami,Hard,Darwin Blanch,Jan-Lennard Struff,6-3 3-6 6-3,Round of 128 ,100,0,0,0,0,0,0,0,0,0,0,0,0,0,0,0,0,0,0,0,0,0,0,0
2026-miami-0,miami,Hard,Marin Cilic,Alexei Popyrin,6-4 6-4,Round of 128 ,100,0,0,0,0,0,0,0,0,0,0,0,0,0,0,0,0,0,0,0,0,0,0,0
2026-miami-0,miami,Hard,Raphael Collignon,Grigor Dimitrov,7-6 4-3 7-6,Round of 128 ,100,0,0,0,0,0,0,0,0,0,0,0,0,0,0,0,0,0,0,0,0,0,0,0
2026-miami-0,miami,Hard,Martin Damm,Jacob Fearnley,6-0,Round of 128 ,100,0,0,0,0,0,0,0,0,0,0,0,0,0,0,0,0,0,0,0,0,0,0,0
2026-miami-0,miami,Hard,Damir Dzumhur,Ignacio Buse,6-7 6-6 7-6 6-1,Round of 128 ,100,0,0,0,0,0,0,0,0,0,0,0,0,0,0,0,0,0,0,0,0,0,0,0
2026-miami-0,miami,Hard,Joao Fonseca,Fabian Marozsan,6-4 3-6 6-2,Round of 128 ,100,0,0,0,0,0,0,0,0,0,0,0,0,0,0,0,0,0,0,0,0,0,0,0
2026-miami-0,miami,Hard,Quentin Halys,Liam Draxl,6-7 4-1 6-1,Round of 128 ,100,0,0,0,0,0,0,0,0,0,0,0,0,0,0,0,0,0,0,0,0,0,0,0
2026-miami-0,miami,Hard,Rafael Jodar,Yannick Hanfmann,6-4 4-6 6-1,Round of 128 ,100,0,0,0,0,0,0,0,0,0,0,0,0,0,0,0,0,0,0,0,0,0,0,0
2026-miami-0,miami,Hard,Moise Kouame,Zachary Svajda,5-7 6-4 6-4,Round of 128 ,100,0,0,0,0,0,0,0,0,0,0,0,0,0,0,0,0,0,0,0,0,0,0,0
2026-miami-0,miami,Hard,Martin Landaluce,Marcos Giron,6-3 7-6,Round of 128 ,100,0,0,0,0,0,0,0,0,0,0,0,0,0,0,0,0,0,0,0,0,0,0,0
2026-miami-0,miami,Hard,Tomas Machac,Emilio Nava,2-6 6-4 6-1,Round of 128 ,100,0,0,0,0,0,0,0,0,0,0,0,0,0,0,0,0,0,0,0,0,0,0,0
2026-miami-0,miami,Hard,Kamil Majchrzak,Miomir Kecmanovic,4-6 6-3 6-1,Round of 128 ,100,0,0,0,0,0,0,0,0,0,0,0,0,0,0,0,0,0,0,0,0,0,0,0
2026-miami-0,miami,Hard,Adrian Mannarino,Zhizhen Zhang,6-3 6-2,Round of 128 ,100,0,0,0,0,0,0,0,0,0,0,0,0,0,0,0,0,0,0,0,0,0,0,0
2026-miami-0,miami,Hard,Alex Michelsen,Mattia Bellucci,6-2 6-1,Round of 128 ,100,0,0,0,0,0,0,0,0,0,0,0,0,0,0,0,0,0,0,0,0,0,0,0
2026-miami-0,miami,Hard,Mariano Navone,Nikoloz Basilashvili,7-6 6-7,Round of 128 ,100,0,0,0,0,0,0,0,0,0,0,0,0,0,0,0,0,0,0,0,0,0,0,0
2026-miami-0,miami,Hard,Reilly Opelka,Nuno Borges,6-7 6-2 6-6 7-5,Round of 128 ,100,0,0,0,0,0,0,0,0,0,0,0,0,0,0,0,0,0,0,0,0,0,0,0
2026-miami-0,miami,Hard,Ethan Quinn,Hubert Hurkacz,6-2 6-4,Round of 128 ,100,0,0,0,0,0,0,0,0,0,0,0,0,0,0,0,0,0,0,0,0,0,0,0
2026-miami-0,miami,Hard,Alejandro Tabilo,Francisco Comesana,6-4 6-2,Round of 128 ,100,0,0,0,0,0,0,0,0,0,0,0,0,0,0,0,0,0,0,0,0,0,0,0
2026-miami-0,miami,Hard,Stefanos Tsitsipas,Arthur Fery,6-1 7-6,Round of 128 ,100,0,0,0,0,0,0,0,0,0,0,0,0,0,0,0,0,0,0,0,0,0,0,0
2026-miami-0,miami,Hard,Camilo Ugo Carabelli,Giovanni Mpetshi Perricard,2-6 6-3 7-6,Round of 128 ,100,0,0,0,0,0,0,0,0,0,0,0,0,0,0,0,0,0,0,0,0,0,0,0
2026-miami-0,miami,Hard,Botic van de Zandschulp,Denis Shapovalov,7-5 6-3,Round of 128 ,100,0,0,0,0,0,0,0,0,0,0,0,0,0,0,0,0,0,0,0,0,0,0,0
2026-miami-0,miami,Hard,Ignacio Buse,Coleman Wong,6-2 3-6 6-3,2nd Round Qualifying ,100,0,0,0,0,0,0,0,0,0,0,0,0,0,0,0,0,0,0,0,0,0,0,0
2026-miami-0,miami,Hard,Yannick Hanfmann,Luca Van Assche,6-1 5-7 6-3,2nd Round Qualifying ,100,0,0,0,0,0,0,0,0,0,0,0,0,0,0,0,0,0,0,0,0,0,0,0
2026-miami-0,miami,Hard,Martin Landaluce,Thiago Agustin Tirante,3-6 7-5 6-4,2nd Round Qualifying ,100,0,0,0,0,0,0,0,0,0,0,0,0,0,0,0,0,0,0,0,0,0,0,0
2026-miami-0,miami,Hard,Tomas Barrios Vera,Aleksandar Vukic,6-3 7-6,2nd Round Qualifying ,100,0,0,0,0,0,0,0,0,0,0,0,0,0,0,0,0,0,0,0,0,0,0,0
2026-miami-0,miami,Hard,Adam Walton,Rinky Hijikata,6-3 6-7 2-1,2nd Round Qualifying ,100,0,0,0,0,0,0,0,0,0,0,0,0,0,0,0,0,0,0,0,0,0,0,0
2026-miami-0,miami,Hard,Mattia Bellucci,Murphy Cassone,3-6 7-6 6-5,2nd Round Qualifying ,100,0,0,0,0,0,0,0,0,0,0,0,0,0,0,0,0,0,0,0,0,0,0,0
2026-miami-0,miami,Hard,Christopher O'Connell,Alexander Blockx,4-6 6-4 6-4,2nd Round Qualifying ,100,0,0,0,0,0,0,0,0,0,0,0,0,0,0,0,0,0,0,0,0,0,0,0
2026-miami-0,miami,Hard,Zachary Svajda,Daniel Merida,6-0 6-7 2-2,2nd Round Qualifying ,100,0,0,0,0,0,0,0,0,0,0,0,0,0,0,0,0,0,0,0,0,0,0,0
2026-miami-0,miami,Hard,Rafael Jodar,Benjamin Bonzi,6-4 6-4,2nd Round Qualifying ,100,0,0,0,0,0,0,0,0,0,0,0,0,0,0,0,0,0,0,0,0,0,0,0
2026-miami-0,miami,Hard,Nikoloz Basilashvili,Sho Shimabukuro,6-2 6-1,2nd Round Qualifying ,100,0,0,0,0,0,0,0,0,0,0,0,0,0,0,0,0,0,0,0,0,0,0,0
2026-miami-0,miami,Hard,Liam Draxl,Jay Clarke,6-3 3-6 6-4,2nd Round Qualifying ,100,0,0,0,0,0,0,0,0,0,0,0,0,0,0,0,0,0,0,0,0,0,0,0
2026-miami-0,miami,Hard,Arthur Fery,Yunchaokete Bu,6-3 3-6 7-5,2nd Round Qualifying ,100,0,0,0,0,0,0,0,0,0,0,0,0,0,0,0,0,0,0,0,0,0,0,0
2026-miami-0,miami,Hard,Ignacio Buse,Moez Echargui,6-3 6-7 4-4,1st Round Qualifying ,100,0,0,0,0,0,0,0,0,0,0,0,0,0,0,0,0,0,0,0,0,0,0,0
2026-miami-0,miami,Hard,Yannick Hanfmann,Leandro Riedi,6-3 6-4,1st Round Qualifying ,100,0,0,0,0,0,0,0,0,0,0,0,0,0,0,0,0,0,0,0,0,0,0,0
2026-miami-0,miami,Hard,Thiago Agustin Tirante,Diego Dedura,6-2 6-3,1st Round Qualifying ,100,0,0,0,0,0,0,0,0,0,0,0,0,0,0,0,0,0,0,0,0,0,0,0
2026-miami-0,miami,Hard,Aleksandar Vukic,Billy Harris,7-6 6-3,1st Round Qualifying ,100,0,0,0,0,0,0,0,0,0,0,0,0,0,0,0,0,0,0,0,0,0,0,0
2026-miami-0,miami,Hard,Liam Draxl,Cristian Garin,4-6 6-4 6-2,1st Round Qualifying ,100,0,0,0,0,0,0,0,0,0,0,0,0,0,0,0,0,0,0,0,0,0,0,0
2026-miami-0,miami,Hard,Adam Walton,Chris Rodesch,6-2 6-4,1st Round Qualifying ,100,0,0,0,0,0,0,0,0,0,0,0,0,0,0,0,0,0,0,0,0,0,0,0
2026-miami-0,miami,Hard,Mattia Bellucci,Nicolas Jarry,6-3 6-1,1st Round Qualifying ,100,0,0,0,0,0,0,0,0,0,0,0,0,0,0,0,0,0,0,0,0,0,0,0
2026-miami-0,miami,Hard,Nikoloz Basilashvili,Patrick Kypson,6-3 6-1,1st Round Qualifying ,100,0,0,0,0,0,0,0,0,0,0,0,0,0,0,0,0,0,0,0,0,0,0,0
2026-miami-0,miami,Hard,Alexander Blockx,Chun-Hsin Tseng,7-6 6-5,1st Round Qualifying ,100,0,0,0,0,0,0,0,0,0,0,0,0,0,0,0,0,0,0,0,0,0,0,0
2026-miami-0,miami,Hard,Arthur Fery,Roman Andres Burruchaga,2-6 6-4 6-4,1st Round Qualifying ,100,0,0,0,0,0,0,0,0,0,0,0,0,0,0,0,0,0,0,0,0,0,0,0
2026-miami-0,miami,Hard,Zachary Svajda,Colton Smith,6-7 6-3 6-1,1st Round Qualifying ,100,0,0,0,0,0,0,0,0,0,0,0,0,0,0,0,0,0,0,0,0,0,0,0
2026-miami-0,miami,Hard,Rafael Jodar,Manas Dhamne,6-3 7-6,1st Round Qualifying ,100,0,0,0,0,0,0,0,0,0,0,0,0,0,0,0,0,0,0,0,0,0,0,0
2026-miami-0,miami,Hard,Luca Van Assche,Benjamin Willwerth,6-3 6-1,1st Round Qualifying ,100,0,0,0,0,0,0,0,0,0,0,0,0,0,0,0,0,0,0,0,0,0,0,0
2026-miami-0,miami,Hard,Daniel Merida,Dalibor Svrcina,6-7 1-4 6-6 7-6,1st Round Qualifying ,100,0,0,0,0,0,0,0,0,0,0,0,0,0,0,0,0,0,0,0,0,0,0,0
2026-miami-0,miami,Hard,Benjamin Bonzi,Guto Miguel,6-2 7-6,1st Round Qualifying ,100,0,0,0,0,0,0,0,0,0,0,0,0,0,0,0,0,0,0,0,0,0,0,0
2026-miami-0,miami,Hard,Sho Shimabukuro,Alex Bolt,6-2 6-7 3-3,1st Round Qualifying ,100,0,0,0,0,0,0,0,0,0,0,0,0,0,0,0,0,0,0,0,0,0,0,0
2026-miami-0,miami,Hard,Murphy Cassone,Francesco Maestrelli,7-6 6-1,1st Round Qualifying ,100,0,0,0,0,0,0,0,0,0,0,0,0,0,0,0,0,0,0,0,0,0,0,0
2026-miami-0,miami,Hard,Tomas Barrios Vera,Nishesh Basavareddy,6-3 6-2,1st Round Qualifying ,100,0,0,0,0,0,0,0,0,0,0,0,0,0,0,0,0,0,0,0,0,0,0,0
2026-miami-0,miami,Hard,Rinky Hijikata,Dane Sweeny,6-3 6-2,1st Round Qualifying ,100,0,0,0,0,0,0,0,0,0,0,0,0,0,0,0,0,0,0,0,0,0,0,0
2026-miami-0,miami,Hard,Yunchaokete Bu,Tristan Schoolkate,7-5 6-4,1st Round Qualifying ,100,0,0,0,0,0,0,0,0,0,0,0,0,0,0,0,0,0,0,0,0,0,0,0
2026-miami-0,miami,Hard,Coleman Wong,Jack Pinnington Jones,5-7 7-6 6-4,1st Round Qualifying ,100,0,0,0,0,0,0,0,0,0,0,0,0,0,0,0,0,0,0,0,0,0,0,0
2026-miami-0,miami,Hard,Martin Landaluce,Mackenzie McDonald,6-3 6-4,1st Round Qualifying ,100,0,0,0,0,0,0,0,0,0,0,0,0,0,0,0,0,0,0,0,0,0,0,0
2026-miami-0,miami,Hard,Christopher O'Connell,Nicolas Mejia,7-6 6-4,1st Round Qualifying ,100,0,0,0,0,0,0,0,0,0,0,0,0,0,0,0,0,0,0,0,0,0,0,0
2026-miami-0,miami,Hard,Jay Clarke,Shintaro Mochizuki,6-4 3-6 6-1,1st Round Qualifying ,100,0,0,0,0,0,0,0,0,0,0,0,0,0,0,0,0,0,0,0,0,0,0,0
2026-houston-1,houston,Hard,Tommy Paul,Roman Andres Burruchaga,6-1 3-6 7-5,Final ,100,0,0,0,0,0,0,0,0,0,0,0,0,0,0,0,0,0,0,0,0,0,0,0
2026-houston-1,houston,Hard,Tommy Paul,Frances Tiafoe,7-5 4-6 7-6,Semifinals ,100,0,0,0,0,0,0,0,0,0,0,0,0,0,0,0,0,0,0,0,0,0,0,0
2026-houston-1,houston,Hard,Roman Andres Burruchaga,Thiago Agustin Tirante,6-1 6-1,Semifinals ,100,0,0,0,0,0,0,0,0,0,0,0,0,0,0,0,0,0,0,0,0,0,0,0
2026-houston-1,houston,Hard,Thiago Agustin Tirante,Ben Shelton,6-7 5-3 6-4,Quarterfinals ,100,0,0,0,0,0,0,0,0,0,0,0,0,0,0,0,0,0,0,0,0,0,0,0
2026-houston-1,houston,Hard,Frances Tiafoe,Alexei Popyrin,3-6 6-4 7-6,Quarterfinals ,100,0,0,0,0,0,0,0,0,0,0,0,0,0,0,0,0,0,0,0,0,0,0,0
2026-houston-1,houston,Hard,Roman Andres Burruchaga,Learner Tien,7-5 6-4,Quarterfinals ,100,0,0,0,0,0,0,0,0,0,0,0,0,0,0,0,0,0,0,0,0,0,0,0
2026-houston-1,houston,Hard,Tommy Paul,Tomas Martin Etcheverry,6-4 6-2,Quarterfinals ,100,0,0,0,0,0,0,0,0,0,0,0,0,0,0,0,0,0,0,0,0,0,0,0
2026-houston-1,houston,Hard,Frances Tiafoe,Rinky Hijikata,6-4 3-6 6-2,Round of 16 ,100,0,0,0,0,0,0,0,0,0,0,0,0,0,0,0,0,0,0,0,0,0,0,0
2026-houston-1,houston,Hard,Learner Tien,Nishesh Basavareddy,6-3 3-6 6-1,Round of 16 ,100,0,0,0,0,0,0,0,0,0,0,0,0,0,0,0,0,0,0,0,0,0,0,0
2026-houston-1,houston,Hard,Roman Andres Burruchaga,Brandon Nakashima,6-4 2-6 6-4,Round of 16 ,100,0,0,0,0,0,0,0,0,0,0,0,0,0,0,0,0,0,0,0,0,0,0,0
2026-houston-1,houston,Hard,Alexei Popyrin,Alex Michelsen,6-0 4-6 6-1,Round of 16 ,100,0,0,0,0,0,0,0,0,0,0,0,0,0,0,0,0,0,0,0,0,0,0,0
2026-houston-1,houston,Hard,Ben Shelton,Zhizhen Zhang,7-6 7-5,Round of 16 ,100,0,0,0,0,0,0,0,0,0,0,0,0,0,0,0,0,0,0,0,0,0,0,0
2026-houston-1,houston,Hard,Tommy Paul,Adolfo Daniel Vallejo,3-6 6-4 6-4,Round of 16 ,100,0,0,0,0,0,0,0,0,0,0,0,0,0,0,0,0,0,0,0,0,0,0,0
2026-houston-1,houston,Hard,Tomas Martin Etcheverry,Alex Bolt,6-7 5-0 6-3,Round of 16 ,100,0,0,0,0,0,0,0,0,0,0,0,0,0,0,0,0,0,0,0,0,0,0,0
2026-houston-1,houston,Hard,Thiago Agustin Tirante,Mackenzie McDonald,6-2 6-0,Round of 16 ,100,0,0,0,0,0,0,0,0,0,0,0,0,0,0,0,0,0,0,0,0,0,0,0
2026-houston-1,houston,Hard,Roman Andres Burruchaga,Adam Walton,6-2 6-3,Round of 32 ,100,0,0,0,0,0,0,0,0,0,0,0,0,0,0,0,0,0,0,0,0,0,0,0
2026-houston-1,houston,Hard,Brandon Nakashima,Martin Damm,7-6 6-0,Round of 32 ,100,0,0,0,0,0,0,0,0,0,0,0,0,0,0,0,0,0,0,0,0,0,0,0
2026-houston-1,houston,Hard,Tomas Martin Etcheverry,Federico Agustin Gomez,1-6 6-1 6-4,Round of 32 ,100,0,0,0,0,0,0,0,0,0,0,0,0,0,0,0,0,0,0,0,0,0,0,0
2026-houston-1,houston,Hard,Alex Michelsen,Coleman Wong,6-4 6-2,Round of 32 ,100,0,0,0,0,0,0,0,0,0,0,0,0,0,0,0,0,0,0,0,0,0,0,0
2026-houston-1,houston,Hard,Nishesh Basavareddy,Liam Draxl,6-3 2-6 6-4,Round of 32 ,100,0,0,0,0,0,0,0,0,0,0,0,0,0,0,0,0,0,0,0,0,0,0,0
2026-houston-1,houston,Hard,Rinky Hijikata,Aleksandar Kovacevic,6-4 6-2,Round of 32 ,100,0,0,0,0,0,0,0,0,0,0,0,0,0,0,0,0,0,0,0,0,0,0,0
2026-houston-1,houston,Hard,Alexei Popyrin,Patrick Kypson,4-6 6-4 6-3,Round of 32 ,100,0,0,0,0,0,0,0,0,0,0,0,0,0,0,0,0,0,0,0,0,0,0,0
2026-houston-1,houston,Hard,Mackenzie McDonald,Jenson Brooksby,6-4 6-2,Round of 32 ,100,0,0,0,0,0,0,0,0,0,0,0,0,0,0,0,0,0,0,0,0,0,0,0
2026-houston-1,houston,Hard,Alex Bolt,Yibing Wu,7-6 6-6,Round of 32 ,100,0,0,0,0,0,0,0,0,0,0,0,0,0,0,0,0,0,0,0,0,0,0,0
2026-houston-1,houston,Hard,Thiago Agustin Tirante,Colton Smith,6-0 6-3,Round of 32 ,100,0,0,0,0,0,0,0,0,0,0,0,0,0,0,0,0,0,0,0,0,0,0,0
2026-houston-1,houston,Hard,Adolfo Daniel Vallejo,Zachary Svajda,6-1 6-4,Round of 32 ,100,0,0,0,0,0,0,0,0,0,0,0,0,0,0,0,0,0,0,0,0,0,0,0
2026-houston-1,houston,Hard,Zhizhen Zhang,Jack Pinnington Jones,6-1 6-3,Round of 32 ,100,0,0,0,0,0,0,0,0,0,0,0,0,0,0,0,0,0,0,0,0,0,0,0
2026-houston-1,houston,Hard,Jack Pinnington Jones,Darwin Blanch,6-4 7-6,2nd Round Qualifying ,100,0,0,0,0,0,0,0,0,0,0,0,0,0,0,0,0,0,0,0,0,0,0,0
2026-houston-1,houston,Hard,Liam Draxl,Alexis Galarneau,3-6 6-1 7-6,2nd Round Qualifying ,100,0,0,0,0,0,0,0,0,0,0,0,0,0,0,0,0,0,0,0,0,0,0,0
2026-houston-1,houston,Hard,Alex Bolt,Andy Andrade,6-2 4-6 6-2,2nd Round Qualifying ,100,0,0,0,0,0,0,0,0,0,0,0,0,0,0,0,0,0,0,0,0,0,0,0
2026-houston-1,houston,Hard,Federico Agustin Gomez,Clement Tabur,0-6 7-6 6-4,2nd Round Qualifying ,100,0,0,0,0,0,0,0,0,0,0,0,0,0,0,0,0,0,0,0,0,0,0,0
2026-houston-1,houston,Hard,Jack Pinnington Jones,J.J. Wolf,6-4 6-4,1st Round Qualifying ,100,0,0,0,0,0,0,0,0,0,0,0,0,0,0,0,0,0,0,0,0,0,0,0
2026-houston-1,houston,Hard,Liam Draxl,Mitchell Krueger,6-3 1-6 7-6,1st Round Qualifying ,100,0,0,0,0,0,0,0,0,0,0,0,0,0,0,0,0,0,0,0,0,0,0,0
2026-houston-1,houston,Hard,Alex Bolt,Alex Rybakov,5-7 6-2 6-4,1st Round Qualifying ,100,0,0,0,0,0,0,0,0,0,0,0,0,0,0,0,0,0,0,0,0,0,0,0
2026-houston-1,houston,Hard,Federico Agustin Gomez,Andres Martin,6-4 6-4,1st Round Qualifying ,100,0,0,0,0,0,0,0,0,0,0,0,0,0,0,0,0,0,0,0,0,0,0,0
2026-houston-1,houston,Hard,Clement Tabur,Daniel Elahi Galan,6-2 7-5,1st Round Qualifying ,100,0,0,0,0,0,0,0,0,0,0,0,0,0,0,0,0,0,0,0,0,0,0,0
2026-houston-1,houston,Hard,Darwin Blanch,Genaro Alberto Olivieri,6-0 5-7 7-6,1st Round Qualifying ,100,0,0,0,0,0,0,0,0,0,0,0,0,0,0,0,0,0,0,0,0,0,0,0
2026-houston-1,houston,Hard,Alexis Galarneau,Gabriel Debru,6-2 6-3,1st Round Qualifying ,100,0,0,0,0,0,0,0,0,0,0,0,0,0,0,0,0,0,0,0,0,0,0,0
2026-houston-1,houston,Hard,Andy Andrade,Stefan Dostanic,6-1 6-3,1st Round Qualifying ,100,0,0,0,0,0,0,0,0,0,0,0,0,0,0,0,0,0,0,0,0,0,0,0
2026-marrakech-2,marrakech,Hard,Rafael Jodar,Marco Trungelliti,6-3 6-2,Final ,100,0,0,0,0,0,0,0,0,0,0,0,0,0,0,0,0,0,0,0,0,0,0,0
2026-marrakech-2,marrakech,Hard,Marco Trungelliti,Luciano Darderi,6-4 7-6,Semifinals ,100,0,0,0,0,0,0,0,0,0,0,0,0,0,0,0,0,0,0,0,0,0,0,0
2026-marrakech-2,marrakech,Hard,Rafael Jodar,Camilo Ugo Carabelli,6-2 6-1,Semifinals ,100,0,0,0,0,0,0,0,0,0,0,0,0,0,0,0,0,0,0,0,0,0,0,0
2026-marrakech-2,marrakech,Hard,Marco Trungelliti,Corentin Moutet,4-6 6-3 6-4,Quarterfinals ,100,0,0,0,0,0,0,0,0,0,0,0,0,0,0,0,0,0,0,0,0,0,0,0
2026-marrakech-2,marrakech,Hard,Rafael Jodar,Alexandre Muller,6-2 2-0,Quarterfinals ,100,0,0,0,0,0,0,0,0,0,0,0,0,0,0,0,0,0,0,0,0,0,0,0
2026-marrakech-2,marrakech,Hard,Camilo Ugo Carabelli,Luca Van Assche,0-6 6-3 6-2,Quarterfinals ,100,0,0,0,0,0,0,0,0,0,0,0,0,0,0,0,0,0,0,0,0,0,0,0
2026-marrakech-2,marrakech,Hard,Luciano Darderi,Yannick Hanfmann,,Quarterfinals ,100,0,0,0,0,0,0,0,0,0,0,0,0,0,0,0,0,0,0,0,0,0,0,0
2026-marrakech-2,marrakech,Hard,Luca Van Assche,Tallon Griekspoor,6-4 1-6 6-3,Round of 16 ,100,0,0,0,0,0,0,0,0,0,0,0,0,0,0,0,0,0,0,0,0,0,0,0
2026-marrakech-2,marrakech,Hard,Rafael Jodar,Tomas Machac,6-4 4-6 6-3,Round of 16 ,100,0,0,0,0,0,0,0,0,0,0,0,0,0,0,0,0,0,0,0,0,0,0,0
2026-marrakech-2,marrakech,Hard,Alexandre Muller,Vit Kopriva,6-3 7-6,Round of 16 ,100,0,0,0,0,0,0,0,0,0,0,0,0,0,0,0,0,0,0,0,0,0,0,0
2026-marrakech-2,marrakech,Hard,Camilo Ugo Carabelli,Ignacio Buse,6-3 3-6 7-5,Round of 16 ,100,0,0,0,0,0,0,0,0,0,0,0,0,0,0,0,0,0,0,0,0,0,0,0
2026-marrakech-2,marrakech,Hard,Luciano Darderi,Mattia Bellucci,6-4 6-2,Round of 16 ,100,0,0,0,0,0,0,0,0,0,0,0,0,0,0,0,0,0,0,0,0,0,0,0
2026-marrakech-2,marrakech,Hard,Corentin Moutet,Taha Baadi,6-0 6-2,Round of 16 ,100,0,0,0,0,0,0,0,0,0,0,0,0,0,0,0,0,0,0,0,0,0,0,0
2026-marrakech-2,marrakech,Hard,Marco Trungelliti,Kamil Majchrzak,7-6 6-4,Round of 16 ,100,0,0,0,0,0,0,0,0,0,0,0,0,0,0,0,0,0,0,0,0,0,0,0
2026-marrakech-2,marrakech,Hard,Yannick Hanfmann,Karim Bennani,6-4 6-7 3-2,Round of 16 ,100,0,0,0,0,0,0,0,0,0,0,0,0,0,0,0,0,0,0,0,0,0,0,0
2026-marrakech-2,marrakech,Hard,Vit Kopriva,Hamad Medjedovic,6-7 4-5 7-2,Round of 32 ,100,0,0,0,0,0,0,0,0,0,0,0,0,0,0,0,0,0,0,0,0,0,0,0
2026-marrakech-2,marrakech,Hard,Kamil Majchrzak,Juan Manuel Cerundolo,7-6 3-3 6-6,Round of 32 ,100,0,0,0,0,0,0,0,0,0,0,0,0,0,0,0,0,0,0,0,0,0,0,0
2026-marrakech-2,marrakech,Hard,Ignacio Buse,Matteo Berrettini,7-6 6-5 2-7 6-4,Round of 32 ,100,0,0,0,0,0,0,0,0,0,0,0,0,0,0,0,0,0,0,0,0,0,0,0
2026-marrakech-2,marrakech,Hard,Mattia Bellucci,Reda Bennani,6-3 3-6 6-4,Round of 32 ,100,0,0,0,0,0,0,0,0,0,0,0,0,0,0,0,0,0,0,0,0,0,0,0
2026-marrakech-2,marrakech,Hard,Rafael Jodar,Dusan Lajovic,6-3 6-4,Round of 32 ,100,0,0,0,0,0,0,0,0,0,0,0,0,0,0,0,0,0,0,0,0,0,0,0
2026-marrakech-2,marrakech,Hard,Alexandre Muller,Federico Cina,6-2 6-3,Round of 32 ,100,0,0,0,0,0,0,0,0,0,0,0,0,0,0,0,0,0,0,0,0,0,0,0
2026-marrakech-2,marrakech,Hard,Marco Trungelliti,Henrique Rocha,7-6 6-5,Round of 32 ,100,0,0,0,0,0,0,0,0,0,0,0,0,0,0,0,0,0,0,0,0,0,0,0
2026-marrakech-2,marrakech,Hard,Camilo Ugo Carabelli,Timofey Skatov,6-7 2-3 6-4,Round of 32 ,100,0,0,0,0,0,0,0,0,0,0,0,0,0,0,0,0,0,0,0,0,0,0,0
2026-marrakech-2,marrakech,Hard,Luca Van Assche,Hugo Gaston,6-4 7-6,Round of 32 ,100,0,0,0,0,0,0,0,0,0,0,0,0,0,0,0,0,0,0,0,0,0,0,0
2026-marrakech-2,marrakech,Hard,Yannick Hanfmann,Jesper de Jong,7-6 6-6,Round of 32 ,100,0,0,0,0,0,0,0,0,0,0,0,0,0,0,0,0,0,0,0,0,0,0,0
2026-marrakech-2,marrakech,Hard,Taha Baadi,Aleksandar Vukic,6-2 3-6 6-1,Round of 32 ,100,0,0,0,0,0,0,0,0,0,0,0,0,0,0,0,0,0,0,0,0,0,0,0
2026-marrakech-2,marrakech,Hard,Karim Bennani,Quentin Halys,6-4 6-7 5-2,Round of 32 ,100,0,0,0,0,0,0,0,0,0,0,0,0,0,0,0,0,0,0,0,0,0,0,0
2026-marrakech-2,marrakech,Hard,Marco Trungelliti,Rei Sakamoto,7-6 6-8,2nd Round Qualifying ,100,0,0,0,0,0,0,0,0,0,0,0,0,0,0,0,0,0,0,0,0,0,0,0
2026-marrakech-2,marrakech,Hard,Dusan Lajovic,Lloyd Harris,6-4 6-4,2nd Round Qualifying ,100,0,0,0,0,0,0,0,0,0,0,0,0,0,0,0,0,0,0,0,0,0,0,0
2026-marrakech-2,marrakech,Hard,Henrique Rocha,Nicolai Budkov Kjaer,6-1 6-2,2nd Round Qualifying ,100,0,0,0,0,0,0,0,0,0,0,0,0,0,0,0,0,0,0,0,0,0,0,0
2026-marrakech-2,marrakech,Hard,Timofey Skatov,Moez Echargui,6-3 6-3,2nd Round Qualifying ,100,0,0,0,0,0,0,0,0,0,0,0,0,0,0,0,0,0,0,0,0,0,0,0
2026-marrakech-2,marrakech,Hard,Marco Trungelliti,Hynek Barton,6-3 7-5,1st Round Qualifying ,100,0,0,0,0,0,0,0,0,0,0,0,0,0,0,0,0,0,0,0,0,0,0,0
2026-marrakech-2,marrakech,Hard,Dusan Lajovic,Jakub Paul,6-1 6-4,1st Round Qualifying ,100,0,0,0,0,0,0,0,0,0,0,0,0,0,0,0,0,0,0,0,0,0,0,0
2026-marrakech-2,marrakech,Hard,Timofey Skatov,Andrea Pellegrino,3-6 4-1,1st Round Qualifying ,100,0,0,0,0,0,0,0,0,0,0,0,0,0,0,0,0,0,0,0,0,0,0,0
2026-marrakech-2,marrakech,Hard,Henrique Rocha,David Jorda Sanchis,6-3 6-2,1st Round Qualifying ,100,0,0,0,0,0,0,0,0,0,0,0,0,0,0,0,0,0,0,0,0,0,0,0
2026-marrakech-2,marrakech,Hard,Nicolai Budkov Kjaer,Ilya Ivashka,6-1 5-7 7-6,1st Round Qualifying ,100,0,0,0,0,0,0,0,0,0,0,0,0,0,0,0,0,0,0,0,0,0,0,0
2026-marrakech-2,marrakech,Hard,Moez Echargui,Younes Lalami,6-4 7-6,1st Round Qualifying ,100,0,0,0,0,0,0,0,0,0,0,0,0,0,0,0,0,0,0,0,0,0,0,0
2026-marrakech-2,marrakech,Hard,Lloyd Harris,Pierre-Hugues Herbert,6-4 6-3,1st Round Qualifying ,100,0,0,0,0,0,0,0,0,0,0,0,0,0,0,0,0,0,0,0,0,0,0,0
2026-marrakech-2,marrakech,Hard,Rei Sakamoto,Amine Jamji,6-4 6-2,1st Round Qualifying ,100,0,0,0,0,0,0,0,0,0,0,0,0,0,0,0,0,0,0,0,0,0,0,0
2026-bucharest-3,bucharest,Hard,Mariano Navone,Daniel Merida,6-2 4-6 7-5,Final ,100,0,0,0,0,0,0,0,0,0,0,0,0,0,0,0,0,0,0,0,0,0,0,0
2026-bucharest-3,bucharest,Hard,Daniel Merida,Fabian Marozsan,6-7 4-3 6-1,Semifinals ,100,0,0,0,0,0,0,0,0,0,0,0,0,0,0,0,0,0,0,0,0,0,0,0
2026-bucharest-3,bucharest,Hard,Mariano Navone,Botic van de Zandschulp,5-7 7-6 7-3,Semifinals ,100,0,0,0,0,0,0,0,0,0,0,0,0,0,0,0,0,0,0,0,0,0,0,0
2026-bucharest-3,bucharest,Hard,Fabian Marozsan,Daniel Altmaier,6-2 7-6,Quarterfinals ,100,0,0,0,0,0,0,0,0,0,0,0,0,0,0,0,0,0,0,0,0,0,0,0
2026-bucharest-3,bucharest,Hard,Mariano Navone,Alex Molcan,3-6 6-2 6-3,Quarterfinals ,100,0,0,0,0,0,0,0,0,0,0,0,0,0,0,0,0,0,0,0,0,0,0,0
2026-bucharest-3,bucharest,Hard,Botic van de Zandschulp,Damir Dzumhur,6-3 6-3,Quarterfinals ,100,0,0,0,0,0,0,0,0,0,0,0,0,0,0,0,0,0,0,0,0,0,0,0
2026-bucharest-3,bucharest,Hard,Daniel Merida,Titouan Droguet,4-6 7-6 3-7,Quarterfinals ,100,0,0,0,0,0,0,0,0,0,0,0,0,0,0,0,0,0,0,0,0,0,0,0
2026-bucharest-3,bucharest,Hard,Daniel Merida,Adrian Mannarino,4-6 6-2 6-2,Round of 16 ,100,0,0,0,0,0,0,0,0,0,0,0,0,0,0,0,0,0,0,0,0,0,0,0
2026-bucharest-3,bucharest,Hard,Titouan Droguet,Sebastian Baez,6-4 6-4,Round of 16 ,100,0,0,0,0,0,0,0,0,0,0,0,0,0,0,0,0,0,0,0,0,0,0,0
2026-bucharest-3,bucharest,Hard,Fabian Marozsan,Stefanos Sakellaridis,7-6 7-3,Round of 16 ,100,0,0,0,0,0,0,0,0,0,0,0,0,0,0,0,0,0,0,0,0,0,0,0
2026-bucharest-3,bucharest,Hard,Daniel Altmaier,Dino Prizmic,3-6 7-6 7-1,Round of 16 ,100,0,0,0,0,0,0,0,0,0,0,0,0,0,0,0,0,0,0,0,0,0,0,0
2026-bucharest-3,bucharest,Hard,Alex Molcan,Gabriel Diallo,6-2 6-2,Round of 16 ,100,0,0,0,0,0,0,0,0,0,0,0,0,0,0,0,0,0,0,0,0,0,0,0
2026-bucharest-3,bucharest,Hard,Damir Dzumhur,Nuno Borges,7-6 6-1,Round of 16 ,100,0,0,0,0,0,0,0,0,0,0,0,0,0,0,0,0,0,0,0,0,0,0,0
2026-bucharest-3,bucharest,Hard,Mariano Navone,Elmer Moller,6-2 6-1,Round of 16 ,100,0,0,0,0,0,0,0,0,0,0,0,0,0,0,0,0,0,0,0,0,0,0,0
2026-bucharest-3,bucharest,Hard,Botic van de Zandschulp,Aleksandr Shevchenko,7-5 6-1,Round of 16 ,100,0,0,0,0,0,0,0,0,0,0,0,0,0,0,0,0,0,0,0,0,0,0,0
2026-bucharest-3,bucharest,Hard,Sebastian Baez,Vilius Gaubas,6-3 6-1,Round of 32 ,100,0,0,0,0,0,0,0,0,0,0,0,0,0,0,0,0,0,0,0,0,0,0,0
2026-bucharest-3,bucharest,Hard,Daniel Altmaier,Pedro Martinez,6-1 6-4,Round of 32 ,100,0,0,0,0,0,0,0,0,0,0,0,0,0,0,0,0,0,0,0,0,0,0,0
2026-bucharest-3,bucharest,Hard,Mariano Navone,Christopher O'Connell,6-4 7-6,Round of 32 ,100,0,0,0,0,0,0,0,0,0,0,0,0,0,0,0,0,0,0,0,0,0,0,0
2026-bucharest-3,bucharest,Hard,Botic van de Zandschulp,Francesco Maestrelli,6-3 6-2,Round of 32 ,100,0,0,0,0,0,0,0,0,0,0,0,0,0,0,0,0,0,0,0,0,0,0,0
2026-bucharest-3,bucharest,Hard,Titouan Droguet,Roberto Bautista Agut,6-1 1-6 6-1,Round of 32 ,100,0,0,0,0,0,0,0,0,0,0,0,0,0,0,0,0,0,0,0,0,0,0,0
2026-bucharest-3,bucharest,Hard,Damir Dzumhur,Filip Cristian Jianu,6-3 4-6 7-6,Round of 32 ,100,0,0,0,0,0,0,0,0,0,0,0,0,0,0,0,0,0,0,0,0,0,0,0
2026-bucharest-3,bucharest,Hard,Daniel Merida,Otto Virtanen,7-6 5-4 7-7,Round of 32 ,100,0,0,0,0,0,0,0,0,0,0,0,0,0,0,0,0,0,0,0,0,0,0,0
2026-bucharest-3,bucharest,Hard,Alex Molcan,Matteo Arnaldi,6-3 6-1,Round of 32 ,100,0,0,0,0,0,0,0,0,0,0,0,0,0,0,0,0,0,0,0,0,0,0,0
2026-bucharest-3,bucharest,Hard,Elmer Moller,Adrian Boitan,6-3 7-5,Round of 32 ,100,0,0,0,0,0,0,0,0,0,0,0,0,0,0,0,0,0,0,0,0,0,0,0
2026-bucharest-3,bucharest,Hard,Dino Prizmic,Nikoloz Basilashvili,6-4 6-2,Round of 32 ,100,0,0,0,0,0,0,0,0,0,0,0,0,0,0,0,0,0,0,0,0,0,0,0
2026-bucharest-3,bucharest,Hard,Stefanos Sakellaridis,Jan Choinski,6-3 6-4,Round of 32 ,100,0,0,0,0,0,0,0,0,0,0,0,0,0,0,0,0,0,0,0,0,0,0,0
2026-bucharest-3,bucharest,Hard,Aleksandr Shevchenko,Radu David Turcanu,6-2 6-4,Round of 32 ,100,0,0,0,0,0,0,0,0,0,0,0,0,0,0,0,0,0,0,0,0,0,0,0
2026-bucharest-3,bucharest,Hard,Daniel Merida,Joel Schwaerzler,6-2 6-2,2nd Round Qualifying ,100,0,0,0,0,0,0,0,0,0,0,0,0,0,0,0,0,0,0,0,0,0,0,0
2026-bucharest-3,bucharest,Hard,Nikoloz Basilashvili,Jurij Rodionov,6-4 0-6 6-3,2nd Round Qualifying ,100,0,0,0,0,0,0,0,0,0,0,0,0,0,0,0,0,0,0,0,0,0,0,0
2026-bucharest-3,bucharest,Hard,Alex Molcan,Jay Clarke,6-3 5-7 7-6,2nd Round Qualifying ,100,0,0,0,0,0,0,0,0,0,0,0,0,0,0,0,0,0,0,0,0,0,0,0
2026-bucharest-3,bucharest,Hard,Stefanos Sakellaridis,Dimitar Kuzmanov,6-3 7-6,2nd Round Qualifying ,100,0,0,0,0,0,0,0,0,0,0,0,0,0,0,0,0,0,0,0,0,0,0,0
2026-bucharest-3,bucharest,Hard,Nikoloz Basilashvili,Daniel Michalski,6-4 7-5,1st Round Qualifying ,100,0,0,0,0,0,0,0,0,0,0,0,0,0,0,0,0,0,0,0,0,0,0,0
2026-bucharest-3,bucharest,Hard,Daniel Merida,Saba Purtseladze,6-1 6-2,1st Round Qualifying ,100,0,0,0,0,0,0,0,0,0,0,0,0,0,0,0,0,0,0,0,0,0,0,0
2026-bucharest-3,bucharest,Hard,Alex Molcan,Billy Harris,6-1 7-6,1st Round Qualifying ,100,0,0,0,0,0,0,0,0,0,0,0,0,0,0,0,0,0,0,0,0,0,0,0
2026-bucharest-3,bucharest,Hard,Stefanos Sakellaridis,Chun-Hsin Tseng,6-4 6-3,1st Round Qualifying ,100,0,0,0,0,0,0,0,0,0,0,0,0,0,0,0,0,0,0,0,0,0,0,0
2026-bucharest-3,bucharest,Hard,Dimitar Kuzmanov,Stefano Travaglia,7-6 6-0,1st Round Qualifying ,100,0,0,0,0,0,0,0,0,0,0,0,0,0,0,0,0,0,0,0,0,0,0,0
2026-bucharest-3,bucharest,Hard,Joel Schwaerzler,Stefan Horia Haita,6-3 3-6 7-6,1st Round Qualifying ,100,0,0,0,0,0,0,0,0,0,0,0,0,0,0,0,0,0,0,0,0,0,0,0
2026-bucharest-3,bucharest,Hard,Jurij Rodionov,George Loffhagen,4-6 7-6 6-5,1st Round Qualifying ,100,0,0,0,0,0,0,0,0,0,0,0,0,0,0,0,0,0,0,0,0,0,0,0
2026-bucharest-3,bucharest,Hard,Jay Clarke,Gabriel Ghetu,6-4 6-3,1st Round Qualifying ,100,0,0,0,0,0,0,0,0,0,0,0,0,0,0,0,0,0,0,0,0,0,0,0
2026-monte-carlo-4,monte-carlo,Hard,Jannik Sinner,Carlos Alcaraz,7-6 6-5,Final ,100,0,0,0,0,0,0,0,0,0,0,0,0,0,0,0,0,0,0,0,0,0,0,0
2026-monte-carlo-4,monte-carlo,Hard,Carlos Alcaraz,Valentin Vacherot,6-4 6-4,Semifinals ,100,0,0,0,0,0,0,0,0,0,0,0,0,0,0,0,0,0,0,0,0,0,0,0
2026-monte-carlo-4,monte-carlo,Hard,Jannik Sinner,Alexander Zverev,6-1 6-4,Semifinals ,100,0,0,0,0,0,0,0,0,0,0,0,0,0,0,0,0,0,0,0,0,0,0,0
2026-monte-carlo-4,monte-carlo,Hard,Carlos Alcaraz,Alexander Bublik,6-3 6-0,Quarterfinals ,100,0,0,0,0,0,0,0,0,0,0,0,0,0,0,0,0,0,0,0,0,0,0,0
2026-monte-carlo-4,monte-carlo,Hard,Jannik Sinner,Felix Auger-Aliassime,6-3 6-4,Quarterfinals ,100,0,0,0,0,0,0,0,0,0,0,0,0,0,0,0,0,0,0,0,0,0,0,0
2026-monte-carlo-4,monte-carlo,Hard,Alexander Zverev,Joao Fonseca,7-5 6-7 3-3,Quarterfinals ,100,0,0,0,0,0,0,0,0,0,0,0,0,0,0,0,0,0,0,0,0,0,0,0
2026-monte-carlo-4,monte-carlo,Hard,Valentin Vacherot,Alex de Minaur,6-4 3-6 6-3,Quarterfinals ,100,0,0,0,0,0,0,0,0,0,0,0,0,0,0,0,0,0,0,0,0,0,0,0
2026-monte-carlo-4,monte-carlo,Hard,Carlos Alcaraz,Tomas Martin Etcheverry,6-1 4-6 6-3,Round of 16 ,100,0,0,0,0,0,0,0,0,0,0,0,0,0,0,0,0,0,0,0,0,0,0,0
2026-monte-carlo-4,monte-carlo,Hard,Jannik Sinner,Tomas Machac,6-1 6-7 3-3,Round of 16 ,100,0,0,0,0,0,0,0,0,0,0,0,0,0,0,0,0,0,0,0,0,0,0,0
2026-monte-carlo-4,monte-carlo,Hard,Alexander Zverev,Zizou Bergs,6-2 7-5,Round of 16 ,100,0,0,0,0,0,0,0,0,0,0,0,0,0,0,0,0,0,0,0,0,0,0,0
2026-monte-carlo-4,monte-carlo,Hard,Alex de Minaur,Alexander Blockx,7-5 7-6,Round of 16 ,100,0,0,0,0,0,0,0,0,0,0,0,0,0,0,0,0,0,0,0,0,0,0,0
2026-monte-carlo-4,monte-carlo,Hard,Felix Auger-Aliassime,Casper Ruud,7-5 2-2,Round of 16 ,100,0,0,0,0,0,0,0,0,0,0,0,0,0,0,0,0,0,0,0,0,0,0,0
2026-monte-carlo-4,monte-carlo,Hard,Alexander Bublik,Jiri Lehecka,6-2 7-5,Round of 16 ,100,0,0,0,0,0,0,0,0,0,0,0,0,0,0,0,0,0,0,0,0,0,0,0
2026-monte-carlo-4,monte-carlo,Hard,Joao Fonseca,Matteo Berrettini,6-3 6-2,Round of 16 ,100,0,0,0,0,0,0,0,0,0,0,0,0,0,0,0,0,0,0,0,0,0,0,0
2026-monte-carlo-4,monte-carlo,Hard,Valentin Vacherot,Hubert Hurkacz,6-7 4-3 6-4,Round of 16 ,100,0,0,0,0,0,0,0,0,0,0,0,0,0,0,0,0,0,0,0,0,0,0,0
2026-monte-carlo-4,monte-carlo,Hard,Alexander Zverev,Cristian Garin,4-6 6-4 7-5,Round of 32 ,100,0,0,0,0,0,0,0,0,0,0,0,0,0,0,0,0,0,0,0,0,0,0,0
2026-monte-carlo-4,monte-carlo,Hard,Valentin Vacherot,Lorenzo Musetti,7-6 7-6,Round of 32 ,100,0,0,0,0,0,0,0,0,0,0,0,0,0,0,0,0,0,0,0,0,0,0,0
2026-monte-carlo-4,monte-carlo,Hard,Felix Auger-Aliassime,Marin Cilic,7-6 6-4,Round of 32 ,100,0,0,0,0,0,0,0,0,0,0,0,0,0,0,0,0,0,0,0,0,0,0,0
2026-monte-carlo-4,monte-carlo,Hard,Matteo Berrettini,Daniil Medvedev,6-0 6-0,Round of 32 ,100,0,0,0,0,0,0,0,0,0,0,0,0,0,0,0,0,0,0,0,0,0,0,0
2026-monte-carlo-4,monte-carlo,Hard,Casper Ruud,Corentin Moutet,7-5 6-3,Round of 32 ,100,0,0,0,0,0,0,0,0,0,0,0,0,0,0,0,0,0,0,0,0,0,0,0
2026-monte-carlo-4,monte-carlo,Hard,Alexander Blockx,Flavio Cobolli,6-3 6-3,Round of 32 ,100,0,0,0,0,0,0,0,0,0,0,0,0,0,0,0,0,0,0,0,0,0,0,0
2026-monte-carlo-4,monte-carlo,Hard,Jiri Lehecka,Alejandro Tabilo,4-6 7-6 6-4,Round of 32 ,100,0,0,0,0,0,0,0,0,0,0,0,0,0,0,0,0,0,0,0,0,0,0,0
2026-monte-carlo-4,monte-carlo,Hard,Zizou Bergs,Andrey Rublev,6-4 6-1,Round of 32 ,100,0,0,0,0,0,0,0,0,0,0,0,0,0,0,0,0,0,0,0,0,0,0,0
2026-monte-carlo-4,monte-carlo,Hard,Tomas Machac,Francisco Cerundolo,7-6 6-2,Round of 32 ,100,0,0,0,0,0,0,0,0,0,0,0,0,0,0,0,0,0,0,0,0,0,0,0
2026-monte-carlo-4,monte-carlo,Hard,Tomas Martin Etcheverry,Terence Atmane,3-6 6-3 6-2,Round of 32 ,100,0,0,0,0,0,0,0,0,0,0,0,0,0,0,0,0,0,0,0,0,0,0,0
2026-monte-carlo-4,monte-carlo,Hard,Joao Fonseca,Arthur Rinderknech,7-5 4-6 6-3,Round of 32 ,100,0,0,0,0,0,0,0,0,0,0,0,0,0,0,0,0,0,0,0,0,0,0,0
2026-monte-carlo-4,monte-carlo,Hard,Hubert Hurkacz,Fabian Marozsan,6-2 6-3,Round of 32 ,100,0,0,0,0,0,0,0,0,0,0,0,0,0,0,0,0,0,0,0,0,0,0,0
2026-monte-carlo-4,monte-carlo,Hard,Carlos Alcaraz,Sebastian Baez,6-1 6-3,Round of 32 ,100,0,0,0,0,0,0,0,0,0,0,0,0,0,0,0,0,0,0,0,0,0,0,0
2026-monte-carlo-4,monte-carlo,Hard,Jannik Sinner,Ugo Humbert,6-3 6-0,Round of 32 ,100,0,0,0,0,0,0,0,0,0,0,0,0,0,0,0,0,0,0,0,0,0,0,0
2026-monte-carlo-4,monte-carlo,Hard,Alex de Minaur,Cameron Norrie,7-6 2-5 6-6,Round of 32 ,100,0,0,0,0,0,0,0,0,0,0,0,0,0,0,0,0,0,0,0,0,0,0,0
2026-monte-carlo-4,monte-carlo,Hard,Alexander Bublik,Gael Monfils,6-4 6-4,Round of 32 ,100,0,0,0,0,0,0,0,0,0,0,0,0,0,0,0,0,0,0,0,0,0,0,0
2026-monte-carlo-4,monte-carlo,Hard,Casper Ruud,Alexei Popyrin,6-3 6-4,Round of 64 ,100,0,0,0,0,0,0,0,0,0,0,0,0,0,0,0,0,0,0,0,0,0,0,0
2026-monte-carlo-4,monte-carlo,Hard,Hubert Hurkacz,Luciano Darderi,7-6 5-4 6-7,Round of 64 ,100,0,0,0,0,0,0,0,0,0,0,0,0,0,0,0,0,0,0,0,0,0,0,0
2026-monte-carlo-4,monte-carlo,Hard,Terence Atmane,Ethan Quinn,6-1 6-4,Round of 64 ,100,0,0,0,0,0,0,0,0,0,0,0,0,0,0,0,0,0,0,0,0,0,0,0
2026-monte-carlo-4,monte-carlo,Hard,Matteo Berrettini,Roberto Bautista Agut,4-0,Round of 64 ,100,0,0,0,0,0,0,0,0,0,0,0,0,0,0,0,0,0,0,0,0,0,0,0
2026-monte-carlo-4,monte-carlo,Hard,Marin Cilic,Alexander Shevchenko,6-1 6-3,Round of 64 ,100,0,0,0,0,0,0,0,0,0,0,0,0,0,0,0,0,0,0,0,0,0,0,0
2026-monte-carlo-4,monte-carlo,Hard,Tomas Martin Etcheverry,Grigor Dimitrov,6-4 2-6 6-3,Round of 64 ,100,0,0,0,0,0,0,0,0,0,0,0,0,0,0,0,0,0,0,0,0,0,0,0
2026-monte-carlo-4,monte-carlo,Hard,Fabian Marozsan,Damir Dzumhur,6-2 6-1,Round of 64 ,100,0,0,0,0,0,0,0,0,0,0,0,0,0,0,0,0,0,0,0,0,0,0,0
2026-monte-carlo-4,monte-carlo,Hard,Corentin Moutet,Alexandre Muller,6-4 6-1,Round of 64 ,100,0,0,0,0,0,0,0,0,0,0,0,0,0,0,0,0,0,0,0,0,0,0,0
2026-monte-carlo-4,monte-carlo,Hard,Flavio Cobolli,Francisco Comesana,7-5 2-6 6-3,Round of 64 ,100,0,0,0,0,0,0,0,0,0,0,0,0,0,0,0,0,0,0,0,0,0,0,0
2026-monte-carlo-4,monte-carlo,Hard,Jiri Lehecka,Emilio Nava,7-6 6-1 8-7 6-2,Round of 64 ,100,0,0,0,0,0,0,0,0,0,0,0,0,0,0,0,0,0,0,0,0,0,0,0
2026-monte-carlo-4,monte-carlo,Hard,Arthur Rinderknech,Karen Khachanov,7-5 6-2,Round of 64 ,100,0,0,0,0,0,0,0,0,0,0,0,0,0,0,0,0,0,0,0,0,0,0,0
2026-monte-carlo-4,monte-carlo,Hard,Andrey Rublev,Nuno Borges,6-4 1-6 6-1,Round of 64 ,100,0,0,0,0,0,0,0,0,0,0,0,0,0,0,0,0,0,0,0,0,0,0,0
2026-monte-carlo-4,monte-carlo,Hard,Francisco Cerundolo,Stefanos Tsitsipas,7-5 6-4,Round of 64 ,100,0,0,0,0,0,0,0,0,0,0,0,0,0,0,0,0,0,0,0,0,0,0,0
2026-monte-carlo-4,monte-carlo,Hard,Sebastian Baez,Stan Wawrinka,7-5 7-5,Round of 64 ,100,0,0,0,0,0,0,0,0,0,0,0,0,0,0,0,0,0,0,0,0,0,0,0
2026-monte-carlo-4,monte-carlo,Hard,Zizou Bergs,Adrian Mannarino,6-4 6-3,Round of 64 ,100,0,0,0,0,0,0,0,0,0,0,0,0,0,0,0,0,0,0,0,0,0,0,0
2026-monte-carlo-4,monte-carlo,Hard,Alexander Blockx,Denis Shapovalov,6-4 4-6 6-3,Round of 64 ,100,0,0,0,0,0,0,0,0,0,0,0,0,0,0,0,0,0,0,0,0,0,0,0
2026-monte-carlo-4,monte-carlo,Hard,Joao Fonseca,Gabriel Diallo,6-2 6-3,Round of 64 ,100,0,0,0,0,0,0,0,0,0,0,0,0,0,0,0,0,0,0,0,0,0,0,0
2026-monte-carlo-4,monte-carlo,Hard,Cristian Garin,Matteo Arnaldi,6-2 6-4,Round of 64 ,100,0,0,0,0,0,0,0,0,0,0,0,0,0,0,0,0,0,0,0,0,0,0,0
2026-monte-carlo-4,monte-carlo,Hard,Tomas Machac,Daniel Altmaier,6-4 1-6 6-3,Round of 64 ,100,0,0,0,0,0,0,0,0,0,0,0,0,0,0,0,0,0,0,0,0,0,0,0
2026-monte-carlo-4,monte-carlo,Hard,Valentin Vacherot,Juan Manuel Cerundolo,5-7 6-2 6-1,Round of 64 ,100,0,0,0,0,0,0,0,0,0,0,0,0,0,0,0,0,0,0,0,0,0,0,0
2026-monte-carlo-4,monte-carlo,Hard,Ugo Humbert,Moise Kouame,6-3 7-5,Round of 64 ,100,0,0,0,0,0,0,0,0,0,0,0,0,0,0,0,0,0,0,0,0,0,0,0
2026-monte-carlo-4,monte-carlo,Hard,Gael Monfils,Tallon Griekspoor,6-7 7-1 6-4,Round of 64 ,100,0,0,0,0,0,0,0,0,0,0,0,0,0,0,0,0,0,0,0,0,0,0,0
2026-monte-carlo-4,monte-carlo,Hard,Cameron Norrie,Miomir Kecmanovic,6-2 4-6 7-6,Round of 64 ,100,0,0,0,0,0,0,0,0,0,0,0,0,0,0,0,0,0,0,0,0,0,0,0
2026-monte-carlo-4,monte-carlo,Hard,Alejandro Tabilo,Marton Fucsovics,6-4 6-3,Round of 64 ,100,0,0,0,0,0,0,0,0,0,0,0,0,0,0,0,0,0,0,0,0,0,0,0
2026-monte-carlo-4,monte-carlo,Hard,Francisco Comesana,Ethan Quinn,7-5 6-2,2nd Round Qualifying ,100,0,0,0,0,0,0,0,0,0,0,0,0,0,0,0,0,0,0,0,0,0,0,0
2026-monte-carlo-4,monte-carlo,Hard,Juan Manuel Cerundolo,Pedro Martinez,6-2 2-6 6-3,2nd Round Qualifying ,100,0,0,0,0,0,0,0,0,0,0,0,0,0,0,0,0,0,0,0,0,0,0,0
2026-monte-carlo-4,monte-carlo,Hard,Alexander Blockx,Damir Dzumhur,7-6 6-8,2nd Round Qualifying ,100,0,0,0,0,0,0,0,0,0,0,0,0,0,0,0,0,0,0,0,0,0,0,0
2026-monte-carlo-4,monte-carlo,Hard,Alexander Shevchenko,Roberto Bautista Agut,7-6 7-3,2nd Round Qualifying ,100,0,0,0,0,0,0,0,0,0,0,0,0,0,0,0,0,0,0,0,0,0,0,0
2026-monte-carlo-4,monte-carlo,Hard,Alexandre Muller,Matteo Arnaldi,6-1 6-7 4-4,2nd Round Qualifying ,100,0,0,0,0,0,0,0,0,0,0,0,0,0,0,0,0,0,0,0,0,0,0,0
2026-monte-carlo-4,monte-carlo,Hard,Cristian Garin,Nikoloz Basilashvili,7-5 6-0,2nd Round Qualifying ,100,0,0,0,0,0,0,0,0,0,0,0,0,0,0,0,0,0,0,0,0,0,0,0
2026-monte-carlo-4,monte-carlo,Hard,Emilio Nava,David Goffin,6-3 6-7 6-6 7-2,2nd Round Qualifying ,100,0,0,0,0,0,0,0,0,0,0,0,0,0,0,0,0,0,0,0,0,0,0,0
2026-monte-carlo-4,monte-carlo,Hard,Ethan Quinn,Otto Virtanen,3-6 6-2 6-3,1st Round Qualifying ,100,0,0,0,0,0,0,0,0,0,0,0,0,0,0,0,0,0,0,0,0,0,0,0
2026-monte-carlo-4,monte-carlo,Hard,David Goffin,Ignacio Buse,2-6 6-3 6-3,1st Round Qualifying ,100,0,0,0,0,0,0,0,0,0,0,0,0,0,0,0,0,0,0,0,0,0,0,0
2026-monte-carlo-4,monte-carlo,Hard,Juan Manuel Cerundolo,Hugo Nys,6-3 6-3,1st Round Qualifying ,100,0,0,0,0,0,0,0,0,0,0,0,0,0,0,0,0,0,0,0,0,0,0,0
2026-monte-carlo-4,monte-carlo,Hard,Matteo Arnaldi,Vit Kopriva,2-6 6-3 6-2,1st Round Qualifying ,100,0,0,0,0,0,0,0,0,0,0,0,0,0,0,0,0,0,0,0,0,0,0,0
2026-monte-carlo-4,monte-carlo,Hard,Damir Dzumhur,Nicolai Budkov Kjaer,7-6 7-4,1st Round Qualifying ,100,0,0,0,0,0,0,0,0,0,0,0,0,0,0,0,0,0,0,0,0,0,0,0
2026-monte-carlo-4,monte-carlo,Hard,Nikoloz Basilashvili,Jan-Lennard Struff,6-3 6-3,1st Round Qualifying ,100,0,0,0,0,0,0,0,0,0,0,0,0,0,0,0,0,0,0,0,0,0,0,0
2026-monte-carlo-4,monte-carlo,Hard,Alexander Shevchenko,Andrea Pellegrino,6-0,1st Round Qualifying ,100,0,0,0,0,0,0,0,0,0,0,0,0,0,0,0,0,0,0,0,0,0,0,0
2026-monte-carlo-4,monte-carlo,Hard,Roberto Bautista Agut,Benjamin Bonzi,6-4 6-3,1st Round Qualifying ,100,0,0,0,0,0,0,0,0,0,0,0,0,0,0,0,0,0,0,0,0,0,0,0
2026-monte-carlo-4,monte-carlo,Hard,Pedro Martinez,Aleksandar Vukic,6-2 6-4,1st Round Qualifying ,100,0,0,0,0,0,0,0,0,0,0,0,0,0,0,0,0,0,0,0,0,0,0,0
2026-monte-carlo-4,monte-carlo,Hard,Francisco Comesana,Romain Arneodo,6-2 6-1,1st Round Qualifying ,100,0,0,0,0,0,0,0,0,0,0,0,0,0,0,0,0,0,0,0,0,0,0,0
2026-monte-carlo-4,monte-carlo,Hard,Emilio Nava,Quentin Halys,6-4 6-4,1st Round Qualifying ,100,0,0,0,0,0,0,0,0,0,0,0,0,0,0,0,0,0,0,0,0,0,0,0
2026-monte-carlo-4,monte-carlo,Hard,Alexander Blockx,Francesco Maestrelli,7-6 6-3,1st Round Qualifying ,100,0,0,0,0,0,0,0,0,0,0,0,0,0,0,0,0,0,0,0,0,0,0,0
2026-monte-carlo-4,monte-carlo,Hard,Alexandre Muller,Jan Choinski,7-6 6-1,1st Round Qualifying ,100,0,0,0,0,0,0,0,0,0,0,0,0,0,0,0,0,0,0,0,0,0,0,0
2026-monte-carlo-4,monte-carlo,Hard,Cristian Garin,Jesper de Jong,7-5 1-6 6-1,1st Round Qualifying ,100,0,0,0,0,0,0,0,0,0,0,0,0,0,0,0,0,0,0,0,0,0,0,0
2026-barcelona-5,barcelona,Hard,Arthur Fils,Andrey Rublev,6-2 7-6,Final ,100,0,0,0,0,0,0,0,0,0,0,0,0,0,0,0,0,0,0,0,0,0,0,0
2026-barcelona-5,barcelona,Hard,Andrey Rublev,Hamad Medjedovic,3-6 6-2 6-2,Semifinals ,100,0,0,0,0,0,0,0,0,0,0,0,0,0,0,0,0,0,0,0,0,0,0,0
2026-barcelona-5,barcelona,Hard,Arthur Fils,Rafael Jodar,3-6 6-3 6-2,Semifinals ,100,0,0,0,0,0,0,0,0,0,0,0,0,0,0,0,0,0,0,0,0,0,0,0
2026-barcelona-5,barcelona,Hard,Arthur Fils,Lorenzo Musetti,6-3 6-4,Quarterfinals ,100,0,0,0,0,0,0,0,0,0,0,0,0,0,0,0,0,0,0,0,0,0,0,0
2026-barcelona-5,barcelona,Hard,Andrey Rublev,Tomas Machac,6-4 6-3,Quarterfinals ,100,0,0,0,0,0,0,0,0,0,0,0,0,0,0,0,0,0,0,0,0,0,0,0
2026-barcelona-5,barcelona,Hard,Rafael Jodar,Cameron Norrie,6-3 6-2,Quarterfinals ,100,0,0,0,0,0,0,0,0,0,0,0,0,0,0,0,0,0,0,0,0,0,0,0
2026-barcelona-5,barcelona,Hard,Hamad Medjedovic,Nuno Borges,7-6 6-6,Quarterfinals ,100,0,0,0,0,0,0,0,0,0,0,0,0,0,0,0,0,0,0,0,0,0,0,0
2026-barcelona-5,barcelona,Hard,Lorenzo Musetti,Corentin Moutet,6-3 6-4,Round of 16 ,100,0,0,0,0,0,0,0,0,0,0,0,0,0,0,0,0,0,0,0,0,0,0,0
2026-barcelona-5,barcelona,Hard,Andrey Rublev,Lorenzo Sonego,6-2 6-3,Round of 16 ,100,0,0,0,0,0,0,0,0,0,0,0,0,0,0,0,0,0,0,0,0,0,0,0
2026-barcelona-5,barcelona,Hard,Arthur Fils,Brandon Nakashima,6-2 6-3,Round of 16 ,100,0,0,0,0,0,0,0,0,0,0,0,0,0,0,0,0,0,0,0,0,0,0,0
2026-barcelona-5,barcelona,Hard,Hamad Medjedovic,Alex de Minaur,6-3 6-4,Round of 16 ,100,0,0,0,0,0,0,0,0,0,0,0,0,0,0,0,0,0,0,0,0,0,0,0
2026-barcelona-5,barcelona,Hard,Cameron Norrie,Ethan Quinn,6-3 4-6 6-4,Round of 16 ,100,0,0,0,0,0,0,0,0,0,0,0,0,0,0,0,0,0,0,0,0,0,0,0
2026-barcelona-5,barcelona,Hard,Nuno Borges,Tomas Martin Etcheverry,6-3 7-6,Round of 16 ,100,0,0,0,0,0,0,0,0,0,0,0,0,0,0,0,0,0,0,0,0,0,0,0
2026-barcelona-5,barcelona,Hard,Rafael Jodar,Camilo Ugo Carabelli,6-3 6-3,Round of 16 ,100,0,0,0,0,0,0,0,0,0,0,0,0,0,0,0,0,0,0,0,0,0,0,0
2026-barcelona-5,barcelona,Hard,Tomas Machac,Carlos Alcaraz,,Round of 16 ,100,0,0,0,0,0,0,0,0,0,0,0,0,0,0,0,0,0,0,0,0,0,0,0
2026-barcelona-5,barcelona,Hard,Carlos Alcaraz,Otto Virtanen,6-4 6-2,Round of 32 ,100,0,0,0,0,0,0,0,0,0,0,0,0,0,0,0,0,0,0,0,0,0,0,0
2026-barcelona-5,barcelona,Hard,Lorenzo Musetti,Martin Landaluce,7-5 6-2,Round of 32 ,100,0,0,0,0,0,0,0,0,0,0,0,0,0,0,0,0,0,0,0,0,0,0,0
2026-barcelona-5,barcelona,Hard,Alex de Minaur,Sebastian Ofner,7-6 6-7,Round of 32 ,100,0,0,0,0,0,0,0,0,0,0,0,0,0,0,0,0,0,0,0,0,0,0,0
2026-barcelona-5,barcelona,Hard,Camilo Ugo Carabelli,Karen Khachanov,6-3 6-4,Round of 32 ,100,0,0,0,0,0,0,0,0,0,0,0,0,0,0,0,0,0,0,0,0,0,0,0
2026-barcelona-5,barcelona,Hard,Andrey Rublev,Mariano Navone,6-4 7-5,Round of 32 ,100,0,0,0,0,0,0,0,0,0,0,0,0,0,0,0,0,0,0,0,0,0,0,0
2026-barcelona-5,barcelona,Hard,Arthur Fils,Terence Atmane,4-6 6-4 7-6,Round of 32 ,100,0,0,0,0,0,0,0,0,0,0,0,0,0,0,0,0,0,0,0,0,0,0,0
2026-barcelona-5,barcelona,Hard,Tomas Machac,Sebastian Baez,2-6 6-4 6-1,Round of 32 ,100,0,0,0,0,0,0,0,0,0,0,0,0,0,0,0,0,0,0,0,0,0,0,0
2026-barcelona-5,barcelona,Hard,Brandon Nakashima,Juan Manuel Cerundolo,6-3 7-5,Round of 32 ,100,0,0,0,0,0,0,0,0,0,0,0,0,0,0,0,0,0,0,0,0,0,0,0
2026-barcelona-5,barcelona,Hard,Lorenzo Sonego,Pedro Martinez,6-2 2-6 6-4,Round of 32 ,100,0,0,0,0,0,0,0,0,0,0,0,0,0,0,0,0,0,0,0,0,0,0,0
2026-barcelona-5,barcelona,Hard,Cameron Norrie,Stan Wawrinka,6-4 6-7 5-4,Round of 32 ,100,0,0,0,0,0,0,0,0,0,0,0,0,0,0,0,0,0,0,0,0,0,0,0
2026-barcelona-5,barcelona,Hard,Tomas Martin Etcheverry,Jack Draper,3-6 6-3 4-1,Round of 32 ,100,0,0,0,0,0,0,0,0,0,0,0,0,0,0,0,0,0,0,0,0,0,0,0
2026-barcelona-5,barcelona,Hard,Nuno Borges,Adrian Mannarino,6-3 6-4,Round of 32 ,100,0,0,0,0,0,0,0,0,0,0,0,0,0,0,0,0,0,0,0,0,0,0,0
2026-barcelona-5,barcelona,Hard,Rafael Jodar,Jaume Munar,6-1 6-2,Round of 32 ,100,0,0,0,0,0,0,0,0,0,0,0,0,0,0,0,0,0,0,0,0,0,0,0
2026-barcelona-5,barcelona,Hard,Hamad Medjedovic,Marco Trungelliti,7-5 6-4,Round of 32 ,100,0,0,0,0,0,0,0,0,0,0,0,0,0,0,0,0,0,0,0,0,0,0,0
2026-barcelona-5,barcelona,Hard,Corentin Moutet,Ignacio Buse,6-4 6-4,Round of 32 ,100,0,0,0,0,0,0,0,0,0,0,0,0,0,0,0,0,0,0,0,0,0,0,0
2026-barcelona-5,barcelona,Hard,Ethan Quinn,Reilly Opelka,7-5 7-6,Round of 32 ,100,0,0,0,0,0,0,0,0,0,0,0,0,0,0,0,0,0,0,0,0,0,0,0
2026-barcelona-5,barcelona,Hard,Ethan Quinn,Daniel Merida,6-3 6-1,2nd Round Qualifying ,100,0,0,0,0,0,0,0,0,0,0,0,0,0,0,0,0,0,0,0,0,0,0,0
2026-barcelona-5,barcelona,Hard,Juan Manuel Cerundolo,Jesper de Jong,6-4 6-4,2nd Round Qualifying ,100,0,0,0,0,0,0,0,0,0,0,0,0,0,0,0,0,0,0,0,0,0,0,0
2026-barcelona-5,barcelona,Hard,Pedro Martinez,Marco Trungelliti,5-7 7-6 6-5,2nd Round Qualifying ,100,0,0,0,0,0,0,0,0,0,0,0,0,0,0,0,0,0,0,0,0,0,0,0
2026-barcelona-5,barcelona,Hard,Sebastian Ofner,Patrick Kypson,6-4 6-4,2nd Round Qualifying ,100,0,0,0,0,0,0,0,0,0,0,0,0,0,0,0,0,0,0,0,0,0,0,0
2026-barcelona-5,barcelona,Hard,Hamad Medjedovic,Quentin Halys,6-2 3-6 7-6,2nd Round Qualifying ,100,0,0,0,0,0,0,0,0,0,0,0,0,0,0,0,0,0,0,0,0,0,0,0
2026-barcelona-5,barcelona,Hard,Otto Virtanen,Alexandre Muller,6-4 6-4,2nd Round Qualifying ,100,0,0,0,0,0,0,0,0,0,0,0,0,0,0,0,0,0,0,0,0,0,0,0
2026-barcelona-5,barcelona,Hard,Ethan Quinn,Nikoloz Basilashvili,2-6 7-6 6-9,1st Round Qualifying ,100,0,0,0,0,0,0,0,0,0,0,0,0,0,0,0,0,0,0,0,0,0,0,0
2026-barcelona-5,barcelona,Hard,Juan Manuel Cerundolo,Giulio Zeppieri,6-1 7-5,1st Round Qualifying ,100,0,0,0,0,0,0,0,0,0,0,0,0,0,0,0,0,0,0,0,0,0,0,0
2026-barcelona-5,barcelona,Hard,Marco Trungelliti,Nicolai Budkov Kjaer,6-4 4-6 6-4,1st Round Qualifying ,100,0,0,0,0,0,0,0,0,0,0,0,0,0,0,0,0,0,0,0,0,0,0,0
2026-barcelona-5,barcelona,Hard,Sebastian Ofner,Alejo Sanchez Quilez,6-4 6-4,1st Round Qualifying ,100,0,0,0,0,0,0,0,0,0,0,0,0,0,0,0,0,0,0,0,0,0,0,0
2026-barcelona-5,barcelona,Hard,Hamad Medjedovic,Vilius Gaubas,7-6 6-13,1st Round Qualifying ,100,0,0,0,0,0,0,0,0,0,0,0,0,0,0,0,0,0,0,0,0,0,0,0
2026-barcelona-5,barcelona,Hard,Otto Virtanen,Aleksandar Vukic,6-3 6-7 7-4,1st Round Qualifying ,100,0,0,0,0,0,0,0,0,0,0,0,0,0,0,0,0,0,0,0,0,0,0,0
2026-barcelona-5,barcelona,Hard,Alexandre Muller,Max Alcala Gurri,6-2 6-2,1st Round Qualifying ,100,0,0,0,0,0,0,0,0,0,0,0,0,0,0,0,0,0,0,0,0,0,0,0
2026-barcelona-5,barcelona,Hard,Quentin Halys,Matteo Arnaldi,6-1 6-7 1-6 7-2,1st Round Qualifying ,100,0,0,0,0,0,0,0,0,0,0,0,0,0,0,0,0,0,0,0,0,0,0,0
2026-barcelona-5,barcelona,Hard,Pedro Martinez,Pablo Carreno Busta,6-3 4-3,1st Round Qualifying ,100,0,0,0,0,0,0,0,0,0,0,0,0,0,0,0,0,0,0,0,0,0,0,0
2026-barcelona-5,barcelona,Hard,Patrick Kypson,Arthur Gea,6-1 6-4,1st Round Qualifying ,100,0,0,0,0,0,0,0,0,0,0,0,0,0,0,0,0,0,0,0,0,0,0,0
2026-barcelona-5,barcelona,Hard,Daniel Merida,Francesco Maestrelli,7-5 6-4,1st Round Qualifying ,100,0,0,0,0,0,0,0,0,0,0,0,0,0,0,0,0,0,0,0,0,0,0,0
2026-barcelona-5,barcelona,Hard,Jesper de Jong,Benjamin Bonzi,6-4 6-1,1st Round Qualifying ,100,0,0,0,0,0,0,0,0,0,0,0,0,0,0,0,0,0,0,0,0,0,0,0
2026-munich-6,munich,Hard,Ben Shelton,Flavio Cobolli,6-2 7-5,Final ,100,0,0,0,0,0,0,0,0,0,0,0,0,0,0,0,0,0,0,0,0,0,0,0
2026-munich-6,munich,Hard,Flavio Cobolli,Alexander Zverev,6-3 6-3,Semifinals ,100,0,0,0,0,0,0,0,0,0,0,0,0,0,0,0,0,0,0,0,0,0,0,0
2026-munich-6,munich,Hard,Ben Shelton,Alex Molcan,6-3 6-4,Semifinals ,100,0,0,0,0,0,0,0,0,0,0,0,0,0,0,0,0,0,0,0,0,0,0,0
2026-munich-6,munich,Hard,Alexander Zverev,Francisco Cerundolo,5-7 6-0 6-2,Quarterfinals ,100,0,0,0,0,0,0,0,0,0,0,0,0,0,0,0,0,0,0,0,0,0,0,0
2026-munich-6,munich,Hard,Ben Shelton,Joao Fonseca,6-3 3-6 6-3,Quarterfinals ,100,0,0,0,0,0,0,0,0,0,0,0,0,0,0,0,0,0,0,0,0,0,0,0
2026-munich-6,munich,Hard,Flavio Cobolli,Vit Kopriva,6-3 6-2,Quarterfinals ,100,0,0,0,0,0,0,0,0,0,0,0,0,0,0,0,0,0,0,0,0,0,0,0
2026-munich-6,munich,Hard,Alex Molcan,Denis Shapovalov,6-4 6-4,Quarterfinals ,100,0,0,0,0,0,0,0,0,0,0,0,0,0,0,0,0,0,0,0,0,0,0,0
2026-munich-6,munich,Hard,Alexander Zverev,Gabriel Diallo,6-1 6-2,Round of 16 ,100,0,0,0,0,0,0,0,0,0,0,0,0,0,0,0,0,0,0,0,0,0,0,0
2026-munich-6,munich,Hard,Francisco Cerundolo,Botic van de Zandschulp,6-3 6-0,Round of 16 ,100,0,0,0,0,0,0,0,0,0,0,0,0,0,0,0,0,0,0,0,0,0,0,0
2026-munich-6,munich,Hard,Alex Molcan,Daniel Altmaier,6-4 7-6,Round of 16 ,100,0,0,0,0,0,0,0,0,0,0,0,0,0,0,0,0,0,0,0,0,0,0,0
2026-munich-6,munich,Hard,Denis Shapovalov,Fabian Marozsan,7-6 6-4,Round of 16 ,100,0,0,0,0,0,0,0,0,0,0,0,0,0,0,0,0,0,0,0,0,0,0,0
2026-munich-6,munich,Hard,Ben Shelton,Alexander Blockx,6-4 7-6,Round of 16 ,100,0,0,0,0,0,0,0,0,0,0,0,0,0,0,0,0,0,0,0,0,0,0,0
2026-munich-6,munich,Hard,Flavio Cobolli,Zizou Bergs,6-2 6-3,Round of 16 ,100,0,0,0,0,0,0,0,0,0,0,0,0,0,0,0,0,0,0,0,0,0,0,0
2026-munich-6,munich,Hard,Vit Kopriva,Luciano Darderi,2-6 6-4 6-1,Round of 16 ,100,0,0,0,0,0,0,0,0,0,0,0,0,0,0,0,0,0,0,0,0,0,0,0
2026-munich-6,munich,Hard,Joao Fonseca,Arthur Rinderknech,6-3 6-2,Round of 16 ,100,0,0,0,0,0,0,0,0,0,0,0,0,0,0,0,0,0,0,0,0,0,0,0
2026-munich-6,munich,Hard,Alexander Zverev,Miomir Kecmanovic,6-3 3-6 7-6,Round of 32 ,100,0,0,0,0,0,0,0,0,0,0,0,0,0,0,0,0,0,0,0,0,0,0,0
2026-munich-6,munich,Hard,Alex Molcan,Alexander Bublik,6-4 6-2,Round of 32 ,100,0,0,0,0,0,0,0,0,0,0,0,0,0,0,0,0,0,0,0,0,0,0,0
2026-munich-6,munich,Hard,Flavio Cobolli,Diego Dedura,6-4 7-5,Round of 32 ,100,0,0,0,0,0,0,0,0,0,0,0,0,0,0,0,0,0,0,0,0,0,0,0
2026-munich-6,munich,Hard,Luciano Darderi,Zhizhen Zhang,7-6 3-5 6-6,Round of 32 ,100,0,0,0,0,0,0,0,0,0,0,0,0,0,0,0,0,0,0,0,0,0,0,0
2026-munich-6,munich,Hard,Denis Shapovalov,Tallon Griekspoor,6-4 3-6 6-2,Round of 32 ,100,0,0,0,0,0,0,0,0,0,0,0,0,0,0,0,0,0,0,0,0,0,0,0
2026-munich-6,munich,Hard,Daniel Altmaier,Marin Cilic,6-2 6-3,Round of 32 ,100,0,0,0,0,0,0,0,0,0,0,0,0,0,0,0,0,0,0,0,0,0,0,0
2026-munich-6,munich,Hard,Zizou Bergs,Marko Topo,6-1 6-4,Round of 32 ,100,0,0,0,0,0,0,0,0,0,0,0,0,0,0,0,0,0,0,0,0,0,0,0
2026-munich-6,munich,Hard,Joao Fonseca,Alejandro Tabilo,7-6 6-1,Round of 32 ,100,0,0,0,0,0,0,0,0,0,0,0,0,0,0,0,0,0,0,0,0,0,0,0
2026-munich-6,munich,Hard,Vit Kopriva,Justin Engel,6-3 5-7 6-2,Round of 32 ,100,0,0,0,0,0,0,0,0,0,0,0,0,0,0,0,0,0,0,0,0,0,0,0
2026-munich-6,munich,Hard,Fabian Marozsan,Stefanos Tsitsipas,3-6 7-6 6-5,Round of 32 ,100,0,0,0,0,0,0,0,0,0,0,0,0,0,0,0,0,0,0,0,0,0,0,0
2026-munich-6,munich,Hard,Ben Shelton,Emilio Nava,7-6 3-4 6-6,Round of 32 ,100,0,0,0,0,0,0,0,0,0,0,0,0,0,0,0,0,0,0,0,0,0,0,0
2026-munich-6,munich,Hard,Francisco Cerundolo,Sumit Nagal,6-2 6-2,Round of 32 ,100,0,0,0,0,0,0,0,0,0,0,0,0,0,0,0,0,0,0,0,0,0,0,0
2026-munich-6,munich,Hard,Arthur Rinderknech,Alex Michelsen,6-3 6-3,Round of 32 ,100,0,0,0,0,0,0,0,0,0,0,0,0,0,0,0,0,0,0,0,0,0,0,0
2026-munich-6,munich,Hard,Alexander Blockx,Yannick Hanfmann,7-6 6-2,Round of 32 ,100,0,0,0,0,0,0,0,0,0,0,0,0,0,0,0,0,0,0,0,0,0,0,0
2026-munich-6,munich,Hard,Gabriel Diallo,Vitaliy Sachko,6-1 6-2,Round of 32 ,100,0,0,0,0,0,0,0,0,0,0,0,0,0,0,0,0,0,0,0,0,0,0,0
2026-munich-6,munich,Hard,Botic van de Zandschulp,Marc-Andrea Huesler,7-6 6-7,Round of 32 ,100,0,0,0,0,0,0,0,0,0,0,0,0,0,0,0,0,0,0,0,0,0,0,0
2026-munich-6,munich,Hard,Alex Molcan,Emilio Nava,6-1 7-6,2nd Round Qualifying ,100,0,0,0,0,0,0,0,0,0,0,0,0,0,0,0,0,0,0,0,0,0,0,0
2026-munich-6,munich,Hard,Diego Dedura,Sumit Nagal,6-7 8-3 6-3,2nd Round Qualifying ,100,0,0,0,0,0,0,0,0,0,0,0,0,0,0,0,0,0,0,0,0,0,0,0
2026-munich-6,munich,Hard,Marc-Andrea Huesler,Marko Topo,6-0 6-1,2nd Round Qualifying ,100,0,0,0,0,0,0,0,0,0,0,0,0,0,0,0,0,0,0,0,0,0,0,0
2026-munich-6,munich,Hard,Vitaliy Sachko,Max Hans Rehberg,6-2 7-6,2nd Round Qualifying ,100,0,0,0,0,0,0,0,0,0,0,0,0,0,0,0,0,0,0,0,0,0,0,0
2026-munich-6,munich,Hard,Diego Dedura,Alexander Shevchenko,6-3 7-6,1st Round Qualifying ,100,0,0,0,0,0,0,0,0,0,0,0,0,0,0,0,0,0,0,0,0,0,0,0
2026-munich-6,munich,Hard,Vitaliy Sachko,Damir Dzumhur,7-5 6-4,1st Round Qualifying ,100,0,0,0,0,0,0,0,0,0,0,0,0,0,0,0,0,0,0,0,0,0,0,0
2026-munich-6,munich,Hard,Emilio Nava,David Goffin,6-4 6-2,1st Round Qualifying ,100,0,0,0,0,0,0,0,0,0,0,0,0,0,0,0,0,0,0,0,0,0,0,0
2026-munich-6,munich,Hard,Marc-Andrea Huesler,Jan Choinski,6-4 4-6 6-4,1st Round Qualifying ,100,0,0,0,0,0,0,0,0,0,0,0,0,0,0,0,0,0,0,0,0,0,0,0
2026-munich-6,munich,Hard,Marko Topo,Ugo Blanchet,6-3 6-4,1st Round Qualifying ,100,0,0,0,0,0,0,0,0,0,0,0,0,0,0,0,0,0,0,0,0,0,0,0
2026-munich-6,munich,Hard,Alex Molcan,Roberto Carballes Baena,0-6 6-3 6-4,1st Round Qualifying ,100,0,0,0,0,0,0,0,0,0,0,0,0,0,0,0,0,0,0,0,0,0,0,0
2026-munich-6,munich,Hard,Max Hans Rehberg,Arthur Fery,6-2 7-6,1st Round Qualifying ,100,0,0,0,0,0,0,0,0,0,0,0,0,0,0,0,0,0,0,0,0,0,0,0
2026-munich-6,munich,Hard,Sumit Nagal,Lorenzo Giustino,1-6 6-3,1st Round Qualifying ,100,0,0,0,0,0,0,0,0,0,0,0,0,0,0,0,0,0,0,0,0,0,0,0
2026-madrid-7,madrid,Hard,Jannik Sinner,Alexander Zverev,6-1 6-2,Final ,100,0,0,0,0,0,0,0,0,0,0,0,0,0,0,0,0,0,0,0,0,0,0,0
2026-madrid-7,madrid,Hard,Jannik Sinner,Arthur Fils,6-2 6-4,Semifinals ,100,0,0,0,0,0,0,0,0,0,0,0,0,0,0,0,0,0,0,0,0,0,0,0
2026-madrid-7,madrid,Hard,Alexander Zverev,Alexander Blockx,6-2 7-5,Semifinals ,100,0,0,0,0,0,0,0,0,0,0,0,0,0,0,0,0,0,0,0,0,0,0,0
2026-madrid-7,madrid,Hard,Alexander Zverev,Flavio Cobolli,6-1 6-4,Quarterfinals ,100,0,0,0,0,0,0,0,0,0,0,0,0,0,0,0,0,0,0,0,0,0,0,0
2026-madrid-7,madrid,Hard,Alexander Blockx,Casper Ruud,6-4 6-4,Quarterfinals ,100,0,0,0,0,0,0,0,0,0,0,0,0,0,0,0,0,0,0,0,0,0,0,0
2026-madrid-7,madrid,Hard,Jannik Sinner,Rafael Jodar,6-2 7-6,Quarterfinals ,100,0,0,0,0,0,0,0,0,0,0,0,0,0,0,0,0,0,0,0,0,0,0,0
2026-madrid-7,madrid,Hard,Arthur Fils,Jiri Lehecka,6-3 6-4,Quarterfinals ,100,0,0,0,0,0,0,0,0,0,0,0,0,0,0,0,0,0,0,0,0,0,0,0
2026-madrid-7,madrid,Hard,Jannik Sinner,Cameron Norrie,6-2 7-5,Round of 16 ,100,0,0,0,0,0,0,0,0,0,0,0,0,0,0,0,0,0,0,0,0,0,0,0
2026-madrid-7,madrid,Hard,Alexander Zverev,Jakub Mensik,6-4 6-7 4-3,Round of 16 ,100,0,0,0,0,0,0,0,0,0,0,0,0,0,0,0,0,0,0,0,0,0,0,0
2026-madrid-7,madrid,Hard,Jiri Lehecka,Lorenzo Musetti,6-3 6-3,Round of 16 ,100,0,0,0,0,0,0,0,0,0,0,0,0,0,0,0,0,0,0,0,0,0,0,0
2026-madrid-7,madrid,Hard,Flavio Cobolli,Daniil Medvedev,6-3 5-7 6-4,Round of 16 ,100,0,0,0,0,0,0,0,0,0,0,0,0,0,0,0,0,0,0,0,0,0,0,0
2026-madrid-7,madrid,Hard,Casper Ruud,Stefanos Tsitsipas,6-7 4-6 7-2 7-6,Round of 16 ,100,0,0,0,0,0,0,0,0,0,0,0,0,0,0,0,0,0,0,0,0,0,0,0
2026-madrid-7,madrid,Hard,Alexander Blockx,Francisco Cerundolo,7-6 6-8,Round of 16 ,100,0,0,0,0,0,0,0,0,0,0,0,0,0,0,0,0,0,0,0,0,0,0,0
2026-madrid-7,madrid,Hard,Arthur Fils,Tomas Martin Etcheverry,6-3 6-4,Round of 16 ,100,0,0,0,0,0,0,0,0,0,0,0,0,0,0,0,0,0,0,0,0,0,0,0
2026-madrid-7,madrid,Hard,Rafael Jodar,Vit Kopriva,7-5 6-0,Round of 16 ,100,0,0,0,0,0,0,0,0,0,0,0,0,0,0,0,0,0,0,0,0,0,0,0
2026-madrid-7,madrid,Hard,Alexander Zverev,Terence Atmane,6-3 7-6,Round of 32 ,100,0,0,0,0,0,0,0,0,0,0,0,0,0,0,0,0,0,0,0,0,0,0,0
2026-madrid-7,madrid,Hard,Alexander Blockx,Felix Auger-Aliassime,7-6 6-3,Round of 32 ,100,0,0,0,0,0,0,0,0,0,0,0,0,0,0,0,0,0,0,0,0,0,0,0
2026-madrid-7,madrid,Hard,Daniil Medvedev,Nicolai Budkov Kjaer,6-3 6-2,Round of 32 ,100,0,0,0,0,0,0,0,0,0,0,0,0,0,0,0,0,0,0,0,0,0,0,0
2026-madrid-7,madrid,Hard,Flavio Cobolli,Adolfo Daniel Vallejo,6-3 6-2,Round of 32 ,100,0,0,0,0,0,0,0,0,0,0,0,0,0,0,0,0,0,0,0,0,0,0,0
2026-madrid-7,madrid,Hard,Casper Ruud,Alejandro Davidovich Fokina,6-3 6-1,Round of 32 ,100,0,0,0,0,0,0,0,0,0,0,0,0,0,0,0,0,0,0,0,0,0,0,0
2026-madrid-7,madrid,Hard,Jakub Mensik,Karen Khachanov,6-4 7-6,Round of 32 ,100,0,0,0,0,0,0,0,0,0,0,0,0,0,0,0,0,0,0,0,0,0,0,0
2026-madrid-7,madrid,Hard,Francisco Cerundolo,Luciano Darderi,6-2 6-3,Round of 32 ,100,0,0,0,0,0,0,0,0,0,0,0,0,0,0,0,0,0,0,0,0,0,0,0
2026-madrid-7,madrid,Hard,Stefanos Tsitsipas,Daniel Merida,6-4 6-2,Round of 32 ,100,0,0,0,0,0,0,0,0,0,0,0,0,0,0,0,0,0,0,0,0,0,0,0
2026-madrid-7,madrid,Hard,Jannik Sinner,Elmer Moller,6-2 6-3,Round of 32 ,100,0,0,0,0,0,0,0,0,0,0,0,0,0,0,0,0,0,0,0,0,0,0,0
2026-madrid-7,madrid,Hard,Lorenzo Musetti,Tallon Griekspoor,6-4 7-5,Round of 32 ,100,0,0,0,0,0,0,0,0,0,0,0,0,0,0,0,0,0,0,0,0,0,0,0
2026-madrid-7,madrid,Hard,Jiri Lehecka,Alex Michelsen,6-4 6-2,Round of 32 ,100,0,0,0,0,0,0,0,0,0,0,0,0,0,0,0,0,0,0,0,0,0,0,0
2026-madrid-7,madrid,Hard,Cameron Norrie,Thiago Agustin Tirante,7-5 7-6,Round of 32 ,100,0,0,0,0,0,0,0,0,0,0,0,0,0,0,0,0,0,0,0,0,0,0,0
2026-madrid-7,madrid,Hard,Arthur Fils,Emilio Nava,7-6 6-2,Round of 32 ,100,0,0,0,0,0,0,0,0,0,0,0,0,0,0,0,0,0,0,0,0,0,0,0
2026-madrid-7,madrid,Hard,Vit Kopriva,Arthur Rinderknech,6-4 3-6,Round of 32 ,100,0,0,0,0,0,0,0,0,0,0,0,0,0,0,0,0,0,0,0,0,0,0,0
2026-madrid-7,madrid,Hard,Tomas Martin Etcheverry,Dino Prizmic,2-6 6-4 6-3,Round of 32 ,100,0,0,0,0,0,0,0,0,0,0,0,0,0,0,0,0,0,0,0,0,0,0,0
2026-madrid-7,madrid,Hard,Rafael Jodar,Joao Fonseca,7-6 4-4 6-6,Round of 32 ,100,0,0,0,0,0,0,0,0,0,0,0,0,0,0,0,0,0,0,0,0,0,0,0
2026-madrid-7,madrid,Hard,Alexander Zverev,Mariano Navone,6-1 3-6 6-3,Round of 64 ,100,0,0,0,0,0,0,0,0,0,0,0,0,0,0,0,0,0,0,0,0,0,0,0
2026-madrid-7,madrid,Hard,Felix Auger-Aliassime,Vilius Gaubas,6-3 6-4,Round of 64 ,100,0,0,0,0,0,0,0,0,0,0,0,0,0,0,0,0,0,0,0,0,0,0,0
2026-madrid-7,madrid,Hard,Daniil Medvedev,Fabian Marozsan,6-2 6-7 3-4,Round of 64 ,100,0,0,0,0,0,0,0,0,0,0,0,0,0,0,0,0,0,0,0,0,0,0,0
2026-madrid-7,madrid,Hard,Stefanos Tsitsipas,Alexander Bublik,6-2 7-5,Round of 64 ,100,0,0,0,0,0,0,0,0,0,0,0,0,0,0,0,0,0,0,0,0,0,0,0
2026-madrid-7,madrid,Hard,Flavio Cobolli,Camilo Ugo Carabelli,6-7 7-1 6-4,Round of 64 ,100,0,0,0,0,0,0,0,0,0,0,0,0,0,0,0,0,0,0,0,0,0,0,0
2026-madrid-7,madrid,Hard,Casper Ruud,Jaume Munar,6-0 6-1,Round of 64 ,100,0,0,0,0,0,0,0,0,0,0,0,0,0,0,0,0,0,0,0,0,0,0,0
2026-madrid-7,madrid,Hard,Karen Khachanov,Adam Walton,6-2 6-3,Round of 64 ,100,0,0,0,0,0,0,0,0,0,0,0,0,0,0,0,0,0,0,0,0,0,0,0
2026-madrid-7,madrid,Hard,Francisco Cerundolo,Yannick Hanfmann,6-1 7-5,Round of 64 ,100,0,0,0,0,0,0,0,0,0,0,0,0,0,0,0,0,0,0,0,0,0,0,0
2026-madrid-7,madrid,Hard,Adolfo Daniel Vallejo,Learner Tien,6-4 6-3,Round of 64 ,100,0,0,0,0,0,0,0,0,0,0,0,0,0,0,0,0,0,0,0,0,0,0,0
2026-madrid-7,madrid,Hard,Luciano Darderi,Juan Manuel Cerundolo,6-1 6-3,Round of 64 ,100,0,0,0,0,0,0,0,0,0,0,0,0,0,0,0,0,0,0,0,0,0,0,0
2026-madrid-7,madrid,Hard,Alejandro Davidovich Fokina,Pablo Carreno Busta,6-3 6-3,Round of 64 ,100,0,0,0,0,0,0,0,0,0,0,0,0,0,0,0,0,0,0,0,0,0,0,0
2026-madrid-7,madrid,Hard,Jakub Mensik,Martin Damm,6-3 6-4,Round of 64 ,100,0,0,0,0,0,0,0,0,0,0,0,0,0,0,0,0,0,0,0,0,0,0,0
2026-madrid-7,madrid,Hard,Daniel Merida,Corentin Moutet,6-3 6-4,Round of 64 ,100,0,0,0,0,0,0,0,0,0,0,0,0,0,0,0,0,0,0,0,0,0,0,0
2026-madrid-7,madrid,Hard,Alexander Blockx,Brandon Nakashima,3-6 6-3 6-4,Round of 64 ,100,0,0,0,0,0,0,0,0,0,0,0,0,0,0,0,0,0,0,0,0,0,0,0
2026-madrid-7,madrid,Hard,Terence Atmane,Ugo Humbert,7-6 7-3,Round of 64 ,100,0,0,0,0,0,0,0,0,0,0,0,0,0,0,0,0,0,0,0,0,0,0,0
2026-madrid-7,madrid,Hard,Nicolai Budkov Kjaer,Denis Shapovalov,6-2 6-1,Round of 64 ,100,0,0,0,0,0,0,0,0,0,0,0,0,0,0,0,0,0,0,0,0,0,0,0
2026-madrid-7,madrid,Hard,Jannik Sinner,Benjamin Bonzi,6-7 6-1 6-4,Round of 64 ,100,0,0,0,0,0,0,0,0,0,0,0,0,0,0,0,0,0,0,0,0,0,0,0
2026-madrid-7,madrid,Hard,Dino Prizmic,Ben Shelton,6-4 6-7 4-6 7-5,Round of 64 ,100,0,0,0,0,0,0,0,0,0,0,0,0,0,0,0,0,0,0,0,0,0,0,0
2026-madrid-7,madrid,Hard,Rafael Jodar,Alex de Minaur,6-3 6-1,Round of 64 ,100,0,0,0,0,0,0,0,0,0,0,0,0,0,0,0,0,0,0,0,0,0,0,0
2026-madrid-7,madrid,Hard,Lorenzo Musetti,Hubert Hurkacz,6-4 7-6,Round of 64 ,100,0,0,0,0,0,0,0,0,0,0,0,0,0,0,0,0,0,0,0,0,0,0,0
2026-madrid-7,madrid,Hard,Vit Kopriva,Andrey Rublev,6-3 6-4,Round of 64 ,100,0,0,0,0,0,0,0,0,0,0,0,0,0,0,0,0,0,0,0,0,0,0,0
2026-madrid-7,madrid,Hard,Jiri Lehecka,Alejandro Tabilo,3-6 7-6 6-3,Round of 64 ,100,0,0,0,0,0,0,0,0,0,0,0,0,0,0,0,0,0,0,0,0,0,0,0
2026-madrid-7,madrid,Hard,Emilio Nava,Valentin Vacherot,6-7 5-6 7-1 6-3,Round of 64 ,100,0,0,0,0,0,0,0,0,0,0,0,0,0,0,0,0,0,0,0,0,0,0,0
2026-madrid-7,madrid,Hard,Thiago Agustin Tirante,Tommy Paul,7-5 6-4,Round of 64 ,100,0,0,0,0,0,0,0,0,0,0,0,0,0,0,0,0,0,0,0,0,0,0,0
2026-madrid-7,madrid,Hard,Cameron Norrie,Tomas Machac,6-2 6-7 6-6 7-5,Round of 64 ,100,0,0,0,0,0,0,0,0,0,0,0,0,0,0,0,0,0,0,0,0,0,0,0
2026-madrid-7,madrid,Hard,Arthur Fils,Ignacio Buse,6-7 4-6 7-3 7-5,Round of 64 ,100,0,0,0,0,0,0,0,0,0,0,0,0,0,0,0,0,0,0,0,0,0,0,0
2026-madrid-7,madrid,Hard,Arthur Rinderknech,Dusan Lajovic,6-3 6-2,Round of 64 ,100,0,0,0,0,0,0,0,0,0,0,0,0,0,0,0,0,0,0,0,0,0,0,0
2026-madrid-7,madrid,Hard,Tomas Martin Etcheverry,Sebastian Ofner,6-4 6-4,Round of 64 ,100,0,0,0,0,0,0,0,0,0,0,0,0,0,0,0,0,0,0,0,0,0,0,0
2026-madrid-7,madrid,Hard,Joao Fonseca,Marin Cilic,,Round of 64 ,100,0,0,0,0,0,0,0,0,0,0,0,0,0,0,0,0,0,0,0,0,0,0,0
2026-madrid-7,madrid,Hard,Tallon Griekspoor,Damir Dzumhur,6-3 6-4,Round of 64 ,100,0,0,0,0,0,0,0,0,0,0,0,0,0,0,0,0,0,0,0,0,0,0,0
2026-madrid-7,madrid,Hard,Elmer Moller,Gabriel Diallo,7-5 3-3,Round of 64 ,100,0,0,0,0,0,0,0,0,0,0,0,0,0,0,0,0,0,0,0,0,0,0,0
2026-madrid-7,madrid,Hard,Alex Michelsen,Jan-Lennard Struff,6-2 6-1,Round of 64 ,100,0,0,0,0,0,0,0,0,0,0,0,0,0,0,0,0,0,0,0,0,0,0,0
2026-madrid-7,madrid,Hard,Terence Atmane,Miomir Kecmanovic,6-4 7-5,Round of 128 ,100,0,0,0,0,0,0,0,0,0,0,0,0,0,0,0,0,0,0,0,0,0,0,0
2026-madrid-7,madrid,Hard,Alexander Blockx,Cristian Garin,4-6 7-5 7-5,Round of 128 ,100,0,0,0,0,0,0,0,0,0,0,0,0,0,0,0,0,0,0,0,0,0,0,0
2026-madrid-7,madrid,Hard,Nicolai Budkov Kjaer,Reilly Opelka,5-3,Round of 128 ,100,0,0,0,0,0,0,0,0,0,0,0,0,0,0,0,0,0,0,0,0,0,0,0
2026-madrid-7,madrid,Hard,Pablo Carreno Busta,Marton Fucsovics,4-6 7-6 6-5,Round of 128 ,100,0,0,0,0,0,0,0,0,0,0,0,0,0,0,0,0,0,0,0,0,0,0,0
2026-madrid-7,madrid,Hard,Juan Manuel Cerundolo,Daniel Altmaier,6-4 6-4,Round of 128 ,100,0,0,0,0,0,0,0,0,0,0,0,0,0,0,0,0,0,0,0,0,0,0,0
2026-madrid-7,madrid,Hard,Martin Damm,Alexei Popyrin,7-6 6-7,Round of 128 ,100,0,0,0,0,0,0,0,0,0,0,0,0,0,0,0,0,0,0,0,0,0,0,0
2026-madrid-7,madrid,Hard,Vilius Gaubas,Sebastian Baez,7-5 6-1,Round of 128 ,100,0,0,0,0,0,0,0,0,0,0,0,0,0,0,0,0,0,0,0,0,0,0,0
2026-madrid-7,madrid,Hard,Yannick Hanfmann,Marcos Giron,6-4 6-7 3-5,Round of 128 ,100,0,0,0,0,0,0,0,0,0,0,0,0,0,0,0,0,0,0,0,0,0,0,0
2026-madrid-7,madrid,Hard,Fabian Marozsan,Ethan Quinn,7-6 7-5,Round of 128 ,100,0,0,0,0,0,0,0,0,0,0,0,0,0,0,0,0,0,0,0,0,0,0,0
2026-madrid-7,madrid,Hard,Daniel Merida,Marco Trungelliti,6-4 1-6 7-6,Round of 128 ,100,0,0,0,0,0,0,0,0,0,0,0,0,0,0,0,0,0,0,0,0,0,0,0
2026-madrid-7,madrid,Hard,Jaume Munar,Aleksandr Shevchenko,6-4 6-1,Round of 128 ,100,0,0,0,0,0,0,0,0,0,0,0,0,0,0,0,0,0,0,0,0,0,0,0
2026-madrid-7,madrid,Hard,Mariano Navone,Nuno Borges,6-3 6-4,Round of 128 ,100,0,0,0,0,0,0,0,0,0,0,0,0,0,0,0,0,0,0,0,0,0,0,0
2026-madrid-7,madrid,Hard,Stefanos Tsitsipas,Patrick Kypson,3-6 7-6 7-6,Round of 128 ,100,0,0,0,0,0,0,0,0,0,0,0,0,0,0,0,0,0,0,0,0,0,0,0
2026-madrid-7,madrid,Hard,Camilo Ugo Carabelli,Gael Monfils,6-3 6-4,Round of 128 ,100,0,0,0,0,0,0,0,0,0,0,0,0,0,0,0,0,0,0,0,0,0,0,0
2026-madrid-7,madrid,Hard,Adolfo Daniel Vallejo,Grigor Dimitrov,6-4 6-4,Round of 128 ,100,0,0,0,0,0,0,0,0,0,0,0,0,0,0,0,0,0,0,0,0,0,0,0
2026-madrid-7,madrid,Hard,Adam Walton,Martin Landaluce,6-2 6-3,Round of 128 ,100,0,0,0,0,0,0,0,0,0,0,0,0,0,0,0,0,0,0,0,0,0,0,0
2026-madrid-7,madrid,Hard,Benjamin Bonzi,Titouan Droguet,6-7 4-6 7-4 6-4,Round of 128 ,100,0,0,0,0,0,0,0,0,0,0,0,0,0,0,0,0,0,0,0,0,0,0,0
2026-madrid-7,madrid,Hard,Ignacio Buse,Adrian Mannarino,6-4 6-2,Round of 128 ,100,0,0,0,0,0,0,0,0,0,0,0,0,0,0,0,0,0,0,0,0,0,0,0
2026-madrid-7,madrid,Hard,Marin Cilic,Zizou Bergs,4-6 6-3 6-4,Round of 128 ,100,0,0,0,0,0,0,0,0,0,0,0,0,0,0,0,0,0,0,0,0,0,0,0
2026-madrid-7,madrid,Hard,Damir Dzumhur,Mattia Bellucci,6-2 6-4,Round of 128 ,100,0,0,0,0,0,0,0,0,0,0,0,0,0,0,0,0,0,0,0,0,0,0,0
2026-madrid-7,madrid,Hard,Hubert Hurkacz,Jaime Faria,6-3 6-3,Round of 128 ,100,0,0,0,0,0,0,0,0,0,0,0,0,0,0,0,0,0,0,0,0,0,0,0
2026-madrid-7,madrid,Hard,Rafael Jodar,Jesper de Jong,2-6 7-5 6-4,Round of 128 ,100,0,0,0,0,0,0,0,0,0,0,0,0,0,0,0,0,0,0,0,0,0,0,0
2026-madrid-7,madrid,Hard,Vit Kopriva,Zhizhen Zhang,6-2 6-0,Round of 128 ,100,0,0,0,0,0,0,0,0,0,0,0,0,0,0,0,0,0,0,0,0,0,0,0
2026-madrid-7,madrid,Hard,Dusan Lajovic,Lorenzo Sonego,6-3 7-6,Round of 128 ,100,0,0,0,0,0,0,0,0,0,0,0,0,0,0,0,0,0,0,0,0,0,0,0
2026-madrid-7,madrid,Hard,Tomas Machac,Francisco Comesana,3-6 7-6 6-3,Round of 128 ,100,0,0,0,0,0,0,0,0,0,0,0,0,0,0,0,0,0,0,0,0,0,0,0
2026-madrid-7,madrid,Hard,Elmer Moller,Federico Cina,6-4 7-6,Round of 128 ,100,0,0,0,0,0,0,0,0,0,0,0,0,0,0,0,0,0,0,0,0,0,0,0
2026-madrid-7,madrid,Hard,Emilio Nava,Jenson Brooksby,6-3 7-5,Round of 128 ,100,0,0,0,0,0,0,0,0,0,0,0,0,0,0,0,0,0,0,0,0,0,0,0
2026-madrid-7,madrid,Hard,Sebastian Ofner,Nikoloz Basilashvili,7-6 7-5,Round of 128 ,100,0,0,0,0,0,0,0,0,0,0,0,0,0,0,0,0,0,0,0,0,0,0,0
2026-madrid-7,madrid,Hard,Dino Prizmic,Matteo Berrettini,6-3 6-4,Round of 128 ,100,0,0,0,0,0,0,0,0,0,0,0,0,0,0,0,0,0,0,0,0,0,0,0
2026-madrid-7,madrid,Hard,Jan-Lennard Struff,Alexandre Muller,7-6 6-3,Round of 128 ,100,0,0,0,0,0,0,0,0,0,0,0,0,0,0,0,0,0,0,0,0,0,0,0
2026-madrid-7,madrid,Hard,Alejandro Tabilo,Valentin Royer,6-2 6-4,Round of 128 ,100,0,0,0,0,0,0,0,0,0,0,0,0,0,0,0,0,0,0,0,0,0,0,0
2026-madrid-7,madrid,Hard,Thiago Agustin Tirante,Roberto Bautista Agut,6-2 6-4,Round of 128 ,100,0,0,0,0,0,0,0,0,0,0,0,0,0,0,0,0,0,0,0,0,0,0,0
2026-madrid-7,madrid,Hard,Daniel Merida,Marco Trungelliti,7-6 6-4,2nd Round Qualifying ,100,0,0,0,0,0,0,0,0,0,0,0,0,0,0,0,0,0,0,0,0,0,0,0
2026-madrid-7,madrid,Hard,Martin Damm,Cristian Garin,2-6 6-4 7-6,2nd Round Qualifying ,100,0,0,0,0,0,0,0,0,0,0,0,0,0,0,0,0,0,0,0,0,0,0,0
2026-madrid-7,madrid,Hard,Dino Prizmic,Zsombor Piros,6-3 6-2,2nd Round Qualifying ,100,0,0,0,0,0,0,0,0,0,0,0,0,0,0,0,0,0,0,0,0,0,0,0
2026-madrid-7,madrid,Hard,Nikoloz Basilashvili,Patrick Kypson,6-7 2-6 7-3 6-4,2nd Round Qualifying ,100,0,0,0,0,0,0,0,0,0,0,0,0,0,0,0,0,0,0,0,0,0,0,0
2026-madrid-7,madrid,Hard,Adolfo Daniel Vallejo,Henrique Rocha,6-1 4-6 6-2,2nd Round Qualifying ,100,0,0,0,0,0,0,0,0,0,0,0,0,0,0,0,0,0,0,0,0,0,0,0
2026-madrid-7,madrid,Hard,Titouan Droguet,Yibing Wu,6-0 7-6,2nd Round Qualifying ,100,0,0,0,0,0,0,0,0,0,0,0,0,0,0,0,0,0,0,0,0,0,0,0
2026-madrid-7,madrid,Hard,Benjamin Bonzi,Diego Dedura,6-2 6-1,2nd Round Qualifying ,100,0,0,0,0,0,0,0,0,0,0,0,0,0,0,0,0,0,0,0,0,0,0,0
2026-madrid-7,madrid,Hard,Vilius Gaubas,Rei Sakamoto,7-6 6-5 5-7 7-6,2nd Round Qualifying ,100,0,0,0,0,0,0,0,0,0,0,0,0,0,0,0,0,0,0,0,0,0,0,0
2026-madrid-7,madrid,Hard,Nicolai Budkov Kjaer,Moez Echargui,6-1 6-0,2nd Round Qualifying ,100,0,0,0,0,0,0,0,0,0,0,0,0,0,0,0,0,0,0,0,0,0,0,0
2026-madrid-7,madrid,Hard,Jaime Faria,Lloyd Harris,4-6 6-3,2nd Round Qualifying ,100,0,0,0,0,0,0,0,0,0,0,0,0,0,0,0,0,0,0,0,0,0,0,0
2026-madrid-7,madrid,Hard,Dusan Lajovic,Chris Rodesch,6-4 6-4,2nd Round Qualifying ,100,0,0,0,0,0,0,0,0,0,0,0,0,0,0,0,0,0,0,0,0,0,0,0
2026-madrid-7,madrid,Hard,Elmer Moller,Pablo Llamas Ruiz,7-6 6-4,2nd Round Qualifying ,100,0,0,0,0,0,0,0,0,0,0,0,0,0,0,0,0,0,0,0,0,0,0,0
2026-madrid-7,madrid,Hard,Marco Trungelliti,Borna Gojo,6-4 6-3,1st Round Qualifying ,100,0,0,0,0,0,0,0,0,0,0,0,0,0,0,0,0,0,0,0,0,0,0,0
2026-madrid-7,madrid,Hard,Cristian Garin,Ugo Blanchet,7-5 6-4,1st Round Qualifying ,100,0,0,0,0,0,0,0,0,0,0,0,0,0,0,0,0,0,0,0,0,0,0,0
2026-madrid-7,madrid,Hard,Rei Sakamoto,Zachary Svajda,7-6 6-9,1st Round Qualifying ,100,0,0,0,0,0,0,0,0,0,0,0,0,0,0,0,0,0,0,0,0,0,0,0
2026-madrid-7,madrid,Hard,Dino Prizmic,Christopher O'Connell,7-6 6-9 5-7 7-6,1st Round Qualifying ,100,0,0,0,0,0,0,0,0,0,0,0,0,0,0,0,0,0,0,0,0,0,0,0
2026-madrid-7,madrid,Hard,Pablo Llamas Ruiz,Aleksandar Vukic,6-4 6-2,1st Round Qualifying ,100,0,0,0,0,0,0,0,0,0,0,0,0,0,0,0,0,0,0,0,0,0,0,0
2026-madrid-7,madrid,Hard,Jaime Faria,Quentin Halys,6-7 9-3 6-4,1st Round Qualifying ,100,0,0,0,0,0,0,0,0,0,0,0,0,0,0,0,0,0,0,0,0,0,0,0
2026-madrid-7,madrid,Hard,Patrick Kypson,Moise Kouame,6-2 6-2,1st Round Qualifying ,100,0,0,0,0,0,0,0,0,0,0,0,0,0,0,0,0,0,0,0,0,0,0,0
2026-madrid-7,madrid,Hard,Adolfo Daniel Vallejo,Pedro Martinez,6-3 6-1,1st Round Qualifying ,100,0,0,0,0,0,0,0,0,0,0,0,0,0,0,0,0,0,0,0,0,0,0,0
2026-madrid-7,madrid,Hard,Moez Echargui,Aleksandar Kovacevic,4-6 6-4 7-6,1st Round Qualifying ,100,0,0,0,0,0,0,0,0,0,0,0,0,0,0,0,0,0,0,0,0,0,0,0
2026-madrid-7,madrid,Hard,Diego Dedura,Luca Van Assche,6-3 6-2,1st Round Qualifying ,100,0,0,0,0,0,0,0,0,0,0,0,0,0,0,0,0,0,0,0,0,0,0,0
2026-madrid-7,madrid,Hard,Yibing Wu,Manas Dhamne,6-1 7-5,1st Round Qualifying ,100,0,0,0,0,0,0,0,0,0,0,0,0,0,0,0,0,0,0,0,0,0,0,0
2026-madrid-7,madrid,Hard,Chris Rodesch,Rinky Hijikata,7-6 6-2,1st Round Qualifying ,100,0,0,0,0,0,0,0,0,0,0,0,0,0,0,0,0,0,0,0,0,0,0,0
2026-madrid-7,madrid,Hard,Daniel Merida,Billy Harris,6-3 7-5,1st Round Qualifying ,100,0,0,0,0,0,0,0,0,0,0,0,0,0,0,0,0,0,0,0,0,0,0,0
2026-madrid-7,madrid,Hard,Dusan Lajovic,Matteo Arnaldi,6-0 3-6 6-4,1st Round Qualifying ,100,0,0,0,0,0,0,0,0,0,0,0,0,0,0,0,0,0,0,0,0,0,0,0
2026-madrid-7,madrid,Hard,Benjamin Bonzi,Darwin Blanch,6-3 7-6,1st Round Qualifying ,100,0,0,0,0,0,0,0,0,0,0,0,0,0,0,0,0,0,0,0,0,0,0,0
2026-madrid-7,madrid,Hard,Nicolai Budkov Kjaer,Francesco Maestrelli,6-4 6-4,1st Round Qualifying ,100,0,0,0,0,0,0,0,0,0,0,0,0,0,0,0,0,0,0,0,0,0,0,0
2026-madrid-7,madrid,Hard,Titouan Droguet,Otto Virtanen,2-6 6-3 6-3,1st Round Qualifying ,100,0,0,0,0,0,0,0,0,0,0,0,0,0,0,0,0,0,0,0,0,0,0,0
2026-madrid-7,madrid,Hard,Elmer Moller,Hugo Gaston,6-3 6-3,1st Round Qualifying ,100,0,0,0,0,0,0,0,0,0,0,0,0,0,0,0,0,0,0,0,0,0,0,0
2026-madrid-7,madrid,Hard,Henrique Rocha,Jan Choinski,7-6 6-5 5-7 7-5,1st Round Qualifying ,100,0,0,0,0,0,0,0,0,0,0,0,0,0,0,0,0,0,0,0,0,0,0,0
2026-madrid-7,madrid,Hard,Nikoloz Basilashvili,Stefano Travaglia,7-6 6-4,1st Round Qualifying ,100,0,0,0,0,0,0,0,0,0,0,0,0,0,0,0,0,0,0,0,0,0,0,0
2026-madrid-7,madrid,Hard,Zsombor Piros,Tomas Barrios Vera,6-3 7-5,1st Round Qualifying ,100,0,0,0,0,0,0,0,0,0,0,0,0,0,0,0,0,0,0,0,0,0,0,0
2026-madrid-7,madrid,Hard,Vilius Gaubas,Arthur Gea,6-2 6-4,1st Round Qualifying ,100,0,0,0,0,0,0,0,0,0,0,0,0,0,0,0,0,0,0,0,0,0,0,0
2026-madrid-7,madrid,Hard,Lloyd Harris,Mackenzie McDonald,6-4 6-2,1st Round Qualifying ,100,0,0,0,0,0,0,0,0,0,0,0,0,0,0,0,0,0,0,0,0,0,0,0
2026-madrid-7,madrid,Hard,Martin Damm,Andrea Pellegrino,6-0 7-6,1st Round Qualifying ,100,0,0,0,0,0,0,0,0,0,0,0,0,0,0,0,0,0,0,0,0,0,0,0
2026-rome-8,rome,Hard,Andrea Pellegrino,Luca Nardi,4-6 6-3 6-3,Round of 128 ,100,0,0,0,0,0,0,0,0,0,0,0,0,0,0,0,0,0,0,0,0,0,0,0
2026-rome-8,rome,Hard,Terence Atmane,Zizou Bergs,6-3 6-4,Round of 128 ,100,0,0,0,0,0,0,0,0,0,0,0,0,0,0,0,0,0,0,0,0,0,0,0
2026-rome-8,rome,Hard,Nikoloz Basilashvili,Daniel Merida,6-4 2-6 6-3,Round of 128 ,100,0,0,0,0,0,0,0,0,0,0,0,0,0,0,0,0,0,0,0,0,0,0,0
2026-rome-8,rome,Hard,Roberto Bautista Agut,Francesco Maestrelli,6-3 7-6,Round of 128 ,100,0,0,0,0,0,0,0,0,0,0,0,0,0,0,0,0,0,0,0,0,0,0,0
2026-rome-8,rome,Hard,Mattia Bellucci,Roman Andres Burruchaga,6-4 6-4,Round of 128 ,100,0,0,0,0,0,0,0,0,0,0,0,0,0,0,0,0,0,0,0,0,0,0,0
2026-rome-8,rome,Hard,Alexander Blockx,Federico Cina,4-6 6-1 6-3,Round of 128 ,100,0,0,0,0,0,0,0,0,0,0,0,0,0,0,0,0,0,0,0,0,0,0,0
2026-rome-8,rome,Hard,Ignacio Buse,Lorenzo Sonego,6-3 6-3,Round of 128 ,100,0,0,0,0,0,0,0,0,0,0,0,0,0,0,0,0,0,0,0,0,0,0,0
2026-rome-8,rome,Hard,Marin Cilic,Marcos Giron,7-5 6-4,Round of 128 ,100,0,0,0,0,0,0,0,0,0,0,0,0,0,0,0,0,0,0,0,0,0,0,0
2026-rome-8,rome,Hard,Cristian Garin,Juan Manuel Cerundolo,7-6 7-2,Round of 128 ,100,0,0,0,0,0,0,0,0,0,0,0,0,0,0,0,0,0,0,0,0,0,0,0
2026-rome-8,rome,Hard,Miomir Kecmanovic,Dalibor Svrcina,6-2 6-3,Round of 128 ,100,0,0,0,0,0,0,0,0,0,0,0,0,0,0,0,0,0,0,0,0,0,0,0
2026-rome-8,rome,Hard,Pablo Llamas Ruiz,Ethan Quinn,6-3 5-7 6-3,Round of 128 ,100,0,0,0,0,0,0,0,0,0,0,0,0,0,0,0,0,0,0,0,0,0,0,0
2026-rome-8,rome,Hard,Tomas Machac,Stefanos Tsitsipas,6-4 7-6,Round of 128 ,100,0,0,0,0,0,0,0,0,0,0,0,0,0,0,0,0,0,0,0,0,0,0,0
2026-rome-8,rome,Hard,Hamad Medjedovic,Valentin Royer,6-4 6-3,Round of 128 ,100,0,0,0,0,0,0,0,0,0,0,0,0,0,0,0,0,0,0,0,0,0,0,0
2026-rome-8,rome,Hard,Mariano Navone,Denis Shapovalov,6-4 6-2,Round of 128 ,100,0,0,0,0,0,0,0,0,0,0,0,0,0,0,0,0,0,0,0,0,0,0,0
2026-rome-8,rome,Hard,Sebastian Ofner,Alex Michelsen,6-3 6-3,Round of 128 ,100,0,0,0,0,0,0,0,0,0,0,0,0,0,0,0,0,0,0,0,0,0,0,0
2026-rome-8,rome,Hard,Alexei Popyrin,Matteo Berrettini,6-2 6-3,Round of 128 ,100,0,0,0,0,0,0,0,0,0,0,0,0,0,0,0,0,0,0,0,0,0,0,0
2026-rome-8,rome,Hard,Thiago Agustin Tirante,Gianluca Cadenasso,6-7 5-4 6-0,Round of 128 ,100,0,0,0,0,0,0,0,0,0,0,0,0,0,0,0,0,0,0,0,0,0,0,0
2026-rome-8,rome,Hard,Daniel Altmaier,Zhizhen Zhang,4-6 7-6 6-3,Round of 128 ,100,0,0,0,0,0,0,0,0,0,0,0,0,0,0,0,0,0,0,0,0,0,0,0
2026-rome-8,rome,Hard,Matteo Arnaldi,Jaume Munar,6-3 3-6 6-3,Round of 128 ,100,0,0,0,0,0,0,0,0,0,0,0,0,0,0,0,0,0,0,0,0,0,0,0
2026-rome-8,rome,Hard,Sebastian Baez,Jenson Brooksby,6-3 7-6,Round of 128 ,100,0,0,0,0,0,0,0,0,0,0,0,0,0,0,0,0,0,0,0,0,0,0,0
2026-rome-8,rome,Hard,Nuno Borges,Jesper de Jong,6-3 6-0,Round of 128 ,100,0,0,0,0,0,0,0,0,0,0,0,0,0,0,0,0,0,0,0,0,0,0,0
2026-rome-8,rome,Hard,Damir Dzumhur,Adrian Mannarino,6-4 6-0,Round of 128 ,100,0,0,0,0,0,0,0,0,0,0,0,0,0,0,0,0,0,0,0,0,0,0,0
2026-rome-8,rome,Hard,Yannick Hanfmann,Hubert Hurkacz,6-7 3-6 7-2 6-2,Round of 128 ,100,0,0,0,0,0,0,0,0,0,0,0,0,0,0,0,0,0,0,0,0,0,0,0
2026-rome-8,rome,Hard,Vit Kopriva,Fabian Marozsan,6-3 6-3,Round of 128 ,100,0,0,0,0,0,0,0,0,0,0,0,0,0,0,0,0,0,0,0,0,0,0,0
2026-rome-8,rome,Hard,Giovanni Mpetshi Perricard,Jacob Fearnley,7-6 4-6 6-6,Round of 128 ,100,0,0,0,0,0,0,0,0,0,0,0,0,0,0,0,0,0,0,0,0,0,0,0
2026-rome-8,rome,Hard,Dino Prizmic,Marton Fucsovics,6-4 6-3,Round of 128 ,100,0,0,0,0,0,0,0,0,0,0,0,0,0,0,0,0,0,0,0,0,0,0,0
2026-rome-8,rome,Hard,Aleksandr Shevchenko,Camilo Ugo Carabelli,6-3 4-6 7-6,Round of 128 ,100,0,0,0,0,0,0,0,0,0,0,0,0,0,0,0,0,0,0,0,0,0,0,0
2026-rome-8,rome,Hard,Jan-Lennard Struff,Francisco Comesana,6-2 6-4,Round of 128 ,100,0,0,0,0,0,0,0,0,0,0,0,0,0,0,0,0,0,0,0,0,0,0,0
2026-rome-8,rome,Hard,Zachary Svajda,Marco Trungelliti,0-6 6-4 7-6,Round of 128 ,100,0,0,0,0,0,0,0,0,0,0,0,0,0,0,0,0,0,0,0,0,0,0,0
2026-rome-8,rome,Hard,Alejandro Tabilo,Pablo Carreno Busta,6-2 6-1,Round of 128 ,100,0,0,0,0,0,0,0,0,0,0,0,0,0,0,0,0,0,0,0,0,0,0,0
2026-rome-8,rome,Hard,Botic van de Zandschulp,Alexandre Muller,7-5 6-3,Round of 128 ,100,0,0,0,0,0,0,0,0,0,0,0,0,0,0,0,0,0,0,0,0,0,0,0
2026-rome-8,rome,Hard,Aleksandar Vukic,Patrick Kypson,6-3 5-7 6-0,Round of 128 ,100,0,0,0,0,0,0,0,0,0,0,0,0,0,0,0,0,0,0,0,0,0,0,0
2026-rome-8,rome,Hard,Cristian Garin,Jan Choinski,6-2 3-6 6-2,2nd Round Qualifying ,100,0,0,0,0,0,0,0,0,0,0,0,0,0,0,0,0,0,0,0,0,0,0,0
2026-rome-8,rome,Hard,Dino Prizmic,Federico Bondioli,6-2 6-4,2nd Round Qualifying ,100,0,0,0,0,0,0,0,0,0,0,0,0,0,0,0,0,0,0,0,0,0,0,0
2026-rome-8,rome,Hard,Patrick Kypson,Titouan Droguet,7-6 6-6 5-7 7-6,2nd Round Qualifying ,100,0,0,0,0,0,0,0,0,0,0,0,0,0,0,0,0,0,0,0,0,0,0,0
2026-rome-8,rome,Hard,Pablo Carreno Busta,Stan Wawrinka,,2nd Round Qualifying ,100,0,0,0,0,0,0,0,0,0,0,0,0,0,0,0,0,0,0,0,0,0,0,0
2026-rome-8,rome,Hard,Jacob Fearnley,Aleksandar Kovacevic,2-6 6-2 6-3,2nd Round Qualifying ,100,0,0,0,0,0,0,0,0,0,0,0,0,0,0,0,0,0,0,0,0,0,0,0
2026-rome-8,rome,Hard,Andrea Pellegrino,Martin Landaluce,6-3 2-6 6-2,2nd Round Qualifying ,100,0,0,0,0,0,0,0,0,0,0,0,0,0,0,0,0,0,0,0,0,0,0,0
2026-rome-8,rome,Hard,Nikoloz Basilashvili,Rinky Hijikata,6-3 6-2,2nd Round Qualifying ,100,0,0,0,0,0,0,0,0,0,0,0,0,0,0,0,0,0,0,0,0,0,0,0
2026-rome-8,rome,Hard,Daniel Merida,Tomas Barrios Vera,6-3 3-6 7-6,2nd Round Qualifying ,100,0,0,0,0,0,0,0,0,0,0,0,0,0,0,0,0,0,0,0,0,0,0,0
2026-rome-8,rome,Hard,Francisco Comesana,Leandro Riedi,6-4 2-6 6-4,2nd Round Qualifying ,100,0,0,0,0,0,0,0,0,0,0,0,0,0,0,0,0,0,0,0,0,0,0,0
2026-rome-8,rome,Hard,Jesper de Jong,Hugo Dellien,4-6 6-2 7-6,2nd Round Qualifying ,100,0,0,0,0,0,0,0,0,0,0,0,0,0,0,0,0,0,0,0,0,0,0,0
2026-rome-8,rome,Hard,Pablo Llamas Ruiz,Jaime Faria,3-6 6-2 6-3,2nd Round Qualifying ,100,0,0,0,0,0,0,0,0,0,0,0,0,0,0,0,0,0,0,0,0,0,0,0
2026-rome-8,rome,Hard,Dalibor Svrcina,Nicolai Budkov Kjaer,6-4 6-2,2nd Round Qualifying ,100,0,0,0,0,0,0,0,0,0,0,0,0,0,0,0,0,0,0,0,0,0,0,0
2026-rome-8,rome,Hard,Cristian Garin,Moez Echargui,6-0 6-2,1st Round Qualifying ,100,0,0,0,0,0,0,0,0,0,0,0,0,0,0,0,0,0,0,0,0,0,0,0
2026-rome-8,rome,Hard,Dino Prizmic,Chris Rodesch,6-4 6-3,1st Round Qualifying ,100,0,0,0,0,0,0,0,0,0,0,0,0,0,0,0,0,0,0,0,0,0,0,0
2026-rome-8,rome,Hard,Patrick Kypson,Jack Pinnington Jones,6-7 7-6 7-4 6-3,1st Round Qualifying ,100,0,0,0,0,0,0,0,0,0,0,0,0,0,0,0,0,0,0,0,0,0,0,0
2026-rome-8,rome,Hard,Pablo Carreno Busta,Martin Damm,6-3 6-3,1st Round Qualifying ,100,0,0,0,0,0,0,0,0,0,0,0,0,0,0,0,0,0,0,0,0,0,0,0
2026-rome-8,rome,Hard,Jaime Faria,Adolfo Daniel Vallejo,6-3 4-6 6-4,1st Round Qualifying ,100,0,0,0,0,0,0,0,0,0,0,0,0,0,0,0,0,0,0,0,0,0,0,0
2026-rome-8,rome,Hard,Aleksandar Kovacevic,Lorenzo Carboni,6-4 7-6,1st Round Qualifying ,100,0,0,0,0,0,0,0,0,0,0,0,0,0,0,0,0,0,0,0,0,0,0,0
2026-rome-8,rome,Hard,Hugo Dellien,Luca Van Assche,6-2 7-5,1st Round Qualifying ,100,0,0,0,0,0,0,0,0,0,0,0,0,0,0,0,0,0,0,0,0,0,0,0
2026-rome-8,rome,Hard,Martin Landaluce,Christopher O'Connell,6-2 6-3,1st Round Qualifying ,100,0,0,0,0,0,0,0,0,0,0,0,0,0,0,0,0,0,0,0,0,0,0,0
2026-rome-8,rome,Hard,Rinky Hijikata,Pierluigi Basile,5-7 7-6 7-4,1st Round Qualifying ,100,0,0,0,0,0,0,0,0,0,0,0,0,0,0,0,0,0,0,0,0,0,0,0
2026-rome-8,rome,Hard,Daniel Merida,Mackenzie McDonald,7-5 6-4,1st Round Qualifying ,100,0,0,0,0,0,0,0,0,0,0,0,0,0,0,0,0,0,0,0,0,0,0,0
2026-rome-8,rome,Hard,Dalibor Svrcina,Benjamin Bonzi,6-4 6-3,1st Round Qualifying ,100,0,0,0,0,0,0,0,0,0,0,0,0,0,0,0,0,0,0,0,0,0,0,0
2026-rome-8,rome,Hard,Francisco Comesana,Billy Harris,6-3 6-4,1st Round Qualifying ,100,0,0,0,0,0,0,0,0,0,0,0,0,0,0,0,0,0,0,0,0,0,0,0
2026-rome-8,rome,Hard,Stan Wawrinka,Stefano Travaglia,4-6 7-6 6-5,1st Round Qualifying ,100,0,0,0,0,0,0,0,0,0,0,0,0,0,0,0,0,0,0,0,0,0,0,0
2026-rome-8,rome,Hard,Jesper de Jong,Pedro Martinez,7-6 7-5,1st Round Qualifying ,100,0,0,0,0,0,0,0,0,0,0,0,0,0,0,0,0,0,0,0,0,0,0,0
2026-rome-8,rome,Hard,Jacob Fearnley,Shintaro Mochizuki,6-3 6-1,1st Round Qualifying ,100,0,0,0,0,0,0,0,0,0,0,0,0,0,0,0,0,0,0,0,0,0,0,0
2026-rome-8,rome,Hard,Titouan Droguet,Juan Cruz Martin Manzano,5-7 6-1 7-5,1st Round Qualifying ,100,0,0,0,0,0,0,0,0,0,0,0,0,0,0,0,0,0,0,0,0,0,0,0
2026-rome-8,rome,Hard,Andrea Pellegrino,Hugo Gaston,6-1 6-3,1st Round Qualifying ,100,0,0,0,0,0,0,0,0,0,0,0,0,0,0,0,0,0,0,0,0,0,0,0
2026-rome-8,rome,Hard,Federico Bondioli,Emilio Nava,4-6 7-6 7-6,1st Round Qualifying ,100,0,0,0,0,0,0,0,0,0,0,0,0,0,0,0,0,0,0,0,0,0,0,0
2026-rome-8,rome,Hard,Pablo Llamas Ruiz,Henrique Rocha,4-6 6-3 6-1,1st Round Qualifying ,100,0,0,0,0,0,0,0,0,0,0,0,0,0,0,0,0,0,0,0,0,0,0,0
2026-rome-8,rome,Hard,Jan Choinski,Dusan Lajovic,7-5 6-4,1st Round Qualifying ,100,0,0,0,0,0,0,0,0,0,0,0,0,0,0,0,0,0,0,0,0,0,0,0
2026-rome-8,rome,Hard,Nikoloz Basilashvili,Elmer Moller,4-6 6-2 7-6,1st Round Qualifying ,100,0,0,0,0,0,0,0,0,0,0,0,0,0,0,0,0,0,0,0,0,0,0,0
2026-rome-8,rome,Hard,Nicolai Budkov Kjaer,Otto Virtanen,6-7 5-6 7-3 6-3,1st Round Qualifying ,100,0,0,0,0,0,0,0,0,0,0,0,0,0,0,0,0,0,0,0,0,0,0,0
2026-rome-8,rome,Hard,Tomas Barrios Vera,Jacopo Vasami,6-3 6-4,1st Round Qualifying ,100,0,0,0,0,0,0,0,0,0,0,0,0,0,0,0,0,0,0,0,0,0,0,0
2026-rome-8,rome,Hard,Leandro Riedi,Vilius Gaubas,6-4 6-2,1st Round Qualifying ,100,0,0,0,0,0,0,0,0,0,0,0,0,0,0,0,0,0,0,0,0,0,0,0
